{
"type": "FeatureCollection",
"name": "colssng4326",
"crs": { "type": "name", "properties": { "name": "urn:ogc:def:crs:OGC:1.3:CRS84" } },
"features": [
{ "type": "Feature", "properties": { "CVEGEO": "1902600010667", "CVE_ENT": "19", "CVE_MUN": "026", "CVE_LOC": "0001", "CVE_ASEN": "0667", "CP": "67129", "FECHA_ACT": "11\/2022", "INSTITUCIO": "SECRETARÍA DE COMPETIVIDAD TERRITORIAL Y ECONOMÍA DEL MUNICIPIO DE GUADALUPE", "NOM_ASEN": "NINGUNO", "TIPO": "NINGUNO", "Shape_Leng": 1152.0995842, "Shape_Area": 74980.677003899997 }, "geometry": { "type": "MultiPolygon", "coordinates": [ [ [ [ -100.232226526254038, 25.710895504518597 ], [ -100.23253024829279, 25.710849252418786 ], [ -100.232566610583021, 25.711031328769764 ], [ -100.232657049204974, 25.711286984603007 ], [ -100.232777363055746, 25.711627260240078 ], [ -100.232770289178148, 25.712468815046872 ], [ -100.232700992874754, 25.712562669711158 ], [ -100.23264058978971, 25.712707281044693 ], [ -100.232509475627268, 25.71290531038645 ], [ -100.232289479707887, 25.71313451753889 ], [ -100.231978518007949, 25.713221477258244 ], [ -100.231709614314553, 25.713182758794684 ], [ -100.231494849024585, 25.713155409262129 ], [ -100.231124898272867, 25.713146887809494 ], [ -100.230358286251445, 25.712975311172904 ], [ -100.22965358358806, 25.712736934906285 ], [ -100.22947058935334, 25.712590946890906 ], [ -100.22944482576203, 25.712566695101259 ], [ -100.229213049136575, 25.712348344589127 ], [ -100.229079289059825, 25.712066417356809 ], [ -100.228988150573855, 25.711994051045128 ], [ -100.228810189725735, 25.711852804172075 ], [ -100.228776424556159, 25.71182591217076 ], [ -100.228471158592015, 25.711758962745815 ], [ -100.228446220873579, 25.711511310090991 ], [ -100.228446187482504, 25.711510968674993 ], [ -100.228669462870513, 25.711489924321565 ], [ -100.228892887587563, 25.711483772901765 ], [ -100.229104955522018, 25.711451830688425 ], [ -100.230784298832248, 25.71115345117407 ], [ -100.23126870544408, 25.711067394044509 ], [ -100.232226526254038, 25.710895504518597 ] ] ] ] } },
{ "type": "Feature", "properties": { "CVEGEO": "1904600010001", "CVE_ENT": "19", "CVE_MUN": "046", "CVE_LOC": "0001", "CVE_ASEN": "0001", "CP": "66470", "FECHA_ACT": "11\/2022", "INSTITUCIO": "SECRETARÍA OBRAS PÚBLICAS Y DESARROLLO URBANO DEL MUNICIPIO DE SAN NICOLÁS DE LOS GARZA", "NOM_ASEN": "ANDALUCÍA PRIMER SECTOR", "TIPO": "COLONIA", "Shape_Leng": 1170.1335932100001, "Shape_Area": 60453.208595199998 }, "geometry": { "type": "MultiPolygon", "coordinates": [ [ [ [ -100.243766561862302, 25.722754692166884 ], [ -100.243284919976077, 25.722912140261279 ], [ -100.242593299048067, 25.72315070185866 ], [ -100.242382760311273, 25.723213156608939 ], [ -100.242362469998326, 25.723163107043998 ], [ -100.241888776346968, 25.721994625430732 ], [ -100.241868978700836, 25.721945785741433 ], [ -100.241850420031199, 25.721903504854904 ], [ -100.241583521480081, 25.721294651911062 ], [ -100.241499613864363, 25.721116446621004 ], [ -100.241479423364723, 25.721073570670555 ], [ -100.241461050136692, 25.721030923515936 ], [ -100.240824150101176, 25.719499343696437 ], [ -100.24073890125041, 25.719294128970148 ], [ -100.240977027479133, 25.71929270421462 ], [ -100.241540879540068, 25.719284716951776 ], [ -100.242010557780986, 25.719212736544826 ], [ -100.24206701724566, 25.719199772676355 ], [ -100.242347459744863, 25.719780459946946 ], [ -100.242541550365658, 25.720193510237564 ], [ -100.242747939545367, 25.720616149608322 ], [ -100.242960250099557, 25.721073630300719 ], [ -100.243166889824735, 25.72148883039225 ], [ -100.24337381971695, 25.72192894999386 ], [ -100.243577125528489, 25.722361497067077 ], [ -100.243766561862302, 25.722754692166884 ] ] ] ] } },
{ "type": "Feature", "properties": { "CVEGEO": "1904600010002", "CVE_ENT": "19", "CVE_MUN": "046", "CVE_LOC": "0001", "CVE_ASEN": "0002", "CP": "66490", "FECHA_ACT": "11\/2022", "INSTITUCIO": "SECRETARÍA OBRAS PÚBLICAS Y DESARROLLO URBANO DEL MUNICIPIO DE SAN NICOLÁS DE LOS GARZA", "NOM_ASEN": "ANTIGUO CORRAL DE PIEDRA PRIMER SECTOR", "TIPO": "COLONIA", "Shape_Leng": 964.91791860299998, "Shape_Area": 48375.846460499997 }, "geometry": { "type": "MultiPolygon", "coordinates": [ [ [ [ -100.259607243288897, 25.710509929355894 ], [ -100.259482429444276, 25.710425823654102 ], [ -100.259367100088951, 25.710284111698357 ], [ -100.259195441741326, 25.710072993175377 ], [ -100.259068326037692, 25.709916990850736 ], [ -100.258875108684606, 25.709676136498228 ], [ -100.258817899303097, 25.709603852168165 ], [ -100.260377387225191, 25.708555264420408 ], [ -100.260500385037147, 25.708012016846453 ], [ -100.261214479761051, 25.708039820320963 ], [ -100.261836470057972, 25.708064394321713 ], [ -100.261894397376366, 25.708069465722051 ], [ -100.26219197834277, 25.70839087624001 ], [ -100.262475048251986, 25.708691709651731 ], [ -100.261186605559288, 25.709559638680606 ], [ -100.259763095908042, 25.710511439539918 ], [ -100.259607243288897, 25.710509929355894 ] ] ] ] } },
{ "type": "Feature", "properties": { "CVEGEO": "1904600010003", "CVE_ENT": "19", "CVE_MUN": "046", "CVE_LOC": "0001", "CVE_ASEN": "0003", "CP": "66490", "FECHA_ACT": "11\/2022", "INSTITUCIO": "SECRETARÍA OBRAS PÚBLICAS Y DESARROLLO URBANO DEL MUNICIPIO DE SAN NICOLÁS DE LOS GARZA", "NOM_ASEN": "ANTIGUO CORRAL DE PIEDRA SEGUNDO SECTOR", "TIPO": "COLONIA", "Shape_Leng": 1196.47276242, "Shape_Area": 53245.067512599999 }, "geometry": { "type": "MultiPolygon", "coordinates": [ [ [ [ -100.257063398670866, 25.707455860081385 ], [ -100.257221108580964, 25.707460449946659 ], [ -100.257772131554077, 25.707479698112369 ], [ -100.258729073548949, 25.707513031648109 ], [ -100.259476875409177, 25.707539110375063 ], [ -100.259909768586127, 25.707551400514713 ], [ -100.260316509109842, 25.70756598074145 ], [ -100.261472710787913, 25.707602256520495 ], [ -100.261894397376366, 25.708069465722051 ], [ -100.261836470057972, 25.708064394321713 ], [ -100.261214479761051, 25.708039820320963 ], [ -100.260500385037147, 25.708012016846453 ], [ -100.260377387225191, 25.708555264420408 ], [ -100.258817899303097, 25.709603852168165 ], [ -100.258546895909816, 25.709271226833714 ], [ -100.258524492256669, 25.709244241224731 ], [ -100.258240331238596, 25.708896629729665 ], [ -100.25822058689198, 25.708871287836033 ], [ -100.257901629580871, 25.708476357708182 ], [ -100.257581129337197, 25.708081652892243 ], [ -100.257127451453755, 25.707521936644596 ], [ -100.257063398670866, 25.707455860081385 ] ] ] ] } },
{ "type": "Feature", "properties": { "CVEGEO": "1904600010004", "CVE_ENT": "19", "CVE_MUN": "046", "CVE_LOC": "0001", "CVE_ASEN": "0004", "CP": "66484", "FECHA_ACT": "11\/2022", "INSTITUCIO": "SECRETARÍA OBRAS PÚBLICAS Y DESARROLLO URBANO DEL MUNICIPIO DE SAN NICOLÁS DE LOS GARZA", "NOM_ASEN": "ANTIGUO NOGALAR", "TIPO": "COLONIA", "Shape_Leng": 848.035366512, "Shape_Area": 42569.087628499998 }, "geometry": { "type": "MultiPolygon", "coordinates": [ [ [ [ -100.284171858484399, 25.720016811496933 ], [ -100.281556905858878, 25.719276094121913 ], [ -100.28163270299946, 25.71914329316121 ], [ -100.282031657490549, 25.718501871391677 ], [ -100.282393422333556, 25.717879277277763 ], [ -100.284638989586838, 25.718627130917984 ], [ -100.284563508192036, 25.718851687059896 ], [ -100.284548619557143, 25.718888969244119 ], [ -100.284539493442111, 25.718923128420204 ], [ -100.284330896730353, 25.719543689778771 ], [ -100.284322239947585, 25.719570507171024 ], [ -100.284313677042334, 25.719594916541556 ], [ -100.284171858484399, 25.720016811496933 ] ] ] ] } },
{ "type": "Feature", "properties": { "CVEGEO": "1904600010005", "CVE_ENT": "19", "CVE_MUN": "046", "CVE_LOC": "0001", "CVE_ASEN": "0005", "CP": "66450", "FECHA_ACT": "11\/2022", "INSTITUCIO": "SECRETARÍA OBRAS PÚBLICAS Y DESARROLLO URBANO DEL MUNICIPIO DE SAN NICOLÁS DE LOS GARZA", "NOM_ASEN": "ANÁHUAC", "TIPO": "COLONIA", "Shape_Leng": 8689.9056929500002, "Shape_Area": 1665095.50618 }, "geometry": { "type": "MultiPolygon", "coordinates": [ [ [ [ -100.300328168612012, 25.746273174701706 ], [ -100.300419220484301, 25.746014580392799 ], [ -100.300722091190707, 25.745159537588489 ], [ -100.300850663408738, 25.744811478303046 ], [ -100.30121426, 25.743813819554454 ], [ -100.301354435922164, 25.743407455141536 ], [ -100.301706401780848, 25.742422358368167 ], [ -100.301945317045792, 25.741762807241621 ], [ -100.301989690506275, 25.741620231058157 ], [ -100.302287263396039, 25.740783388994135 ], [ -100.302559223563506, 25.740040200314514 ], [ -100.302574360667009, 25.739989211349823 ], [ -100.302621120138099, 25.739842658687387 ], [ -100.302434245307438, 25.739864186606397 ], [ -100.302194638826435, 25.739892608091527 ], [ -100.301366586741864, 25.739916402999533 ], [ -100.299837466423568, 25.739755680882457 ], [ -100.299062713584803, 25.739573413796638 ], [ -100.298377627490908, 25.739395857847047 ], [ -100.297024898050367, 25.739000695340081 ], [ -100.296923171304186, 25.738693319247055 ], [ -100.297079163187675, 25.738347331989353 ], [ -100.297179129621583, 25.738167189726315 ], [ -100.297296214025792, 25.738010122393234 ], [ -100.297465339837487, 25.737824949604494 ], [ -100.29763271667079, 25.737665451394626 ], [ -100.29779205256493, 25.73753110482248 ], [ -100.29792662849097, 25.737414534036226 ], [ -100.298165559233595, 25.737206742738614 ], [ -100.298246595512111, 25.737120543168494 ], [ -100.298533703721688, 25.736797731296598 ], [ -100.298990190469155, 25.736290205892782 ], [ -100.299094300629207, 25.736289920249249 ], [ -100.299594431842763, 25.735710392116008 ], [ -100.299973739101787, 25.735389683054436 ], [ -100.300709548826703, 25.734963006481188 ], [ -100.301385970500036, 25.734586753690991 ], [ -100.301761314031282, 25.734391082716716 ], [ -100.302173919835823, 25.734199884664807 ], [ -100.302620161422141, 25.734075794446508 ], [ -100.302700425797667, 25.734077413121465 ], [ -100.302930554844338, 25.734082060275252 ], [ -100.303340566970661, 25.73414089638197 ], [ -100.303996533477815, 25.734327342357766 ], [ -100.304506194944651, 25.734592592319622 ], [ -100.30458295650422, 25.734662284057332 ], [ -100.304534083831456, 25.734783775560174 ], [ -100.304972512158287, 25.735648404099923 ], [ -100.305136733845856, 25.73585534446114 ], [ -100.305215552799467, 25.735906583070065 ], [ -100.305441023994717, 25.735988190372488 ], [ -100.305957505170099, 25.736187963576654 ], [ -100.306076063608387, 25.736150117432611 ], [ -100.306316677755788, 25.736073613330269 ], [ -100.306203435298926, 25.735906617123529 ], [ -100.306102943356592, 25.735790352613911 ], [ -100.305996806818627, 25.735731360266428 ], [ -100.305886291437915, 25.735672583117658 ], [ -100.305767501536465, 25.735638913922664 ], [ -100.305632768684589, 25.735608674840183 ], [ -100.30550516678646, 25.735587040514599 ], [ -100.304943495119147, 25.734677768326282 ], [ -100.304737863084682, 25.734598773455314 ], [ -100.304616617719049, 25.734543645445282 ], [ -100.30455342998377, 25.734490151237125 ], [ -100.304676582663149, 25.73409921194914 ], [ -100.30472771307268, 25.733936901155101 ], [ -100.304964192838284, 25.733627520992933 ], [ -100.30515550672537, 25.733158832981125 ], [ -100.305294542802173, 25.732939472484997 ], [ -100.305441239371774, 25.73272207676353 ], [ -100.305808152513549, 25.732393977201475 ], [ -100.306484593374762, 25.732047713393506 ], [ -100.306759165412487, 25.731933481002883 ], [ -100.307335238682597, 25.731668302230403 ], [ -100.307452124182916, 25.731560605716879 ], [ -100.3075694387244, 25.731447018150604 ], [ -100.307686291638419, 25.731309048833914 ], [ -100.308698248316517, 25.730922739526395 ], [ -100.308957158497734, 25.730826055261836 ], [ -100.309057193935047, 25.730790282818379 ], [ -100.309327799296597, 25.73068361333954 ], [ -100.309598228763775, 25.73057934508557 ], [ -100.30983222813083, 25.730556046054872 ], [ -100.310085939132819, 25.730561466124229 ], [ -100.311063662045797, 25.730708584556663 ], [ -100.311468534311999, 25.730727795882839 ], [ -100.311709701150676, 25.730717147079876 ], [ -100.312076954009513, 25.730669332406102 ], [ -100.312575091259262, 25.730490129603741 ], [ -100.313268389649437, 25.730140863483463 ], [ -100.314101328341167, 25.729702342344897 ], [ -100.314535979824328, 25.729700588183345 ], [ -100.314990147281009, 25.729514522496491 ], [ -100.315598536103607, 25.729321951323126 ], [ -100.315673389097199, 25.729304665520299 ], [ -100.315795209249515, 25.729294816088121 ], [ -100.315879647830783, 25.729293388693655 ], [ -100.315978351054639, 25.729302360350594 ], [ -100.316026102325296, 25.72930098981811 ], [ -100.31618938725866, 25.729376519654444 ], [ -100.316287002429462, 25.729452677939452 ], [ -100.316357032456438, 25.729532771298459 ], [ -100.316442288762659, 25.729680270255049 ], [ -100.316464676888742, 25.729801898571345 ], [ -100.316472557388295, 25.729976838885701 ], [ -100.316505678461368, 25.730303584870949 ], [ -100.316443908261945, 25.730481618444909 ], [ -100.316285840614171, 25.730942110217448 ], [ -100.316246454894326, 25.731052815116584 ], [ -100.316245845886812, 25.73105452832473 ], [ -100.316207067069669, 25.731163522695429 ], [ -100.316126399586281, 25.731394056672741 ], [ -100.316071428957855, 25.731556385802755 ], [ -100.316049814162, 25.731621365133446 ], [ -100.316041999280898, 25.731644861458435 ], [ -100.316041659629292, 25.731645880042059 ], [ -100.315984089294815, 25.731818940367869 ], [ -100.315826924792205, 25.732269841985097 ], [ -100.315625329400802, 25.73287114645208 ], [ -100.315523629072132, 25.733175712588856 ], [ -100.315514036578662, 25.733203607970779 ], [ -100.315131219541797, 25.734395478552234 ], [ -100.315095944077385, 25.734502356429282 ], [ -100.315085506153878, 25.734533344715242 ], [ -100.314848912622423, 25.735237644139893 ], [ -100.314656293117736, 25.735822242045522 ], [ -100.314560056067748, 25.736123242467915 ], [ -100.314447565694266, 25.736462367031457 ], [ -100.314258893324123, 25.73703329205642 ], [ -100.31424353655774, 25.737081988780488 ], [ -100.314042803004781, 25.73763796990421 ], [ -100.313833932450436, 25.738219232726177 ], [ -100.313708637558705, 25.738566732991394 ], [ -100.313606676993302, 25.738853318874412 ], [ -100.313401994245737, 25.739438303993538 ], [ -100.313190291977705, 25.740032512381095 ], [ -100.312974031474027, 25.740661859622644 ], [ -100.313739499835364, 25.740913566112997 ], [ -100.313754032641867, 25.74091897603072 ], [ -100.314004462745672, 25.741126874904616 ], [ -100.314330004174934, 25.741610094373957 ], [ -100.314363600373156, 25.741657350213167 ], [ -100.314450450355935, 25.741783419716064 ], [ -100.314589710082274, 25.741936449735661 ], [ -100.314722550400262, 25.74200491982818 ], [ -100.315128962275509, 25.742021058364699 ], [ -100.315065314332344, 25.742506617563755 ], [ -100.31497170969314, 25.743178569643238 ], [ -100.314881094677716, 25.743826729934995 ], [ -100.314773584225264, 25.743813080121285 ], [ -100.314733551946134, 25.743840380985652 ], [ -100.314685337509715, 25.744101554698659 ], [ -100.314660156084997, 25.744289298121107 ], [ -100.314264049535225, 25.744234250084848 ], [ -100.313895170186441, 25.744268770323426 ], [ -100.313691498406627, 25.744351543603003 ], [ -100.313604273854679, 25.744379664009116 ], [ -100.313114691927964, 25.744596148419827 ], [ -100.312951351564962, 25.744653388495415 ], [ -100.312639991609259, 25.744776450138282 ], [ -100.312507322083903, 25.744792361836069 ], [ -100.312367338670512, 25.744754867688844 ], [ -100.311603646303638, 25.74450752082678 ], [ -100.31173901903388, 25.74415341943973 ], [ -100.31206257547646, 25.743300797188919 ], [ -100.312429353846881, 25.742255216915819 ], [ -100.311946583855715, 25.742472006439296 ], [ -100.311864483472149, 25.742505840216882 ], [ -100.310803564496851, 25.740160691451258 ], [ -100.305786759403404, 25.739447576886921 ], [ -100.305480779892363, 25.739417018330002 ], [ -100.305257096715664, 25.739629416828183 ], [ -100.304988969781164, 25.740004913230592 ], [ -100.304974334071417, 25.740046714421894 ], [ -100.304826025273243, 25.740502200696476 ], [ -100.304649464000974, 25.740963878311511 ], [ -100.304479071461913, 25.741410130065404 ], [ -100.304291942047072, 25.741871067979865 ], [ -100.304122752563828, 25.74231013035816 ], [ -100.304110831690082, 25.742367161779924 ], [ -100.303956459067692, 25.742324087549221 ], [ -100.303382664560459, 25.744198843590997 ], [ -100.303088354612342, 25.746038710286999 ], [ -100.303059448690064, 25.746243151368553 ], [ -100.302757697390177, 25.746310280432802 ], [ -100.302580830400004, 25.746320140241416 ], [ -100.302536384448558, 25.746317536903852 ], [ -100.300328168612012, 25.746273174701706 ] ] ] ] } },
{ "type": "Feature", "properties": { "CVEGEO": "1904600010006", "CVE_ENT": "19", "CVE_MUN": "046", "CVE_LOC": "0001", "CVE_ASEN": "0006", "CP": "66417", "FECHA_ACT": "11\/2022", "INSTITUCIO": "SECRETARÍA OBRAS PÚBLICAS Y DESARROLLO URBANO DEL MUNICIPIO DE SAN NICOLÁS DE LOS GARZA", "NOM_ASEN": "ANÁHUAC SENDERO", "TIPO": "COLONIA", "Shape_Leng": 1396.9025241100001, "Shape_Area": 83231.057143099999 }, "geometry": { "type": "MultiPolygon", "coordinates": [ [ [ [ -100.275145899540917, 25.767772815136482 ], [ -100.27536516287303, 25.766675186575611 ], [ -100.27536454524477, 25.766674026167184 ], [ -100.275372309053424, 25.76664362699313 ], [ -100.275380602932188, 25.766607555873136 ], [ -100.275403978652989, 25.76644288270084 ], [ -100.275135280297192, 25.766390821691584 ], [ -100.275099588704123, 25.766383964374477 ], [ -100.275310570934664, 25.765500797088166 ], [ -100.275405059713719, 25.765106829724516 ], [ -100.275411126276055, 25.765081361444732 ], [ -100.275445755801272, 25.765088972632991 ], [ -100.277063576762444, 25.765459248718766 ], [ -100.277099515167436, 25.765699272146001 ], [ -100.277132352861415, 25.765917610267131 ], [ -100.277120638703991, 25.766094047198891 ], [ -100.277113041570374, 25.766210969086533 ], [ -100.27699842479619, 25.766454128911136 ], [ -100.276918446106905, 25.766485344260325 ], [ -100.27667627069836, 25.766893841290432 ], [ -100.276838953553721, 25.766956533401583 ], [ -100.277139719890499, 25.767072055452353 ], [ -100.27733622215294, 25.767147634913762 ], [ -100.277359274682553, 25.767156650731003 ], [ -100.277054361881767, 25.767758873836087 ], [ -100.276953510149013, 25.767809550888135 ], [ -100.276865710374523, 25.768066721073634 ], [ -100.276723289347089, 25.768613170144818 ], [ -100.276602629489986, 25.768896950687775 ], [ -100.276549819287169, 25.76907994006557 ], [ -100.27653741551228, 25.769390217699023 ], [ -100.275443632167949, 25.769568261905565 ], [ -100.27499652058772, 25.76962319202902 ], [ -100.274776013083766, 25.769650290750185 ], [ -100.275145899540917, 25.767772815136482 ] ] ] ] } },
{ "type": "Feature", "properties": { "CVEGEO": "1904600010007", "CVE_ENT": "19", "CVE_MUN": "046", "CVE_LOC": "0001", "CVE_ASEN": "0007", "CP": "66449", "FECHA_ACT": "11\/2022", "INSTITUCIO": "SECRETARÍA OBRAS PÚBLICAS Y DESARROLLO URBANO DEL MUNICIPIO DE SAN NICOLÁS DE LOS GARZA", "NOM_ASEN": "AQUILES SERDÁN (FOMERREY 33)", "TIPO": "COLONIA", "Shape_Leng": 1429.2500343900001, "Shape_Area": 97358.521189499996 }, "geometry": { "type": "MultiPolygon", "coordinates": [ [ [ [ -100.248405352812128, 25.751755537688613 ], [ -100.24867085226029, 25.751474838118774 ], [ -100.248709307515043, 25.751500795355891 ], [ -100.249019821731565, 25.751699001092323 ], [ -100.249360999235009, 25.75192028355567 ], [ -100.249550402180617, 25.752039697222994 ], [ -100.250044545710551, 25.752351238853151 ], [ -100.250598798870257, 25.751783924266459 ], [ -100.251122151100617, 25.752113951470982 ], [ -100.251515754433512, 25.752378172091962 ], [ -100.251907521732207, 25.752644237990111 ], [ -100.252366432880464, 25.752939183370234 ], [ -100.251398096019329, 25.753294175603351 ], [ -100.250423893973675, 25.753657923042415 ], [ -100.250183371829024, 25.753745845370588 ], [ -100.249741034498442, 25.7539109806414 ], [ -100.249334335563674, 25.754060483860474 ], [ -100.248912828129761, 25.754219244145677 ], [ -100.248485568872837, 25.754372053289366 ], [ -100.248391264677053, 25.75440785055736 ], [ -100.248061070363306, 25.754534255625693 ], [ -100.247465415376197, 25.754747056016829 ], [ -100.247331228018581, 25.754350674602183 ], [ -100.247308409301738, 25.75428472479868 ], [ -100.247199293700845, 25.75398792929613 ], [ -100.247164825820391, 25.753890758723589 ], [ -100.247078334354271, 25.753628501499243 ], [ -100.246953546722693, 25.753308031927808 ], [ -100.247381868416042, 25.752855055629215 ], [ -100.2475061499687, 25.752717566331452 ], [ -100.247711599456295, 25.752500981655796 ], [ -100.248035509130091, 25.752157497904108 ], [ -100.248405352812128, 25.751755537688613 ] ] ] ] } },
{ "type": "Feature", "properties": { "CVEGEO": "1904600010008", "CVE_ENT": "19", "CVE_MUN": "046", "CVE_LOC": "0001", "CVE_ASEN": "0008", "CP": "66465", "FECHA_ACT": "11\/2022", "INSTITUCIO": "SECRETARÍA OBRAS PÚBLICAS Y DESARROLLO URBANO DEL MUNICIPIO DE SAN NICOLÁS DE LOS GARZA", "NOM_ASEN": "ARBOLEDAS DE SAN JORGE", "TIPO": "COLONIA", "Shape_Leng": 1446.4646571400001, "Shape_Area": 92075.514974100006 }, "geometry": { "type": "MultiPolygon", "coordinates": [ [ [ [ -100.288739201627109, 25.732765839398599 ], [ -100.289369233284219, 25.732203895643341 ], [ -100.289597030425796, 25.732007174036308 ], [ -100.289751265708063, 25.731887359981467 ], [ -100.289775434180314, 25.732132930388609 ], [ -100.289821608231122, 25.73229398400543 ], [ -100.289898461354895, 25.732466394524455 ], [ -100.289972346680486, 25.732575738632079 ], [ -100.29010598025458, 25.732740790542504 ], [ -100.290272523668989, 25.732873504608879 ], [ -100.290378326868833, 25.732946919199502 ], [ -100.290572830279714, 25.733047612713587 ], [ -100.290795903623376, 25.733154689520106 ], [ -100.29088085527863, 25.73316746293078 ], [ -100.291482782421639, 25.733077729354314 ], [ -100.291759170159878, 25.7330217106703 ], [ -100.291758457519848, 25.733058539256355 ], [ -100.291464344148935, 25.734151191276446 ], [ -100.290773798562924, 25.734002203722763 ], [ -100.290674709746213, 25.733981743149776 ], [ -100.290662680514913, 25.734029267401652 ], [ -100.290658379451187, 25.73404624366399 ], [ -100.290527909742067, 25.734534170375735 ], [ -100.290270270173423, 25.735546300681058 ], [ -100.290266163376018, 25.735562432774898 ], [ -100.290205225189055, 25.73578341960998 ], [ -100.287747697257203, 25.735804469353301 ], [ -100.287705128852394, 25.735568948605422 ], [ -100.287703901047919, 25.735411249701141 ], [ -100.287866639793805, 25.735409212773625 ], [ -100.288323594340866, 25.733984369777801 ], [ -100.288739201627109, 25.732765839398599 ] ] ] ] } },
{ "type": "Feature", "properties": { "CVEGEO": "1904600010009", "CVE_ENT": "19", "CVE_MUN": "046", "CVE_LOC": "0001", "CVE_ASEN": "0009", "CP": "66448", "FECHA_ACT": "11\/2022", "INSTITUCIO": "SECRETARÍA OBRAS PÚBLICAS Y DESARROLLO URBANO DEL MUNICIPIO DE SAN NICOLÁS DE LOS GARZA", "NOM_ASEN": "ARBOLEDAS DE SANTO DOMINGO II (FOMERREY 119)", "TIPO": "COLONIA", "Shape_Leng": 1027.23420068, "Shape_Area": 64718.5455821 }, "geometry": { "type": "MultiPolygon", "coordinates": [ [ [ [ -100.245791208378208, 25.745996710350042 ], [ -100.245713007184875, 25.745948442339515 ], [ -100.244300996839968, 25.744923605300109 ], [ -100.244028908744042, 25.744710718938354 ], [ -100.243957033902007, 25.744654480481408 ], [ -100.243993320188935, 25.744596350400922 ], [ -100.244379424825524, 25.744057030621747 ], [ -100.244598149225283, 25.743748573056806 ], [ -100.244628456163042, 25.743704672686917 ], [ -100.244818190198714, 25.743433024256436 ], [ -100.245037277645821, 25.743112958522019 ], [ -100.245127112028186, 25.742990440239847 ], [ -100.24546866213548, 25.743162541258432 ], [ -100.245506834082931, 25.743182998090457 ], [ -100.245827153996117, 25.743353622287355 ], [ -100.246227085682804, 25.743567101826734 ], [ -100.246616864555108, 25.743762717843801 ], [ -100.247024887396023, 25.743982969468885 ], [ -100.247313109184475, 25.744136881917321 ], [ -100.247401696841735, 25.744181610765512 ], [ -100.247788015623499, 25.744383801139666 ], [ -100.24761021265769, 25.744525506318524 ], [ -100.247247012029874, 25.744819329615787 ], [ -100.247025696487682, 25.745000888641634 ], [ -100.246868252989444, 25.745130051362754 ], [ -100.246516967956495, 25.745410274611118 ], [ -100.246490371015582, 25.745433830599566 ], [ -100.246191812778548, 25.745676359672668 ], [ -100.246143313833684, 25.745715594523269 ], [ -100.245791208378208, 25.745996710350042 ] ] ] ] } },
{ "type": "Feature", "properties": { "CVEGEO": "1904600010010", "CVE_ENT": "19", "CVE_MUN": "046", "CVE_LOC": "0001", "CVE_ASEN": "0010", "CP": "66480", "FECHA_ACT": "11\/2022", "INSTITUCIO": "SECRETARÍA OBRAS PÚBLICAS Y DESARROLLO URBANO DEL MUNICIPIO DE SAN NICOLÁS DE LOS GARZA", "NOM_ASEN": "AZTECA (FOMERREY 12)", "TIPO": "COLONIA", "Shape_Leng": 2076.8384319400002, "Shape_Area": 241145.35333000001 }, "geometry": { "type": "MultiPolygon", "coordinates": [ [ [ [ -100.26642457654772, 25.723114344791437 ], [ -100.266359991330006, 25.722891332446846 ], [ -100.266317405115487, 25.722908858599101 ], [ -100.265601589793576, 25.723268944209835 ], [ -100.265521421786502, 25.722961018295262 ], [ -100.265474427149329, 25.72277460226907 ], [ -100.265384840598756, 25.722398576646636 ], [ -100.265317338200305, 25.722158506149025 ], [ -100.265286345784702, 25.722042587210655 ], [ -100.265174950735656, 25.721677453195642 ], [ -100.265028891430347, 25.721178417055295 ], [ -100.264910661918648, 25.720650533104219 ], [ -100.264746322659633, 25.720172682514914 ], [ -100.264806593783646, 25.719941518253748 ], [ -100.266022995028322, 25.719076728055718 ], [ -100.2663559955312, 25.718839980384239 ], [ -100.268584060530173, 25.717287654672834 ], [ -100.268859745401215, 25.717094040193388 ], [ -100.268921316434273, 25.717234454439101 ], [ -100.269604563478723, 25.719725480531718 ], [ -100.26961686252406, 25.719763571862789 ], [ -100.269628891839545, 25.719800865695582 ], [ -100.270180247000994, 25.721683484893511 ], [ -100.269943078312053, 25.721853045183998 ], [ -100.268651921734389, 25.722779613885876 ], [ -100.267783456770445, 25.723352235369493 ], [ -100.26676734766852, 25.724059525610546 ], [ -100.266709822230524, 25.724109340412745 ], [ -100.26642457654772, 25.723114344791437 ] ] ] ] } },
{ "type": "Feature", "properties": { "CVEGEO": "1904600010011", "CVE_ENT": "19", "CVE_MUN": "046", "CVE_LOC": "0001", "CVE_ASEN": "0011", "CP": "66460", "FECHA_ACT": "11\/2022", "INSTITUCIO": "SECRETARÍA OBRAS PÚBLICAS Y DESARROLLO URBANO DEL MUNICIPIO DE SAN NICOLÁS DE LOS GARZA", "NOM_ASEN": "AÑO DE JUÁREZ (FOMERREY 86)", "TIPO": "COLONIA", "Shape_Leng": 1874.1685795000001, "Shape_Area": 100188.38958800001 }, "geometry": { "type": "MultiPolygon", "coordinates": [ [ [ [ -100.267216435275714, 25.743932465503594 ], [ -100.267215278776504, 25.743978466815488 ], [ -100.267168030443827, 25.745785356241637 ], [ -100.267166695687663, 25.745836008441312 ], [ -100.267161604354015, 25.746056983037775 ], [ -100.266994914459559, 25.746032701574137 ], [ -100.266942552405624, 25.746025072062139 ], [ -100.266892690996585, 25.746019474369859 ], [ -100.265498682851032, 25.745863299909132 ], [ -100.265452883472008, 25.745857860536493 ], [ -100.264941382921236, 25.745773302556323 ], [ -100.265008697252597, 25.74555269406509 ], [ -100.264994307204759, 25.745534606825935 ], [ -100.265128710466414, 25.745126710368933 ], [ -100.265217636933144, 25.744728180003403 ], [ -100.265311626164049, 25.744378399980658 ], [ -100.265306868340673, 25.744299877785863 ], [ -100.265306867447194, 25.744025051077656 ], [ -100.265601358589677, 25.7438082620376 ], [ -100.266059571962444, 25.743344717902303 ], [ -100.266060485736148, 25.743307776671099 ], [ -100.266074153981478, 25.74315697227081 ], [ -100.266116170196241, 25.742975665598497 ], [ -100.266222059797798, 25.74241816449894 ], [ -100.266365288974939, 25.741724687745222 ], [ -100.266384341860828, 25.74165631606277 ], [ -100.266443333314598, 25.741505205847833 ], [ -100.266288391619412, 25.741442869101196 ], [ -100.265389002034581, 25.741094962930458 ], [ -100.265311267174397, 25.741065002001978 ], [ -100.265482874089699, 25.740919158268841 ], [ -100.265791217767926, 25.740663225138306 ], [ -100.266186633708472, 25.740320713511554 ], [ -100.266783309216805, 25.739870104990278 ], [ -100.267081989996427, 25.739367965983355 ], [ -100.267323571100974, 25.739438310276942 ], [ -100.267281365696817, 25.741425789533547 ], [ -100.267280552922145, 25.741493022190191 ], [ -100.267213936189904, 25.743258919081889 ], [ -100.267212396714243, 25.743299697342298 ], [ -100.267213246791229, 25.743338069172367 ], [ -100.267221856027518, 25.743726720865315 ], [ -100.267217614649965, 25.743888953250735 ], [ -100.267216435275714, 25.743932465503594 ] ] ] ] } },
{ "type": "Feature", "properties": { "CVEGEO": "1904600010012", "CVE_ENT": "19", "CVE_MUN": "046", "CVE_LOC": "0001", "CVE_ASEN": "0012", "CP": "66430", "FECHA_ACT": "11\/2022", "INSTITUCIO": "SECRETARÍA OBRAS PÚBLICAS Y DESARROLLO URBANO DEL MUNICIPIO DE SAN NICOLÁS DE LOS GARZA", "NOM_ASEN": "BETEL", "TIPO": "COLONIA", "Shape_Leng": 655.86311520300001, "Shape_Area": 18832.687555199998 }, "geometry": { "type": "MultiPolygon", "coordinates": [ [ [ [ -100.283293678349764, 25.750823369284149 ], [ -100.2833080942507, 25.750781847344548 ], [ -100.283390031019238, 25.750568748302715 ], [ -100.283031538396557, 25.750451520134352 ], [ -100.282445540529253, 25.750275147475467 ], [ -100.282750408571275, 25.750061235706465 ], [ -100.282866781753043, 25.749974346760272 ], [ -100.282928700474628, 25.749890787318723 ], [ -100.283064626723188, 25.74968194157869 ], [ -100.283082664833884, 25.749623389239364 ], [ -100.283107947037877, 25.749595961891487 ], [ -100.283909127087725, 25.749833945463106 ], [ -100.284027326805571, 25.749444244190048 ], [ -100.284078633982929, 25.74944797644871 ], [ -100.284094879456617, 25.749511655770526 ], [ -100.284125976510211, 25.749598748653224 ], [ -100.284295788534152, 25.750074360231157 ], [ -100.28435216756634, 25.750232688409714 ], [ -100.28447001541339, 25.750554375552564 ], [ -100.284525513649996, 25.750732257027206 ], [ -100.284537775125287, 25.750854876740696 ], [ -100.284438419661612, 25.750863708426721 ], [ -100.284026103016089, 25.750955280948631 ], [ -100.283918929955504, 25.750971813238131 ], [ -100.283762784405283, 25.750972125528499 ], [ -100.283293678349764, 25.750823369284149 ] ] ] ] } },
{ "type": "Feature", "properties": { "CVEGEO": "1904600010013", "CVE_ENT": "19", "CVE_MUN": "046", "CVE_LOC": "0001", "CVE_ASEN": "0013", "CP": "66422", "FECHA_ACT": "11\/2022", "INSTITUCIO": "SECRETARÍA OBRAS PÚBLICAS Y DESARROLLO URBANO DEL MUNICIPIO DE SAN NICOLÁS DE LOS GARZA", "NOM_ASEN": "BALCONES DE ANÁHUAC PRIMER SECTOR", "TIPO": "COLONIA", "Shape_Leng": 1152.15233162, "Shape_Area": 66526.5766879 }, "geometry": { "type": "MultiPolygon", "coordinates": [ [ [ [ -100.31519665798595, 25.761647694831652 ], [ -100.315184894734685, 25.761278232967779 ], [ -100.315170618990649, 25.760890439495896 ], [ -100.315147068848049, 25.760761250182991 ], [ -100.316367110235873, 25.760773176442392 ], [ -100.31636460743357, 25.760904731551022 ], [ -100.316429645024286, 25.76103932652158 ], [ -100.316505060460386, 25.761109240421259 ], [ -100.316593940139313, 25.761301649593481 ], [ -100.316750348652675, 25.761669889658553 ], [ -100.316829178944857, 25.762049779639039 ], [ -100.316909308564959, 25.762427290643636 ], [ -100.316980150212331, 25.762816509893355 ], [ -100.317050629016407, 25.763173320441521 ], [ -100.317126999092309, 25.763548420173542 ], [ -100.317177688985083, 25.763807971236755 ], [ -100.317203460438861, 25.76393567972487 ], [ -100.317302295704337, 25.76445271018699 ], [ -100.316499676212402, 25.764534459836693 ], [ -100.315504567766951, 25.764635785231217 ], [ -100.315532714084327, 25.764479135884084 ], [ -100.315531291237178, 25.764174162495973 ], [ -100.315523137306542, 25.764119702181027 ], [ -100.315461906789153, 25.763736355104584 ], [ -100.315316907324814, 25.762825527867239 ], [ -100.31524271275903, 25.762412413044476 ], [ -100.315210635647404, 25.762029448004313 ], [ -100.31519665798595, 25.761647694831652 ] ] ] ] } },
{ "type": "Feature", "properties": { "CVEGEO": "1904600010014", "CVE_ENT": "19", "CVE_MUN": "046", "CVE_LOC": "0001", "CVE_ASEN": "0014", "CP": "66446", "FECHA_ACT": "11\/2022", "INSTITUCIO": "SECRETARÍA OBRAS PÚBLICAS Y DESARROLLO URBANO DEL MUNICIPIO DE SAN NICOLÁS DE LOS GARZA", "NOM_ASEN": "BALCONES DE SANTO DOMINGO PRIMERA ETAPA", "TIPO": "COLONIA", "Shape_Leng": 1169.25115568, "Shape_Area": 54645.552799899997 }, "geometry": { "type": "MultiPolygon", "coordinates": [ [ [ [ -100.265703339931036, 25.740093738307362 ], [ -100.26332943123235, 25.739866020293626 ], [ -100.263305329594019, 25.740049297298619 ], [ -100.26295562542056, 25.740016736600062 ], [ -100.263078252007858, 25.738684298936857 ], [ -100.263455998349855, 25.738613964320681 ], [ -100.263585172617098, 25.738566028963454 ], [ -100.265021383587026, 25.738677608172008 ], [ -100.265665595513312, 25.738741190104204 ], [ -100.265991343518039, 25.738773985020714 ], [ -100.266032677382711, 25.738595384028862 ], [ -100.266450262535173, 25.738634754488885 ], [ -100.266348196373087, 25.738809911586234 ], [ -100.266770591171706, 25.738852433987329 ], [ -100.266820828294982, 25.738829517853535 ], [ -100.266928139124545, 25.738877288867954 ], [ -100.267035324555863, 25.738672356056188 ], [ -100.267172444918373, 25.738721851757255 ], [ -100.267057018966767, 25.738934659779662 ], [ -100.266542111883851, 25.739693826038017 ], [ -100.265848840322761, 25.740289127714757 ], [ -100.265792726846357, 25.740098363463133 ], [ -100.265703339931036, 25.740093738307362 ] ] ] ] } },
{ "type": "Feature", "properties": { "CVEGEO": "1904600010015", "CVE_ENT": "19", "CVE_MUN": "046", "CVE_LOC": "0001", "CVE_ASEN": "0015", "CP": "66466", "FECHA_ACT": "11\/2022", "INSTITUCIO": "SECRETARÍA OBRAS PÚBLICAS Y DESARROLLO URBANO DEL MUNICIPIO DE SAN NICOLÁS DE LOS GARZA", "NOM_ASEN": "BALCONES DE LAS PUENTES", "TIPO": "COLONIA", "Shape_Leng": 1445.70161448, "Shape_Area": 106695.853399 }, "geometry": { "type": "MultiPolygon", "coordinates": [ [ [ [ -100.275057101076044, 25.738063749729282 ], [ -100.275384644543095, 25.738176305053603 ], [ -100.275896434103075, 25.738348974086602 ], [ -100.277123071334756, 25.738761175109691 ], [ -100.27716250491514, 25.738793240464215 ], [ -100.277270587463534, 25.738829312477126 ], [ -100.276676650998638, 25.740270704403173 ], [ -100.276667232033105, 25.740314890840541 ], [ -100.276555953460061, 25.740678104317059 ], [ -100.276716651857626, 25.74069571676316 ], [ -100.276715501847804, 25.740702234665623 ], [ -100.276659900061176, 25.741162473803655 ], [ -100.276651905422909, 25.74119108615751 ], [ -100.276645243763198, 25.741220222752986 ], [ -100.27651270337023, 25.742375757043334 ], [ -100.276183973949372, 25.742330413150182 ], [ -100.274891028902232, 25.742134070560336 ], [ -100.274636571115408, 25.742129393473284 ], [ -100.274565492308383, 25.741985668256735 ], [ -100.274528069688117, 25.741868841355011 ], [ -100.273799226448247, 25.741704449779629 ], [ -100.273603379628483, 25.741656214463227 ], [ -100.273600894539101, 25.741498554030628 ], [ -100.273742046106008, 25.740443554658473 ], [ -100.274424382289112, 25.740446923113151 ], [ -100.274436387677255, 25.740262984951265 ], [ -100.274441208794286, 25.740218646947227 ], [ -100.274475225565638, 25.739875967275896 ], [ -100.274493630337872, 25.739689441242103 ], [ -100.274555677104473, 25.739504762132853 ], [ -100.274619375675272, 25.739325087678708 ], [ -100.274685412557034, 25.7391287407129 ], [ -100.274765769730308, 25.738896955254724 ], [ -100.274812392146288, 25.738765022496292 ], [ -100.274905071797448, 25.738495282424147 ], [ -100.274946081830109, 25.738383414867872 ], [ -100.275057101076044, 25.738063749729282 ] ] ] ] } },
{ "type": "Feature", "properties": { "CVEGEO": "1904600010016", "CVE_ENT": "19", "CVE_MUN": "046", "CVE_LOC": "0001", "CVE_ASEN": "0016", "CP": "66473", "FECHA_ACT": "11\/2022", "INSTITUCIO": "SECRETARÍA OBRAS PÚBLICAS Y DESARROLLO URBANO DEL MUNICIPIO DE SAN NICOLÁS DE LOS GARZA", "NOM_ASEN": "BLAS CHUMACERO CTM", "TIPO": "COLONIA", "Shape_Leng": 1053.0206620599999, "Shape_Area": 43054.709212900001 }, "geometry": { "type": "MultiPolygon", "coordinates": [ [ [ [ -100.219456769238235, 25.714859951005522 ], [ -100.220068029956565, 25.713804621016152 ], [ -100.220659649241341, 25.712705740246811 ], [ -100.22099405290534, 25.712446770801346 ], [ -100.221133693210334, 25.712466910454086 ], [ -100.22127902923188, 25.712469303590144 ], [ -100.221474924728369, 25.712441908227319 ], [ -100.221504103686073, 25.712556951414999 ], [ -100.221597297950112, 25.713742638935891 ], [ -100.221597422960656, 25.713953961152335 ], [ -100.22154129648132, 25.713948461714931 ], [ -100.221554425592828, 25.714159489171504 ], [ -100.221567419381515, 25.715008404503713 ], [ -100.221651317736942, 25.715056129541793 ], [ -100.221901396854904, 25.71508783638745 ], [ -100.222350519947554, 25.715164544245756 ], [ -100.222439586097252, 25.715169317558185 ], [ -100.22230301808851, 25.715360826258639 ], [ -100.222269565490805, 25.715354585785931 ], [ -100.221485169621218, 25.715212827433763 ], [ -100.221113166239164, 25.715128590095173 ], [ -100.219456769238235, 25.714859951005522 ] ] ] ] } },
{ "type": "Feature", "properties": { "CVEGEO": "1904600010017", "CVE_ENT": "19", "CVE_MUN": "046", "CVE_LOC": "0001", "CVE_ASEN": "0017", "CP": "66463", "FECHA_ACT": "11\/2022", "INSTITUCIO": "SECRETARÍA OBRAS PÚBLICAS Y DESARROLLO URBANO DEL MUNICIPIO DE SAN NICOLÁS DE LOS GARZA", "NOM_ASEN": "BOSQUES DE ANÁHUAC", "TIPO": "COLONIA", "Shape_Leng": 1205.9880079899999, "Shape_Area": 54516.124178799997 }, "geometry": { "type": "MultiPolygon", "coordinates": [ [ [ [ -100.279055024295275, 25.728969861511949 ], [ -100.279066519575665, 25.728982579397542 ], [ -100.279041155513326, 25.729047715516685 ], [ -100.278882671421528, 25.730331295475043 ], [ -100.27880218504761, 25.730986117807689 ], [ -100.276749153411643, 25.730933902275726 ], [ -100.274223398039553, 25.730750301450769 ], [ -100.274769792175704, 25.730575319350873 ], [ -100.275341611876712, 25.730348793913905 ], [ -100.27558165877933, 25.730247655593569 ], [ -100.275983487906927, 25.730078356248516 ], [ -100.276194230974852, 25.729996986371635 ], [ -100.277445517428703, 25.72947806883931 ], [ -100.278574345161729, 25.729069327835983 ], [ -100.278792567632792, 25.728976426049371 ], [ -100.278891628063704, 25.728954318801051 ], [ -100.279055024295275, 25.728969861511949 ] ] ] ] } },
{ "type": "Feature", "properties": { "CVEGEO": "1904600010018", "CVE_ENT": "19", "CVE_MUN": "046", "CVE_LOC": "0001", "CVE_ASEN": "0018", "CP": "66473", "FECHA_ACT": "11\/2022", "INSTITUCIO": "SECRETARÍA OBRAS PÚBLICAS Y DESARROLLO URBANO DEL MUNICIPIO DE SAN NICOLÁS DE LOS GARZA", "NOM_ASEN": "BOSQUES DE LINDA VISTA PRIMER SECTOR", "TIPO": "COLONIA", "Shape_Leng": 991.80985830700001, "Shape_Area": 58677.894733300003 }, "geometry": { "type": "MultiPolygon", "coordinates": [ [ [ [ -100.213207384567269, 25.718357411509594 ], [ -100.213207561584824, 25.718314547565104 ], [ -100.213143452576361, 25.717903041934523 ], [ -100.213122307306776, 25.717475462435974 ], [ -100.213112264003612, 25.717084588400724 ], [ -100.213110366993973, 25.717044449287538 ], [ -100.213127153641935, 25.716658088357555 ], [ -100.213127445512214, 25.716625948500525 ], [ -100.213136160590594, 25.716254678126006 ], [ -100.21312712100665, 25.716193834426772 ], [ -100.213101731002951, 25.716107209918391 ], [ -100.213045228361636, 25.715914418809817 ], [ -100.212960169568021, 25.715772468808968 ], [ -100.213394695895005, 25.715518765668275 ], [ -100.213454349350869, 25.715518281505943 ], [ -100.213504975098644, 25.715519572989692 ], [ -100.214077728538697, 25.715532594922944 ], [ -100.214238265747341, 25.715536245325275 ], [ -100.214818666546478, 25.715549437913353 ], [ -100.214892283903737, 25.715551111569827 ], [ -100.215169840248151, 25.716233104173401 ], [ -100.215327934164677, 25.716702724486144 ], [ -100.215524875659938, 25.717308275451519 ], [ -100.215592787358403, 25.717315593266541 ], [ -100.215589432942195, 25.717368309803994 ], [ -100.214353624536415, 25.717924004133511 ], [ -100.214342630125472, 25.718126619918497 ], [ -100.214086115416762, 25.718144968027577 ], [ -100.214080379880073, 25.718229109600458 ], [ -100.214040480095946, 25.718271420220567 ], [ -100.213682520386982, 25.718327510065347 ], [ -100.213207384567269, 25.718357411509594 ] ] ] ] } },
{ "type": "Feature", "properties": { "CVEGEO": "1904600010019", "CVE_ENT": "19", "CVE_MUN": "046", "CVE_LOC": "0001", "CVE_ASEN": "0019", "CP": "66473", "FECHA_ACT": "11\/2022", "INSTITUCIO": "SECRETARÍA OBRAS PÚBLICAS Y DESARROLLO URBANO DEL MUNICIPIO DE SAN NICOLÁS DE LOS GARZA", "NOM_ASEN": "BOSQUES DE LINDA VISTA SEGUNDO SECTOR", "TIPO": "COLONIA", "Shape_Leng": 1376.2888783400001, "Shape_Area": 82109.319261500001 }, "geometry": { "type": "MultiPolygon", "coordinates": [ [ [ [ -100.212031847170067, 25.719825947236323 ], [ -100.212037300118283, 25.719203194231667 ], [ -100.212039130448858, 25.719007491976988 ], [ -100.212045409675909, 25.718336191282916 ], [ -100.212045781509659, 25.71829651500272 ], [ -100.211837880749215, 25.718345223277701 ], [ -100.211642525733879, 25.718381574210891 ], [ -100.211522872276149, 25.718385120464269 ], [ -100.211110092322485, 25.718382586458599 ], [ -100.211121412529039, 25.717983398859282 ], [ -100.211123421238739, 25.717946012251414 ], [ -100.211136452985173, 25.71770349422685 ], [ -100.211302554323751, 25.716572208627753 ], [ -100.211364484728634, 25.71611867911869 ], [ -100.21143068772939, 25.715745756100002 ], [ -100.211442748148116, 25.715553515803649 ], [ -100.211698690084958, 25.715503262700363 ], [ -100.211835993758186, 25.715479730745859 ], [ -100.21259395464439, 25.715329774820198 ], [ -100.21266438908566, 25.715300648163623 ], [ -100.212749839888872, 25.715421480897714 ], [ -100.212960169568021, 25.715772468808968 ], [ -100.213045228361636, 25.715914418809817 ], [ -100.213101731002951, 25.716107209918391 ], [ -100.21312712100665, 25.716193834426772 ], [ -100.213136160590594, 25.716254678126006 ], [ -100.213127445512214, 25.716625948500525 ], [ -100.213127153641935, 25.716658088357555 ], [ -100.213110366993973, 25.717044449287538 ], [ -100.213112264003612, 25.717084588400724 ], [ -100.213122307306776, 25.717475462435974 ], [ -100.213143452576361, 25.717903041934523 ], [ -100.213207561584824, 25.718314547565104 ], [ -100.213207384567269, 25.718357411509594 ], [ -100.213246678685636, 25.71840254949127 ], [ -100.213379676155768, 25.718856009390453 ], [ -100.213426736634702, 25.719051846164909 ], [ -100.213432740323327, 25.719076819865712 ], [ -100.213485443868535, 25.719296125996596 ], [ -100.21347664853559, 25.719717922087224 ], [ -100.213481523497052, 25.719947226163558 ], [ -100.213465222072557, 25.719945364218528 ], [ -100.213438117839971, 25.719944586705626 ], [ -100.212320026804349, 25.719839140717024 ], [ -100.212281940803294, 25.719834554675248 ], [ -100.212241975394861, 25.719829749670588 ], [ -100.212031847170067, 25.719825947236323 ] ] ] ] } },
{ "type": "Feature", "properties": { "CVEGEO": "1904600010020", "CVE_ENT": "19", "CVE_MUN": "046", "CVE_LOC": "0001", "CVE_ASEN": "0020", "CP": "66485", "FECHA_ACT": "11\/2022", "INSTITUCIO": "SECRETARÍA OBRAS PÚBLICAS Y DESARROLLO URBANO DEL MUNICIPIO DE SAN NICOLÁS DE LOS GARZA", "NOM_ASEN": "BOSQUES DE SANTO DOMINGO (FOMERREY 92)", "TIPO": "COLONIA", "Shape_Leng": 729.45519677000004, "Shape_Area": 17887.495496799998 }, "geometry": { "type": "MultiPolygon", "coordinates": [ [ [ [ -100.273560740146877, 25.719954884412353 ], [ -100.273453930720379, 25.719597049298681 ], [ -100.273393172703763, 25.719397724291593 ], [ -100.273441549108341, 25.719374780058402 ], [ -100.27584312913956, 25.718207824306912 ], [ -100.275926836509882, 25.718167149091965 ], [ -100.276049677401119, 25.718275273768917 ], [ -100.276353067478624, 25.718535421342185 ], [ -100.273560740146877, 25.719954884412353 ] ] ] ] } },
{ "type": "Feature", "properties": { "CVEGEO": "1904600010021", "CVE_ENT": "19", "CVE_MUN": "046", "CVE_LOC": "0001", "CVE_ASEN": "0021", "CP": "66480", "FECHA_ACT": "11\/2022", "INSTITUCIO": "SECRETARÍA OBRAS PÚBLICAS Y DESARROLLO URBANO DEL MUNICIPIO DE SAN NICOLÁS DE LOS GARZA", "NOM_ASEN": "BOSQUES DEL NOGALAR PRIMER SECTOR", "TIPO": "COLONIA", "Shape_Leng": 893.62042013099995, "Shape_Area": 26387.199678600002 }, "geometry": { "type": "MultiPolygon", "coordinates": [ [ [ [ -100.278588297329449, 25.715348158824764 ], [ -100.278177142584013, 25.715507257889804 ], [ -100.277949208292029, 25.715598033107614 ], [ -100.277511770898485, 25.714653531438142 ], [ -100.277486132125176, 25.714598172689143 ], [ -100.277284530836681, 25.714162870729556 ], [ -100.277040763068641, 25.713629102057862 ], [ -100.277006323470673, 25.713553689279077 ], [ -100.276895265834924, 25.71331050690145 ], [ -100.276522437966236, 25.712485471259743 ], [ -100.276503772359391, 25.712444167202896 ], [ -100.27671297369541, 25.712359696950386 ], [ -100.277152697712268, 25.712187880186466 ], [ -100.27755956813499, 25.713101910080862 ], [ -100.277669639576246, 25.713340714886275 ], [ -100.277681767385261, 25.713384151707171 ], [ -100.278113776836776, 25.714307666243513 ], [ -100.278588297329449, 25.715348158824764 ] ] ] ] } },
{ "type": "Feature", "properties": { "CVEGEO": "1904600010022", "CVE_ENT": "19", "CVE_MUN": "046", "CVE_LOC": "0001", "CVE_ASEN": "0022", "CP": "66480", "FECHA_ACT": "11\/2022", "INSTITUCIO": "SECRETARÍA OBRAS PÚBLICAS Y DESARROLLO URBANO DEL MUNICIPIO DE SAN NICOLÁS DE LOS GARZA", "NOM_ASEN": "BOSQUES DEL NOGALAR SEGUNDO SECTOR", "TIPO": "COLONIA", "Shape_Leng": 1617.45891336, "Shape_Area": 65832.609044099998 }, "geometry": { "type": "MultiPolygon", "coordinates": [ [ [ [ -100.27674016222818, 25.716611157924138 ], [ -100.276649367939029, 25.716082962236339 ], [ -100.276749274721681, 25.716057176563563 ], [ -100.276911916644011, 25.716011264791792 ], [ -100.276816143134511, 25.715813304556207 ], [ -100.276954911294922, 25.715773400386375 ], [ -100.276854371791543, 25.715582849415888 ], [ -100.276824125402541, 25.715525524819935 ], [ -100.276653272246847, 25.71520170161174 ], [ -100.276628450604449, 25.715154656326131 ], [ -100.276461616736881, 25.714803110819076 ], [ -100.276443980333951, 25.714755298369994 ], [ -100.276386580768872, 25.714635773805579 ], [ -100.275993427784186, 25.714734519604971 ], [ -100.275154828619009, 25.714745910911283 ], [ -100.275198495557106, 25.714627155053744 ], [ -100.275251606716125, 25.714496137546156 ], [ -100.274789424624217, 25.71442666306206 ], [ -100.275145308341422, 25.713760583652988 ], [ -100.275395968667453, 25.713496693485041 ], [ -100.275748049369057, 25.713177238590497 ], [ -100.275965913625512, 25.712979549359979 ], [ -100.275838563361773, 25.71270747594982 ], [ -100.27566561627259, 25.712321605823345 ], [ -100.276179481645457, 25.711972202303571 ], [ -100.276825691595221, 25.711532811504661 ], [ -100.277152697712268, 25.712187880186466 ], [ -100.27671297369541, 25.712359696950386 ], [ -100.276503772359391, 25.712444167202896 ], [ -100.276522437966236, 25.712485471259743 ], [ -100.276895265834924, 25.71331050690145 ], [ -100.277006323470673, 25.713553689279077 ], [ -100.277040763068641, 25.713629102057862 ], [ -100.277284530836681, 25.714162870729556 ], [ -100.277486132125176, 25.714598172689143 ], [ -100.277511770898485, 25.714653531438142 ], [ -100.277949208292029, 25.715598033107614 ], [ -100.277723349145191, 25.715687987040429 ], [ -100.277299438598973, 25.715869261369665 ], [ -100.277345336900581, 25.716077151050914 ], [ -100.277309010250335, 25.716128582909317 ], [ -100.277292655853856, 25.716171161887207 ], [ -100.277277948334927, 25.71625339557087 ], [ -100.277272615331341, 25.716318053435199 ], [ -100.277263261300064, 25.716386937790958 ], [ -100.277249973876579, 25.716591313540402 ], [ -100.27674016222818, 25.716611157924138 ] ] ] ] } },
{ "type": "Feature", "properties": { "CVEGEO": "1904600010023", "CVE_ENT": "19", "CVE_MUN": "046", "CVE_LOC": "0001", "CVE_ASEN": "0023", "CP": "66480", "FECHA_ACT": "11\/2022", "INSTITUCIO": "SECRETARÍA OBRAS PÚBLICAS Y DESARROLLO URBANO DEL MUNICIPIO DE SAN NICOLÁS DE LOS GARZA", "NOM_ASEN": "BOSQUES DEL NOGALAR TERCER SECTOR", "TIPO": "COLONIA", "Shape_Leng": 1081.8951706600001, "Shape_Area": 44034.3699815 }, "geometry": { "type": "MultiPolygon", "coordinates": [ [ [ [ -100.275717807441538, 25.716819492357185 ], [ -100.274742336863724, 25.714872961476004 ], [ -100.274789424624217, 25.71442666306206 ], [ -100.275251606716125, 25.714496137546156 ], [ -100.275198495557106, 25.714627155053744 ], [ -100.275154828619009, 25.714745910911283 ], [ -100.275993427784186, 25.714734519604971 ], [ -100.276386580768872, 25.714635773805579 ], [ -100.276443980333951, 25.714755298369994 ], [ -100.276461616736881, 25.714803110819076 ], [ -100.276628450604449, 25.715154656326131 ], [ -100.276653272246847, 25.71520170161174 ], [ -100.276824125402541, 25.715525524819935 ], [ -100.276854371791543, 25.715582849415888 ], [ -100.276954911294922, 25.715773400386375 ], [ -100.276816143134511, 25.715813304556207 ], [ -100.276911916644011, 25.716011264791792 ], [ -100.276749274721681, 25.716057176563563 ], [ -100.276649367939029, 25.716082962236339 ], [ -100.27674016222818, 25.716611157924138 ], [ -100.275986946300876, 25.717521931606164 ], [ -100.276019146801303, 25.717595286441835 ], [ -100.275694253535477, 25.717761279143851 ], [ -100.275495486860279, 25.717785646253617 ], [ -100.27516128529183, 25.717488996470291 ], [ -100.275488701920111, 25.717149504927075 ], [ -100.275548491344964, 25.717079352421386 ], [ -100.275741918020302, 25.716867605704248 ], [ -100.275717807441538, 25.716819492357185 ] ] ] ] } },
{ "type": "Feature", "properties": { "CVEGEO": "1904600010024", "CVE_ENT": "19", "CVE_MUN": "046", "CVE_LOC": "0001", "CVE_ASEN": "0024", "CP": "66413", "FECHA_ACT": "11\/2022", "INSTITUCIO": "SECRETARÍA OBRAS PÚBLICAS Y DESARROLLO URBANO DEL MUNICIPIO DE SAN NICOLÁS DE LOS GARZA", "NOM_ASEN": "BOSQUES DEL ROBLE PRIMER SECTOR", "TIPO": "COLONIA", "Shape_Leng": 1389.7176478700001, "Shape_Area": 98850.340508099995 }, "geometry": { "type": "MultiPolygon", "coordinates": [ [ [ [ -100.278561290462662, 25.760011030127266 ], [ -100.278649695049538, 25.75981607431212 ], [ -100.277791955394491, 25.75959377374479 ], [ -100.277718141935551, 25.7595451582328 ], [ -100.277769623390242, 25.759463608406275 ], [ -100.277872772316883, 25.759185557138402 ], [ -100.2778790892892, 25.759129289123702 ], [ -100.278041585104063, 25.758752469743193 ], [ -100.278224926183483, 25.758323877202102 ], [ -100.278396889750866, 25.757917073501606 ], [ -100.278566155953342, 25.757496974535684 ], [ -100.278721269115422, 25.757117965907376 ], [ -100.278747740769759, 25.757050849730003 ], [ -100.278907074151576, 25.756638687177603 ], [ -100.278930257996237, 25.756574629866783 ], [ -100.280064848123672, 25.756752382085129 ], [ -100.281096417291508, 25.756839823615689 ], [ -100.281035937664001, 25.75700318909718 ], [ -100.280878892330392, 25.7573946101828 ], [ -100.280732793564596, 25.757815061037622 ], [ -100.280590824878729, 25.758177676032101 ], [ -100.280551478832265, 25.758269061565052 ], [ -100.280355087788379, 25.758803029594215 ], [ -100.281159751905733, 25.759209714379196 ], [ -100.280830231715584, 25.75982711994045 ], [ -100.280717207894142, 25.760034132009793 ], [ -100.280656532234588, 25.760150725077384 ], [ -100.280595855730994, 25.760281595905049 ], [ -100.280463225437174, 25.760537508243054 ], [ -100.280293791335964, 25.760729471803387 ], [ -100.278561290462662, 25.760011030127266 ] ] ] ] } },
{ "type": "Feature", "properties": { "CVEGEO": "1904600010025", "CVE_ENT": "19", "CVE_MUN": "046", "CVE_LOC": "0001", "CVE_ASEN": "0025", "CP": "66413", "FECHA_ACT": "11\/2022", "INSTITUCIO": "SECRETARÍA OBRAS PÚBLICAS Y DESARROLLO URBANO DEL MUNICIPIO DE SAN NICOLÁS DE LOS GARZA", "NOM_ASEN": "BOSQUES DEL ROBLE SEGUNDO SECTOR", "TIPO": "COLONIA", "Shape_Leng": 1399.7978020099999, "Shape_Area": 73337.356550900004 }, "geometry": { "type": "MultiPolygon", "coordinates": [ [ [ [ -100.280656532234588, 25.760150725077384 ], [ -100.280717207894142, 25.760034132009793 ], [ -100.280830231715584, 25.75982711994045 ], [ -100.281159751905733, 25.759209714379196 ], [ -100.280355087788379, 25.758803029594215 ], [ -100.280551478832265, 25.758269061565052 ], [ -100.280590824878729, 25.758177676032101 ], [ -100.280732793564596, 25.757815061037622 ], [ -100.280878892330392, 25.7573946101828 ], [ -100.281035937664001, 25.75700318909718 ], [ -100.281096417291508, 25.756839823615689 ], [ -100.28115235980043, 25.756875776212542 ], [ -100.281757492668163, 25.757105520520717 ], [ -100.282309151084291, 25.757471467412397 ], [ -100.283315410661999, 25.757856598551633 ], [ -100.284054542097181, 25.758134764676996 ], [ -100.284649387186647, 25.758453258325527 ], [ -100.284485603290506, 25.758614716835712 ], [ -100.284285578609911, 25.758827508107807 ], [ -100.284268456344151, 25.758879454501713 ], [ -100.284216068170679, 25.758940658298588 ], [ -100.283976508485722, 25.759201161936282 ], [ -100.283914056368559, 25.75926901544895 ], [ -100.283792981311876, 25.759401743615964 ], [ -100.283735752538462, 25.759387498660708 ], [ -100.282112991426899, 25.758822533243645 ], [ -100.281504869957843, 25.75984526046437 ], [ -100.281391313534698, 25.759986942320811 ], [ -100.281197609440611, 25.760348230300018 ], [ -100.280656532234588, 25.760150725077384 ] ] ] ] } },
{ "type": "Feature", "properties": { "CVEGEO": "1904600010026", "CVE_ENT": "19", "CVE_MUN": "046", "CVE_LOC": "0001", "CVE_ASEN": "0026", "CP": "00000", "FECHA_ACT": "11\/2022", "INSTITUCIO": "SECRETARÍA OBRAS PÚBLICAS Y DESARROLLO URBANO DEL MUNICIPIO DE SAN NICOLÁS DE LOS GARZA", "NOM_ASEN": "CFE (TERMOELÉCTRICA)", "TIPO": "COLONIA", "Shape_Leng": 2496.73830688, "Shape_Area": 325823.39611199999 }, "geometry": { "type": "MultiPolygon", "coordinates": [ [ [ [ -100.232141680036761, 25.734997334559406 ], [ -100.23223344499462, 25.735067952170784 ], [ -100.23413608144125, 25.736947954894667 ], [ -100.234402877058287, 25.73721998504487 ], [ -100.237676935994017, 25.74033360333523 ], [ -100.237728599737849, 25.740391972733935 ], [ -100.23586389302443, 25.741713979518686 ], [ -100.233860920614049, 25.741832188562231 ], [ -100.230157070668994, 25.738226782253587 ], [ -100.228678845938802, 25.736781371364103 ], [ -100.229191427176474, 25.736618346582226 ], [ -100.230224392106109, 25.736289404238072 ], [ -100.23028335438525, 25.735308970840112 ], [ -100.230289744161681, 25.735205274862842 ], [ -100.230299695897926, 25.735055936211928 ], [ -100.230507695160327, 25.73504656402983 ], [ -100.231545219496539, 25.735020445576193 ], [ -100.232141680036761, 25.734997334559406 ] ] ] ] } },
{ "type": "Feature", "properties": { "CVEGEO": "1904600010027", "CVE_ENT": "19", "CVE_MUN": "046", "CVE_LOC": "0001", "CVE_ASEN": "0027", "CP": "66412", "FECHA_ACT": "11\/2022", "INSTITUCIO": "SECRETARÍA OBRAS PÚBLICAS Y DESARROLLO URBANO DEL MUNICIPIO DE SAN NICOLÁS DE LOS GARZA", "NOM_ASEN": "CEDECO", "TIPO": "COLONIA", "Shape_Leng": 1876.82114179, "Shape_Area": 150529.79165500001 }, "geometry": { "type": "MultiPolygon", "coordinates": [ [ [ [ -100.283244750842982, 25.767443436883163 ], [ -100.28333510821426, 25.767250029994599 ], [ -100.283467515826445, 25.76696922480776 ], [ -100.283502295791109, 25.766869137090541 ], [ -100.283534951828017, 25.766782870525159 ], [ -100.2848753822135, 25.767043809982805 ], [ -100.284986691249628, 25.766979946581273 ], [ -100.285081698822651, 25.766964517228136 ], [ -100.285218160610611, 25.766139111201344 ], [ -100.28542379851892, 25.766168601425719 ], [ -100.285465690105212, 25.766177174239328 ], [ -100.286424927703194, 25.766207153603673 ], [ -100.286653163305829, 25.765745129529964 ], [ -100.286674137764962, 25.765684532313308 ], [ -100.287372923053695, 25.76568119908233 ], [ -100.287893272225347, 25.765657551207322 ], [ -100.288888518502702, 25.765608523969703 ], [ -100.289171683806543, 25.765594459160241 ], [ -100.289234833492557, 25.765782821509934 ], [ -100.289357958521478, 25.766160587436996 ], [ -100.289475412889203, 25.766522085936767 ], [ -100.28959782245704, 25.766904846621408 ], [ -100.2896736217822, 25.767148301045442 ], [ -100.28991521518752, 25.7679283092281 ], [ -100.289381740178072, 25.767983402218118 ], [ -100.287352506625069, 25.768192970328251 ], [ -100.286847089844031, 25.76824516834002 ], [ -100.284841078362476, 25.768452291694171 ], [ -100.283966052645269, 25.768549664948299 ], [ -100.283909859139428, 25.768555915599055 ], [ -100.283834537437599, 25.768563569765956 ], [ -100.282893861123839, 25.768667553235062 ], [ -100.283057274030909, 25.768018593554959 ], [ -100.283156728992878, 25.767631847955972 ], [ -100.283244750842982, 25.767443436883163 ] ] ] ] } },
{ "type": "Feature", "properties": { "CVEGEO": "1904600010028", "CVE_ENT": "19", "CVE_MUN": "046", "CVE_LOC": "0001", "CVE_ASEN": "0028", "CP": "66400", "FECHA_ACT": "11\/2022", "INSTITUCIO": "SECRETARÍA OBRAS PÚBLICAS Y DESARROLLO URBANO DEL MUNICIPIO DE SAN NICOLÁS DE LOS GARZA", "NOM_ASEN": "CENTRO DE SAN NICOLÁS", "TIPO": "COLONIA", "Shape_Leng": 5965.5359021499999, "Shape_Area": 1900240.7251800001 }, "geometry": { "type": "MultiPolygon", "coordinates": [ [ [ [ -100.287656124326546, 25.760879582199191 ], [ -100.288054651755616, 25.760222111144902 ], [ -100.288185891556168, 25.759899250912152 ], [ -100.288606447692928, 25.759782511896255 ], [ -100.288341112421719, 25.758961026147297 ], [ -100.288208025312827, 25.758548464375568 ], [ -100.288089773867171, 25.758168616355807 ], [ -100.286850389127565, 25.758477636045416 ], [ -100.286622402920585, 25.757726247098571 ], [ -100.2866031467738, 25.757660494279804 ], [ -100.286409267062183, 25.757035093398439 ], [ -100.286171415600407, 25.756267076197332 ], [ -100.286093946122165, 25.75601879448892 ], [ -100.28605618101102, 25.755919317913833 ], [ -100.286056171331936, 25.755919292413324 ], [ -100.285921745849734, 25.755517173429361 ], [ -100.285784029273998, 25.755048797320768 ], [ -100.285711140207923, 25.754755152587133 ], [ -100.285502750397569, 25.75397363739296 ], [ -100.285259697447756, 25.753190479005742 ], [ -100.284961074898632, 25.752304128803328 ], [ -100.284699334350549, 25.751359483453726 ], [ -100.284537775125287, 25.750854876740696 ], [ -100.284525513649996, 25.750732257027206 ], [ -100.28447001541339, 25.750554375552564 ], [ -100.28435216756634, 25.750232688409714 ], [ -100.284295788534152, 25.750074360231157 ], [ -100.284125976510211, 25.749598748653224 ], [ -100.284094879456617, 25.749511655770526 ], [ -100.284078633982929, 25.74944797644871 ], [ -100.284034022675584, 25.749273099558664 ], [ -100.284190607962884, 25.749245714338571 ], [ -100.28490224151453, 25.749080764009946 ], [ -100.285233297660156, 25.74900053916118 ], [ -100.286042195826639, 25.748798777087114 ], [ -100.286891419445368, 25.748593868118132 ], [ -100.287815338222757, 25.74836724514708 ], [ -100.287854233972467, 25.748359237885815 ], [ -100.288639996629641, 25.748175611705047 ], [ -100.289471181914109, 25.747975948619416 ], [ -100.289896939246418, 25.747876766686009 ], [ -100.290345487314184, 25.747773223937809 ], [ -100.291152446347382, 25.747594931395444 ], [ -100.291569332110996, 25.74749039953171 ], [ -100.291983590163071, 25.747384428753936 ], [ -100.29284792909597, 25.747173439730723 ], [ -100.293365685067968, 25.747043245024496 ], [ -100.29375111596255, 25.746939964720205 ], [ -100.293951087459931, 25.747623425924775 ], [ -100.294133850532972, 25.748309686930885 ], [ -100.294150945268612, 25.748341780999752 ], [ -100.294258163687005, 25.748736209167248 ], [ -100.294375246815576, 25.749149763064597 ], [ -100.294598981515051, 25.749943006745347 ], [ -100.295487112873019, 25.749733244839131 ], [ -100.296435374612074, 25.749493199937479 ], [ -100.296561143382192, 25.749918594523585 ], [ -100.296690213780394, 25.750355153182028 ], [ -100.296780739619805, 25.75063232098082 ], [ -100.296806965870189, 25.750725305062282 ], [ -100.296918901009036, 25.751122057840711 ], [ -100.297140557223059, 25.75185909315999 ], [ -100.297365290543297, 25.752575662760602 ], [ -100.297583072030548, 25.753297092714803 ], [ -100.297816193405794, 25.753248874207987 ], [ -100.297710773394215, 25.753544432515451 ], [ -100.297805083397847, 25.753845751096978 ], [ -100.297953205947451, 25.754309464173492 ], [ -100.297998941394212, 25.754454457500117 ], [ -100.298092614553894, 25.754751433414089 ], [ -100.298248037476924, 25.755154075024116 ], [ -100.298274621808361, 25.755193586204747 ], [ -100.298281879000911, 25.755240829492656 ], [ -100.29843399289858, 25.755551207012676 ], [ -100.298502522656534, 25.755785346277285 ], [ -100.298662423472905, 25.756336429579033 ], [ -100.298839928773688, 25.756966605971371 ], [ -100.299054941108935, 25.757813163985503 ], [ -100.299158088010699, 25.758144705702193 ], [ -100.299267445172816, 25.758493842393769 ], [ -100.299376214659219, 25.758846446355673 ], [ -100.299485242891862, 25.759186677980381 ], [ -100.299592124807603, 25.759526870059215 ], [ -100.299711843336766, 25.759909621361427 ], [ -100.299814374283443, 25.760225578851813 ], [ -100.299873925369255, 25.760418350501801 ], [ -100.299958428758515, 25.760691890405194 ], [ -100.300072106633749, 25.761058508046141 ], [ -100.298576821201621, 25.761448686347308 ], [ -100.298079257793319, 25.761581773405233 ], [ -100.296624364639399, 25.761953492928477 ], [ -100.296351656505351, 25.76202348486618 ], [ -100.295860318921939, 25.762148450903336 ], [ -100.295799723746953, 25.762153632605845 ], [ -100.295734166089147, 25.762160990253957 ], [ -100.294332853343661, 25.762542189994424 ], [ -100.294037650472319, 25.762627127675657 ], [ -100.293932932203504, 25.762649675590716 ], [ -100.293126173576752, 25.762854982375945 ], [ -100.292368625260082, 25.763040671511281 ], [ -100.291490814154926, 25.763260502860231 ], [ -100.291418193908129, 25.763275500975393 ], [ -100.290624862522364, 25.763475819018169 ], [ -100.290591887215371, 25.763484342488393 ], [ -100.289820363260162, 25.763689927446389 ], [ -100.289269649535612, 25.76384053076281 ], [ -100.288663843272516, 25.763996604595068 ], [ -100.288354901209999, 25.763024005793692 ], [ -100.288121596553324, 25.762311011613246 ], [ -100.287904155260591, 25.761636657054531 ], [ -100.287887116486814, 25.761586171397127 ], [ -100.287656124326546, 25.760879582199191 ] ] ] ] } },
{ "type": "Feature", "properties": { "CVEGEO": "1904600010029", "CVE_ENT": "19", "CVE_MUN": "046", "CVE_LOC": "0001", "CVE_ASEN": "0029", "CP": "66444", "FECHA_ACT": "11\/2022", "INSTITUCIO": "SECRETARÍA OBRAS PÚBLICAS Y DESARROLLO URBANO DEL MUNICIPIO DE SAN NICOLÁS DE LOS GARZA", "NOM_ASEN": "CARMEN ROMANO (FOMERREY 27)", "TIPO": "COLONIA", "Shape_Leng": 3344.7596562099998, "Shape_Area": 331722.88469400001 }, "geometry": { "type": "MultiPolygon", "coordinates": [ [ [ [ -100.266527335598127, 25.729563028226988 ], [ -100.26682829161247, 25.72944493578591 ], [ -100.267294708877216, 25.729251358073402 ], [ -100.267784501124538, 25.729061778853367 ], [ -100.268249577442845, 25.728874683274945 ], [ -100.268733259741325, 25.728689375223833 ], [ -100.269219276268032, 25.728497567969065 ], [ -100.269670187798141, 25.728314949979747 ], [ -100.270168898557742, 25.72810976040401 ], [ -100.270613511893728, 25.727936244411531 ], [ -100.271078824885592, 25.727751815085792 ], [ -100.271708942732985, 25.727495503204629 ], [ -100.273477917107769, 25.726773882780062 ], [ -100.273891698021345, 25.726601887901801 ], [ -100.273923386795104, 25.726661836829045 ], [ -100.273928146481722, 25.726691578881859 ], [ -100.274249373686487, 25.726528585630888 ], [ -100.275543896281221, 25.725980168272599 ], [ -100.275924610424283, 25.725859291764504 ], [ -100.276458560142885, 25.725771251155244 ], [ -100.276619475545459, 25.725768549373885 ], [ -100.27692493433976, 25.725786718196016 ], [ -100.27724495744944, 25.725860390858049 ], [ -100.277370318555214, 25.725921810038123 ], [ -100.277341910428333, 25.725956800088547 ], [ -100.276561472231307, 25.726934365752754 ], [ -100.276469044294444, 25.727050170137399 ], [ -100.275928955170514, 25.727726999844734 ], [ -100.275696285516432, 25.728017530717015 ], [ -100.275183991352108, 25.72866151613497 ], [ -100.274671349831692, 25.729295232095488 ], [ -100.274555695088011, 25.729321773461116 ], [ -100.273519494480709, 25.729587174201797 ], [ -100.272881897036612, 25.729763875564551 ], [ -100.27248192155507, 25.729874722334788 ], [ -100.272313357320982, 25.729919677571505 ], [ -100.272045944335446, 25.729990994570116 ], [ -100.27163008311193, 25.73010791330249 ], [ -100.271475441596436, 25.730149680014222 ], [ -100.271179862527788, 25.730231287377514 ], [ -100.270753775484692, 25.730344618296382 ], [ -100.270422856293024, 25.730434725155231 ], [ -100.270340701999942, 25.730461065225121 ], [ -100.269908480180689, 25.730577319980938 ], [ -100.269494580752209, 25.730697020909226 ], [ -100.26941897677294, 25.730717819511217 ], [ -100.269065641493981, 25.730814504675795 ], [ -100.268652744782656, 25.730936541747706 ], [ -100.268400630629145, 25.731009505549437 ], [ -100.268231805641605, 25.731053218231892 ], [ -100.267817347277742, 25.731177654127272 ], [ -100.267606320912307, 25.731237970749159 ], [ -100.267395296450132, 25.731298279853842 ], [ -100.267355482046781, 25.731308176826627 ], [ -100.266980535907422, 25.7314150714063 ], [ -100.266546052601484, 25.731544389433477 ], [ -100.266345242798479, 25.731607426596614 ], [ -100.266124647068239, 25.731672755622963 ], [ -100.26569726704777, 25.731804978970182 ], [ -100.265311172449771, 25.731921942260303 ], [ -100.265289509772728, 25.73192935645913 ], [ -100.264858432585996, 25.732053509990877 ], [ -100.264436479533529, 25.732185727718424 ], [ -100.264279132711891, 25.73223683983835 ], [ -100.264018961271901, 25.732317379801636 ], [ -100.263590956048844, 25.732451850854808 ], [ -100.263421379927621, 25.732508787055377 ], [ -100.263436421234687, 25.732022315924912 ], [ -100.263457227326185, 25.731501314459308 ], [ -100.263489713320297, 25.731053116006013 ], [ -100.263455720154184, 25.730944250199702 ], [ -100.263442597608602, 25.730833884519981 ], [ -100.266230107988022, 25.729685480106227 ], [ -100.266527335598127, 25.729563028226988 ] ] ] ] } },
{ "type": "Feature", "properties": { "CVEGEO": "1904600010030", "CVE_ENT": "19", "CVE_MUN": "046", "CVE_LOC": "0001", "CVE_ASEN": "0030", "CP": "66635", "FECHA_ACT": "11\/2022", "INSTITUCIO": "SECRETARÍA OBRAS PÚBLICAS Y DESARROLLO URBANO DEL MUNICIPIO DE SAN NICOLÁS DE LOS GARZA", "NOM_ASEN": "CASA BELLA TERCER SECTOR", "TIPO": "COLONIA", "Shape_Leng": 1847.4993544500001, "Shape_Area": 147396.61526699999 }, "geometry": { "type": "MultiPolygon", "coordinates": [ [ [ [ -100.297214626763903, 25.764698940196361 ], [ -100.29713702460262, 25.764551216262522 ], [ -100.296952073000995, 25.76421983835667 ], [ -100.296853014382421, 25.764042350287998 ], [ -100.298454568635336, 25.76332087906696 ], [ -100.298531250298893, 25.763286334135756 ], [ -100.299468349954864, 25.762873198125998 ], [ -100.300380480261552, 25.762525203901191 ], [ -100.300340463918573, 25.762247556374309 ], [ -100.300277511349549, 25.761787746789416 ], [ -100.300273163456453, 25.76175598285273 ], [ -100.300182850092582, 25.761423622863724 ], [ -100.300072106633749, 25.761058508046141 ], [ -100.301144778213057, 25.760927824538392 ], [ -100.301548171416243, 25.760879613135483 ], [ -100.302431901826509, 25.760776121241783 ], [ -100.302355856262764, 25.761484726621827 ], [ -100.302299781679977, 25.76201437260551 ], [ -100.302163709455968, 25.763273858114015 ], [ -100.302102438213993, 25.763793597721037 ], [ -100.302065792183811, 25.764224950736271 ], [ -100.302040109614865, 25.764532057435833 ], [ -100.302027512616007, 25.764659263705838 ], [ -100.300710253442247, 25.764798002422246 ], [ -100.299819747135359, 25.764893159302211 ], [ -100.299343439012617, 25.76494558989301 ], [ -100.298953987473055, 25.765022362994142 ], [ -100.297638024101033, 25.765461689610653 ], [ -100.29751631951477, 25.765246244579977 ], [ -100.297313698932768, 25.764887540436423 ], [ -100.297214626763903, 25.764698940196361 ] ] ] ] } },
{ "type": "Feature", "properties": { "CVEGEO": "1904600010031", "CVE_ENT": "19", "CVE_MUN": "046", "CVE_LOC": "0001", "CVE_ASEN": "0031", "CP": "66635", "FECHA_ACT": "11\/2022", "INSTITUCIO": "SECRETARÍA OBRAS PÚBLICAS Y DESARROLLO URBANO DEL MUNICIPIO DE SAN NICOLÁS DE LOS GARZA", "NOM_ASEN": "CASA BELLA SEGUNDO SECTOR", "TIPO": "COLONIA", "Shape_Leng": 800.062648782, "Shape_Area": 39117.124216099997 }, "geometry": { "type": "MultiPolygon", "coordinates": [ [ [ [ -100.299819747135359, 25.764893159302211 ], [ -100.300710253442247, 25.764798002422246 ], [ -100.302027512616007, 25.764659263705838 ], [ -100.302041815179237, 25.76502840033276 ], [ -100.302046777268501, 25.765104468654837 ], [ -100.30205425305121, 25.765406709122296 ], [ -100.302061276648033, 25.765531566147367 ], [ -100.302098029982417, 25.766264981240255 ], [ -100.301757182592254, 25.766307378846601 ], [ -100.301346342937919, 25.766361831640197 ], [ -100.300950430302223, 25.76643718980235 ], [ -100.300760736963653, 25.766473290585921 ], [ -100.300009059134197, 25.766598261154687 ], [ -100.300007695504405, 25.766403563791151 ], [ -100.299957422914034, 25.766010084211942 ], [ -100.299914311598869, 25.765639306034601 ], [ -100.299867680942327, 25.765267368921556 ], [ -100.299819747135359, 25.764893159302211 ] ] ] ] } },
{ "type": "Feature", "properties": { "CVEGEO": "1904600010032", "CVE_ENT": "19", "CVE_MUN": "046", "CVE_LOC": "0001", "CVE_ASEN": "0032", "CP": "66635", "FECHA_ACT": "11\/2022", "INSTITUCIO": "SECRETARÍA OBRAS PÚBLICAS Y DESARROLLO URBANO DEL MUNICIPIO DE SAN NICOLÁS DE LOS GARZA", "NOM_ASEN": "CASA BELLA PRIMER SECTOR", "TIPO": "COLONIA", "Shape_Leng": 2034.3145831899999, "Shape_Area": 127990.839938 }, "geometry": { "type": "MultiPolygon", "coordinates": [ [ [ [ -100.297214626763903, 25.764698940196361 ], [ -100.297158657858375, 25.764713602971295 ], [ -100.296699625484308, 25.764814740413946 ], [ -100.296655360394254, 25.764824600333782 ], [ -100.296608536517567, 25.764835118400271 ], [ -100.295582346033783, 25.765017494170504 ], [ -100.29516206679358, 25.765051461256576 ], [ -100.295314785278322, 25.764720619527786 ], [ -100.295325746563691, 25.764678998130137 ], [ -100.295317978963126, 25.764633748561735 ], [ -100.295380983234139, 25.764439479642643 ], [ -100.293759630224727, 25.764137991462317 ], [ -100.293839753523727, 25.763823022820301 ], [ -100.294195972640324, 25.762994716146572 ], [ -100.294445144673489, 25.763024128527736 ], [ -100.294947248635211, 25.76307887124856 ], [ -100.294994266943974, 25.76308600567824 ], [ -100.295040375516677, 25.763091940336544 ], [ -100.29539745099909, 25.763153780173116 ], [ -100.295443909345352, 25.763162067567762 ], [ -100.295491582026514, 25.763168953121891 ], [ -100.295894856896709, 25.763237630674322 ], [ -100.295943279481094, 25.76324584110181 ], [ -100.295988983117368, 25.763252262710665 ], [ -100.29637944093659, 25.763324365565051 ], [ -100.296458808894158, 25.76333842861062 ], [ -100.295799723746953, 25.762153632605845 ], [ -100.295860318921939, 25.762148450903336 ], [ -100.296351656505351, 25.76202348486618 ], [ -100.296624364639399, 25.761953492928477 ], [ -100.298079257793319, 25.761581773405233 ], [ -100.298576821201621, 25.761448686347308 ], [ -100.300072106633749, 25.761058508046141 ], [ -100.300182850092582, 25.761423622863724 ], [ -100.300273163456453, 25.76175598285273 ], [ -100.300277511349549, 25.761787746789416 ], [ -100.300340463918573, 25.762247556374309 ], [ -100.300380480261552, 25.762525203901191 ], [ -100.299468349954864, 25.762873198125998 ], [ -100.298531250298893, 25.763286334135756 ], [ -100.298454568635336, 25.76332087906696 ], [ -100.296853014382421, 25.764042350287998 ], [ -100.296952073000995, 25.76421983835667 ], [ -100.29713702460262, 25.764551216262522 ], [ -100.297214626763903, 25.764698940196361 ] ] ] ] } },
{ "type": "Feature", "properties": { "CVEGEO": "1904600010033", "CVE_ENT": "19", "CVE_MUN": "046", "CVE_LOC": "0001", "CVE_ASEN": "0033", "CP": "66475", "FECHA_ACT": "11\/2022", "INSTITUCIO": "SECRETARÍA OBRAS PÚBLICAS Y DESARROLLO URBANO DEL MUNICIPIO DE SAN NICOLÁS DE LOS GARZA", "NOM_ASEN": "CASA BLANCA PRIMER SECTOR", "TIPO": "COLONIA", "Shape_Leng": 1222.5888209100001, "Shape_Area": 89694.406560300005 }, "geometry": { "type": "MultiPolygon", "coordinates": [ [ [ [ -100.244662852688364, 25.732616171669765 ], [ -100.243356621615632, 25.733769903783813 ], [ -100.24224718993284, 25.734750097847606 ], [ -100.242141635516077, 25.734820447345367 ], [ -100.242102769480127, 25.7347622592996 ], [ -100.241929124512666, 25.734599777960739 ], [ -100.241873234401581, 25.734543398056591 ], [ -100.240653621836472, 25.733354213499876 ], [ -100.24105029368431, 25.7330213613829 ], [ -100.241070702490063, 25.733001652004965 ], [ -100.241391779474611, 25.732733898869345 ], [ -100.241257617962887, 25.732603865262153 ], [ -100.241942058641527, 25.732019786635437 ], [ -100.241985642229864, 25.731981791502523 ], [ -100.243171386350411, 25.730928038255687 ], [ -100.243451809017003, 25.730993314336665 ], [ -100.243965706082562, 25.731139030167409 ], [ -100.244022275739511, 25.731215175379006 ], [ -100.244507994157075, 25.732138275789943 ], [ -100.244736065651182, 25.732551422749239 ], [ -100.244662852688364, 25.732616171669765 ] ] ] ] } },
{ "type": "Feature", "properties": { "CVEGEO": "1904600010034", "CVE_ENT": "19", "CVE_MUN": "046", "CVE_LOC": "0001", "CVE_ASEN": "0034", "CP": "66475", "FECHA_ACT": "11\/2022", "INSTITUCIO": "SECRETARÍA OBRAS PÚBLICAS Y DESARROLLO URBANO DEL MUNICIPIO DE SAN NICOLÁS DE LOS GARZA", "NOM_ASEN": "SAN ÁNGEL CASA BLANCA PRIMER SECTOR", "TIPO": "COLONIA", "Shape_Leng": 913.45669134900004, "Shape_Area": 22808.585045 }, "geometry": { "type": "MultiPolygon", "coordinates": [ [ [ [ -100.234358794991024, 25.730423802098475 ], [ -100.234427228963739, 25.730208641628437 ], [ -100.234909279140041, 25.73006669736947 ], [ -100.235000597616605, 25.730051521553278 ], [ -100.236199787597286, 25.729862836896444 ], [ -100.236257294427148, 25.729859703427913 ], [ -100.236265980343902, 25.730044811889144 ], [ -100.236111262414013, 25.730058302568352 ], [ -100.235749160456052, 25.731104380666302 ], [ -100.235274062806184, 25.732316887927329 ], [ -100.235096742364206, 25.732324959362206 ], [ -100.235047724471016, 25.732328068223634 ], [ -100.234978076447064, 25.732331591982852 ], [ -100.234982882767767, 25.732015454841736 ], [ -100.235058476279562, 25.732013150168175 ], [ -100.23507583831713, 25.731882102675868 ], [ -100.235122621339599, 25.731811601471879 ], [ -100.235123290550192, 25.731639115150042 ], [ -100.235172185029484, 25.731640206171996 ], [ -100.235194192143069, 25.731529438595782 ], [ -100.235286571202664, 25.731406341774118 ], [ -100.235311907970001, 25.731270127847569 ], [ -100.234959900678433, 25.731257739930459 ], [ -100.234915093376316, 25.731094564071164 ], [ -100.234415099653475, 25.731133004875311 ], [ -100.234757200265761, 25.730334437496001 ], [ -100.234358794991024, 25.730423802098475 ] ] ] ] } },
{ "type": "Feature", "properties": { "CVEGEO": "1904600010035", "CVE_ENT": "19", "CVE_MUN": "046", "CVE_LOC": "0001", "CVE_ASEN": "0035", "CP": "66494", "FECHA_ACT": "11\/2022", "INSTITUCIO": "SECRETARÍA OBRAS PÚBLICAS Y DESARROLLO URBANO DEL MUNICIPIO DE SAN NICOLÁS DE LOS GARZA", "NOM_ASEN": "CENTRAL DE CARGA", "TIPO": "COLONIA", "Shape_Leng": 2149.8121823199999, "Shape_Area": 212574.22556399999 }, "geometry": { "type": "MultiPolygon", "coordinates": [ [ [ [ -100.235821879459735, 25.710932020744135 ], [ -100.235764967715582, 25.71018538258329 ], [ -100.235985389153115, 25.710043691338662 ], [ -100.237023689406783, 25.709773496949264 ], [ -100.237893451041785, 25.709522422935365 ], [ -100.239056806802637, 25.709183435822478 ], [ -100.239178912623103, 25.709147613160955 ], [ -100.239243280673278, 25.709128728238543 ], [ -100.2402088994818, 25.708845437830384 ], [ -100.241020396236451, 25.708608744657276 ], [ -100.241340786096941, 25.708519700363787 ], [ -100.241576943389958, 25.708477059425437 ], [ -100.241782155725446, 25.70845851886326 ], [ -100.241908876508205, 25.708453557112744 ], [ -100.242200690775448, 25.708434546490199 ], [ -100.242374208681454, 25.708404632821935 ], [ -100.242562119255865, 25.708372237481711 ], [ -100.242813387339623, 25.708316463603282 ], [ -100.242982911611904, 25.708287479086788 ], [ -100.243242044890536, 25.708250057569437 ], [ -100.243398556295432, 25.708215676500586 ], [ -100.243513953805618, 25.708147427778322 ], [ -100.243568399436668, 25.708275654457182 ], [ -100.244010244109376, 25.710942263480874 ], [ -100.241783429500089, 25.711246641728827 ], [ -100.241707114447934, 25.71125818591743 ], [ -100.241686625307707, 25.711149744617128 ], [ -100.240226118832908, 25.711361408185201 ], [ -100.239520260649002, 25.711464496701687 ], [ -100.239040514996802, 25.711527289431118 ], [ -100.237821096832903, 25.7116958166934 ], [ -100.236618205666275, 25.711874962175866 ], [ -100.235929092094821, 25.711991325939408 ], [ -100.235821879459735, 25.710932020744135 ] ] ] ] } },
{ "type": "Feature", "properties": { "CVEGEO": "1904600010036", "CVE_ENT": "19", "CVE_MUN": "046", "CVE_LOC": "0001", "CVE_ASEN": "0036", "CP": "66420", "FECHA_ACT": "11\/2022", "INSTITUCIO": "SECRETARÍA OBRAS PÚBLICAS Y DESARROLLO URBANO DEL MUNICIPIO DE SAN NICOLÁS DE LOS GARZA", "NOM_ASEN": "CERRADAS DEL ROBLE", "TIPO": "COLONIA", "Shape_Leng": 944.55750851499999, "Shape_Area": 53803.431836399999 }, "geometry": { "type": "MultiPolygon", "coordinates": [ [ [ [ -100.306045538890004, 25.755508607989512 ], [ -100.305663809417922, 25.75539417549377 ], [ -100.305674536156161, 25.755361157929471 ], [ -100.305769931054684, 25.754950659146552 ], [ -100.305936228367443, 25.754516865273605 ], [ -100.306086501335841, 25.754081421289509 ], [ -100.306246666191257, 25.753632332837118 ], [ -100.3063878655324, 25.753241251932863 ], [ -100.306414911463065, 25.753111730791655 ], [ -100.306675124878382, 25.75311127362086 ], [ -100.307594944316023, 25.75317226514559 ], [ -100.307668830228195, 25.753180453972451 ], [ -100.308173297717488, 25.753269189338525 ], [ -100.308381399540394, 25.7533238500808 ], [ -100.307978119942618, 25.75432729167753 ], [ -100.307675262005048, 25.755127355613915 ], [ -100.307384321930854, 25.755911123926172 ], [ -100.307046489062685, 25.755809627830871 ], [ -100.306045538890004, 25.755508607989512 ] ] ] ] } },
{ "type": "Feature", "properties": { "CVEGEO": "1904600010037", "CVE_ENT": "19", "CVE_MUN": "046", "CVE_LOC": "0001", "CVE_ASEN": "0037", "CP": "66450", "FECHA_ACT": "11\/2022", "INSTITUCIO": "SECRETARÍA OBRAS PÚBLICAS Y DESARROLLO URBANO DEL MUNICIPIO DE SAN NICOLÁS DE LOS GARZA", "NOM_ASEN": "CHAPULTEPEC", "TIPO": "COLONIA", "Shape_Leng": 4096.7677907799998, "Shape_Area": 662197.04353100003 }, "geometry": { "type": "MultiPolygon", "coordinates": [ [ [ [ -100.29375111596255, 25.746939964720205 ], [ -100.294053852315145, 25.746852000660429 ], [ -100.294522247007393, 25.746719162528308 ], [ -100.293851491571701, 25.74533146172833 ], [ -100.293051302250191, 25.743574816148758 ], [ -100.29298816996932, 25.743444659640424 ], [ -100.292958090474755, 25.743376119962196 ], [ -100.292893767986612, 25.743233745978191 ], [ -100.292910061415526, 25.743226306463903 ], [ -100.29304974016506, 25.743162540907708 ], [ -100.29317734761274, 25.743060636389739 ], [ -100.293339662300923, 25.742881232662146 ], [ -100.293407956330228, 25.742767323950023 ], [ -100.293742857301723, 25.742208745401967 ], [ -100.294088744142513, 25.741572784710804 ], [ -100.294220762834158, 25.741444553005646 ], [ -100.294352779405401, 25.741316310273042 ], [ -100.294914179156834, 25.740881454278266 ], [ -100.295880840474737, 25.740221782486707 ], [ -100.296211619517308, 25.739996050219514 ], [ -100.296451206377881, 25.739705668274137 ], [ -100.296585055475546, 25.739433568269696 ], [ -100.296652153628543, 25.739294420392948 ], [ -100.296923171304186, 25.738693319247055 ], [ -100.297024898050367, 25.739000695340081 ], [ -100.298377627490908, 25.739395857847047 ], [ -100.299062713584803, 25.739573413796638 ], [ -100.299837466423568, 25.739755680882457 ], [ -100.301366586741864, 25.739916402999533 ], [ -100.302194638826435, 25.739892608091527 ], [ -100.302434245307438, 25.739864186606397 ], [ -100.302621120138099, 25.739842658687387 ], [ -100.302574360667009, 25.739989211349823 ], [ -100.302559223563506, 25.740040200314514 ], [ -100.302287263396039, 25.740783388994135 ], [ -100.301989690506275, 25.741620231058157 ], [ -100.301945317045792, 25.741762807241621 ], [ -100.301706401780848, 25.742422358368167 ], [ -100.301354435922164, 25.743407455141536 ], [ -100.30121426, 25.743813819554454 ], [ -100.300850663408738, 25.744811478303046 ], [ -100.300722091190707, 25.745159537588489 ], [ -100.300419220484301, 25.746014580392799 ], [ -100.300328168612012, 25.746273174701706 ], [ -100.300222927867154, 25.746561264504432 ], [ -100.300116071199028, 25.746871166413786 ], [ -100.298787864410897, 25.747180428481236 ], [ -100.297362730174939, 25.747522640539867 ], [ -100.295920201044638, 25.747874410032644 ], [ -100.296114826165379, 25.74848925235511 ], [ -100.296232079115711, 25.748867847511864 ], [ -100.296435374612074, 25.749493199937479 ], [ -100.295487112873019, 25.749733244839131 ], [ -100.294598981515051, 25.749943006745347 ], [ -100.294375246815576, 25.749149763064597 ], [ -100.294258163687005, 25.748736209167248 ], [ -100.294150945268612, 25.748341780999752 ], [ -100.294133850532972, 25.748309686930885 ], [ -100.293951087459931, 25.747623425924775 ], [ -100.29375111596255, 25.746939964720205 ] ], [ [ -100.298842282333268, 25.740246415351514 ], [ -100.298641496871312, 25.740801238351999 ], [ -100.298497857037574, 25.74122115092673 ], [ -100.299148331880261, 25.741403217512097 ], [ -100.299277851177877, 25.740899500099466 ], [ -100.299106238219764, 25.740852660484983 ], [ -100.299271897492986, 25.740285278640101 ], [ -100.298850529625554, 25.740212355360136 ], [ -100.298842282333268, 25.740246415351514 ] ] ] ] } },
{ "type": "Feature", "properties": { "CVEGEO": "1904600010038", "CVE_ENT": "19", "CVE_MUN": "046", "CVE_LOC": "0001", "CVE_ASEN": "0038", "CP": "66490", "FECHA_ACT": "11\/2022", "INSTITUCIO": "SECRETARÍA OBRAS PÚBLICAS Y DESARROLLO URBANO DEL MUNICIPIO DE SAN NICOLÁS DE LOS GARZA", "NOM_ASEN": "CIUDAD IDEAL PRIMERA Y SEGUNDO SECTOR", "TIPO": "COLONIA", "Shape_Leng": 1856.5438919600001, "Shape_Area": 146955.48184399999 }, "geometry": { "type": "MultiPolygon", "coordinates": [ [ [ [ -100.246752190743067, 25.705831226170591 ], [ -100.246889955536048, 25.705826426309066 ], [ -100.247697019456837, 25.705827737766185 ], [ -100.248442974454008, 25.705865363990213 ], [ -100.248491692696305, 25.705867821414166 ], [ -100.248711600155843, 25.705878912958028 ], [ -100.24871279492271, 25.705878811890173 ], [ -100.248804683562327, 25.705869266988834 ], [ -100.249594642096895, 25.705740336833188 ], [ -100.249740938969708, 25.705706233807401 ], [ -100.249855217706326, 25.705679595256086 ], [ -100.249958229367778, 25.705647291921345 ], [ -100.250046419165088, 25.705614275007026 ], [ -100.250102370683521, 25.705593327982495 ], [ -100.250407012866589, 25.705441035364498 ], [ -100.250704562359076, 25.705292286449694 ], [ -100.25071479885159, 25.705287044462768 ], [ -100.250716259722509, 25.705292461064513 ], [ -100.250770635520453, 25.705760502624457 ], [ -100.250770643247677, 25.705760597947997 ], [ -100.250793423797077, 25.706210224876614 ], [ -100.250793427508029, 25.706210321062795 ], [ -100.250795010220628, 25.706264544453898 ], [ -100.25079501293061, 25.706264640629009 ], [ -100.250810954494085, 25.706719329215403 ], [ -100.250810959206035, 25.706719425412576 ], [ -100.250843849462399, 25.707245322377002 ], [ -100.250866778714055, 25.70752300952579 ], [ -100.248989053712506, 25.707689980129569 ], [ -100.249008230338973, 25.707891169829814 ], [ -100.249035570031722, 25.708293740229436 ], [ -100.249038619606992, 25.708315289577168 ], [ -100.249060709723551, 25.708728369551483 ], [ -100.249075740034584, 25.708949439705645 ], [ -100.24909017951606, 25.709161830286053 ], [ -100.24911214962674, 25.709566230206143 ], [ -100.249128319718537, 25.709991740387395 ], [ -100.24913364147848, 25.710210809059664 ], [ -100.249080108060312, 25.710219474079633 ], [ -100.247113378594392, 25.710537764160819 ], [ -100.247036517749777, 25.710550202828152 ], [ -100.247017060456855, 25.710287199921694 ], [ -100.247014799639388, 25.710267690133506 ], [ -100.246985260459297, 25.709873999884419 ], [ -100.24698399762714, 25.709831504371149 ], [ -100.246960227439857, 25.709426101016724 ], [ -100.246956054728287, 25.708955564097007 ], [ -100.24693430200773, 25.708527321147709 ], [ -100.246908315799544, 25.70812954269703 ], [ -100.24686811357931, 25.70761729383085 ], [ -100.246838809118259, 25.707098625752963 ], [ -100.246803818566775, 25.706693298575566 ], [ -100.246796733300883, 25.706462616886878 ], [ -100.246752190743067, 25.705831226170591 ] ] ] ] } },
{ "type": "Feature", "properties": { "CVEGEO": "1904600010039", "CVE_ENT": "19", "CVE_MUN": "046", "CVE_LOC": "0001", "CVE_ASEN": "0039", "CP": "66425", "FECHA_ACT": "11\/2022", "INSTITUCIO": "SECRETARÍA OBRAS PÚBLICAS Y DESARROLLO URBANO DEL MUNICIPIO DE SAN NICOLÁS DE LOS GARZA", "NOM_ASEN": "COLINAS DE ANÁHUAC", "TIPO": "COLONIA", "Shape_Leng": 481.71459206999998, "Shape_Area": 11677.0447253 }, "geometry": { "type": "MultiPolygon", "coordinates": [ [ [ [ -100.314916654120495, 25.757074261436966 ], [ -100.314926489744593, 25.75684097004083 ], [ -100.314923035635147, 25.756525542759338 ], [ -100.315296107958403, 25.756504613293725 ], [ -100.316524038644602, 25.75644615793761 ], [ -100.316670398203826, 25.756920896476259 ], [ -100.316742948733463, 25.757131000333832 ], [ -100.315272280404884, 25.757090029944834 ], [ -100.314916654120495, 25.757074261436966 ] ] ] ] } },
{ "type": "Feature", "properties": { "CVEGEO": "1904600010040", "CVE_ENT": "19", "CVE_MUN": "046", "CVE_LOC": "0001", "CVE_ASEN": "0040", "CP": "66465", "FECHA_ACT": "11\/2022", "INSTITUCIO": "SECRETARÍA OBRAS PÚBLICAS Y DESARROLLO URBANO DEL MUNICIPIO DE SAN NICOLÁS DE LOS GARZA", "NOM_ASEN": "COLONIAL LAS PUENTES", "TIPO": "COLONIA", "Shape_Leng": 805.87304715599998, "Shape_Area": 27093.231015900001 }, "geometry": { "type": "MultiPolygon", "coordinates": [ [ [ [ -100.285070211918239, 25.74281047678345 ], [ -100.285109542277908, 25.742657408333852 ], [ -100.285127020815949, 25.742576620621008 ], [ -100.285148488212883, 25.742477395055623 ], [ -100.285240499939718, 25.742025455271534 ], [ -100.285352830098319, 25.741619665834804 ], [ -100.28538526554631, 25.741549609273537 ], [ -100.28543987747311, 25.741430208880953 ], [ -100.285626570036385, 25.741004831216667 ], [ -100.285793308055389, 25.74062487388538 ], [ -100.285829778060773, 25.740543417215655 ], [ -100.285943343454846, 25.740314552865886 ], [ -100.285982343330573, 25.740202936681833 ], [ -100.286061036248114, 25.740197488443183 ], [ -100.286142457383363, 25.74022154091584 ], [ -100.286423308725418, 25.740393356332348 ], [ -100.286587355534024, 25.740503833895659 ], [ -100.286756120769795, 25.740604490520145 ], [ -100.286915990284115, 25.740706374029983 ], [ -100.286934866272873, 25.740717172928598 ], [ -100.287088642422049, 25.740814792726983 ], [ -100.287408496591226, 25.740998683164747 ], [ -100.287300300782078, 25.741059716003733 ], [ -100.28690053159167, 25.741295849384258 ], [ -100.286800419382672, 25.741358066797471 ], [ -100.286673814019309, 25.741451086769764 ], [ -100.286579349697405, 25.741540030982573 ], [ -100.286387651453239, 25.741790653408042 ], [ -100.286306285339563, 25.741872564807629 ], [ -100.286208419229382, 25.7419398998506 ], [ -100.286079788540732, 25.742051239672442 ], [ -100.285601225280686, 25.742473277267351 ], [ -100.285421072647267, 25.742631871221878 ], [ -100.285373513869388, 25.742681751917441 ], [ -100.285326450711267, 25.742739527053111 ], [ -100.285418747865094, 25.742832486321259 ], [ -100.285070211918239, 25.74281047678345 ] ] ] ] } },
{ "type": "Feature", "properties": { "CVEGEO": "1904600010041", "CVE_ENT": "19", "CVE_MUN": "046", "CVE_LOC": "0001", "CVE_ASEN": "0041", "CP": "66480", "FECHA_ACT": "11\/2022", "INSTITUCIO": "SECRETARÍA OBRAS PÚBLICAS Y DESARROLLO URBANO DEL MUNICIPIO DE SAN NICOLÁS DE LOS GARZA", "NOM_ASEN": "CONSTITUYENTES DE QUERETARO PRIMER SECTOR", "TIPO": "COLONIA", "Shape_Leng": 1759.71597589, "Shape_Area": 178335.450847 }, "geometry": { "type": "MultiPolygon", "coordinates": [ [ [ [ -100.250306432369214, 25.716035358503337 ], [ -100.251771440494011, 25.715470477361841 ], [ -100.251914853354236, 25.715408005235457 ], [ -100.252513056833777, 25.715182919587878 ], [ -100.253108710189721, 25.714958790363958 ], [ -100.253998465211055, 25.714623227849447 ], [ -100.254201567272958, 25.714547565314497 ], [ -100.254237670584487, 25.714659895559979 ], [ -100.254501824580061, 25.715481770153065 ], [ -100.254565794043131, 25.715672964693692 ], [ -100.254629763694481, 25.715864159179237 ], [ -100.25465896776106, 25.715951397465336 ], [ -100.254947214912448, 25.716812813687703 ], [ -100.254964965634457, 25.716865861496817 ], [ -100.254978633674469, 25.716917086537769 ], [ -100.255064596128804, 25.717239271998515 ], [ -100.255203880637069, 25.717670891149563 ], [ -100.254993835357396, 25.717739109659838 ], [ -100.254948454654993, 25.717758578421286 ], [ -100.2541845161428, 25.717984940089917 ], [ -100.253612220167966, 25.718920939840835 ], [ -100.253611194877237, 25.718942166408002 ], [ -100.253179480140474, 25.719104090279046 ], [ -100.253254371330826, 25.719238546037086 ], [ -100.25268091302928, 25.71955096826219 ], [ -100.252098420606174, 25.719960711593686 ], [ -100.251443890947925, 25.720222917679649 ], [ -100.251414846607005, 25.720114751375654 ], [ -100.251354143982581, 25.719883372326052 ], [ -100.251304425972862, 25.719693849241743 ], [ -100.251199247157004, 25.719313008904486 ], [ -100.251063165722783, 25.718799763006171 ], [ -100.250956658216822, 25.718351722698429 ], [ -100.250472374703335, 25.716518034006636 ], [ -100.250374236653172, 25.716221135012322 ], [ -100.250306432369214, 25.716035358503337 ] ] ] ] } },
{ "type": "Feature", "properties": { "CVEGEO": "1904600010042", "CVE_ENT": "19", "CVE_MUN": "046", "CVE_LOC": "0001", "CVE_ASEN": "0042", "CP": "66430", "FECHA_ACT": "11\/2022", "INSTITUCIO": "SECRETARÍA OBRAS PÚBLICAS Y DESARROLLO URBANO DEL MUNICIPIO DE SAN NICOLÁS DE LOS GARZA", "NOM_ASEN": "CONGREGACIÓN MARIANO ESCOBEDO", "TIPO": "COLONIA", "Shape_Leng": 645.62948754299998, "Shape_Area": 26032.253291599998 }, "geometry": { "type": "MultiPolygon", "coordinates": [ [ [ [ -100.265100249345409, 25.752506170549978 ], [ -100.265113091352035, 25.752145514124024 ], [ -100.265132126992654, 25.751951587626127 ], [ -100.265158300706318, 25.751858789447599 ], [ -100.265182094581789, 25.751818338721041 ], [ -100.265249911488951, 25.751704123610129 ], [ -100.265317725315882, 25.75159942825071 ], [ -100.265455733900126, 25.751492352637431 ], [ -100.265610398381952, 25.751409072037831 ], [ -100.265853102534663, 25.751356722534915 ], [ -100.266994705391738, 25.751242790925883 ], [ -100.267044102338502, 25.75123786230975 ], [ -100.266983368388438, 25.7515830023675 ], [ -100.266992383112026, 25.751615429958793 ], [ -100.266977887138438, 25.752004360428352 ], [ -100.266974636472284, 25.752202786218817 ], [ -100.266965155514569, 25.752379950958488 ], [ -100.266939792674947, 25.752807159870049 ], [ -100.266218384707059, 25.75268680693754 ], [ -100.265100249345409, 25.752506170549978 ] ] ] ] } },
{ "type": "Feature", "properties": { "CVEGEO": "1904600010043", "CVE_ENT": "19", "CVE_MUN": "046", "CVE_LOC": "0001", "CVE_ASEN": "0043", "CP": "66480", "FECHA_ACT": "11\/2022", "INSTITUCIO": "SECRETARÍA OBRAS PÚBLICAS Y DESARROLLO URBANO DEL MUNICIPIO DE SAN NICOLÁS DE LOS GARZA", "NOM_ASEN": "DEPORTIVO LAGRANGE", "TIPO": "COLONIA", "Shape_Leng": 1362.2400826099999, "Shape_Area": 48703.950344800003 }, "geometry": { "type": "MultiPolygon", "coordinates": [ [ [ [ -100.265639864001145, 25.727580320063158 ], [ -100.265511250486625, 25.726946832702247 ], [ -100.265550030441332, 25.726915702539046 ], [ -100.265458602047175, 25.726486982335096 ], [ -100.265266978933965, 25.725694589748976 ], [ -100.2651871971227, 25.725321327171798 ], [ -100.265075302547601, 25.724898038060783 ], [ -100.264992138444342, 25.724490578063776 ], [ -100.264834677464293, 25.72378330591836 ], [ -100.264701110230973, 25.723191487059552 ], [ -100.265114366780779, 25.723075064530288 ], [ -100.265521421786502, 25.722961018295262 ], [ -100.265601589793576, 25.723268944209835 ], [ -100.265658984402336, 25.723488737042835 ], [ -100.265797468747465, 25.724001273928113 ], [ -100.265905224815015, 25.724476968363348 ], [ -100.265926886333816, 25.724543507518817 ], [ -100.266013277171567, 25.724920772416827 ], [ -100.266022025489278, 25.724979904010986 ], [ -100.266106092696532, 25.725350875801006 ], [ -100.266180873907174, 25.725648485288826 ], [ -100.266159747829363, 25.725719534374832 ], [ -100.266163142659551, 25.72574111676867 ], [ -100.266150306543167, 25.726148567474805 ], [ -100.266146104909993, 25.726275432662074 ], [ -100.266146073988921, 25.726276323918075 ], [ -100.266142324693519, 25.726383027501665 ], [ -100.266155067007944, 25.726629751415079 ], [ -100.266172458893578, 25.726793026536861 ], [ -100.26629789998988, 25.727058215910805 ], [ -100.266303890400067, 25.727068690390823 ], [ -100.266377020627829, 25.727236359818122 ], [ -100.266419302519608, 25.727335460458075 ], [ -100.266408204779211, 25.727590338386932 ], [ -100.266355243225931, 25.728402808196513 ], [ -100.266051028291727, 25.728555445780398 ], [ -100.26599425065541, 25.728574499782674 ], [ -100.265841975712235, 25.728580229599622 ], [ -100.265639864001145, 25.727580320063158 ] ] ] ] } },
{ "type": "Feature", "properties": { "CVEGEO": "1904600010045", "CVE_ENT": "19", "CVE_MUN": "046", "CVE_LOC": "0001", "CVE_ASEN": "0045", "CP": "66490", "FECHA_ACT": "11\/2022", "INSTITUCIO": "SECRETARÍA OBRAS PÚBLICAS Y DESARROLLO URBANO DEL MUNICIPIO DE SAN NICOLÁS DE LOS GARZA", "NOM_ASEN": "CONSTITUYENTES DE QUERETARO SEGUNDO SECTOR", "TIPO": "COLONIA", "Shape_Leng": 2381.308933, "Shape_Area": 336838.97812799999 }, "geometry": { "type": "MultiPolygon", "coordinates": [ [ [ [ -100.256688784683817, 25.713636437035742 ], [ -100.25668910864097, 25.713636320876059 ], [ -100.256728250180274, 25.713622280336807 ], [ -100.256879594436853, 25.713563832027187 ], [ -100.257129522848132, 25.713467576670563 ], [ -100.257217871849519, 25.713435337722178 ], [ -100.258085776240506, 25.713125940375939 ], [ -100.258344604006012, 25.713058203515203 ], [ -100.258544305632796, 25.713005861085286 ], [ -100.258603995658547, 25.712990207582408 ], [ -100.258918408447769, 25.712907962025547 ], [ -100.258960540776044, 25.71289694156161 ], [ -100.259143199199784, 25.71284846533414 ], [ -100.259229008616202, 25.71282568117535 ], [ -100.25957337312505, 25.712738822197647 ], [ -100.259624079590878, 25.712726029164511 ], [ -100.260022185226092, 25.712619831780952 ], [ -100.26037458623145, 25.712526936067029 ], [ -100.261084510321197, 25.712297059109996 ], [ -100.261265051001956, 25.712539788164904 ], [ -100.26129273638513, 25.712574395894123 ], [ -100.261730608893075, 25.713143336194811 ], [ -100.261901207566282, 25.713374997416185 ], [ -100.261949580396575, 25.713441219682483 ], [ -100.261975004499448, 25.713470129005131 ], [ -100.262111131555343, 25.71362491131103 ], [ -100.26225544495783, 25.713799387738376 ], [ -100.262537605860189, 25.714126707399 ], [ -100.262745625059082, 25.714386568457577 ], [ -100.262789082215221, 25.714439340642976 ], [ -100.263007304513692, 25.714711826527289 ], [ -100.263088611444985, 25.71481354141498 ], [ -100.263249863962272, 25.715013977440403 ], [ -100.263485864855795, 25.715307700468887 ], [ -100.263721934556727, 25.715602123133333 ], [ -100.264008833904384, 25.715960167960439 ], [ -100.264057540730121, 25.715980415259402 ], [ -100.263815807663079, 25.716166530073483 ], [ -100.263723509333104, 25.716237591559235 ], [ -100.263612122998708, 25.716325428511066 ], [ -100.263078111892995, 25.716763267143055 ], [ -100.262791814942332, 25.71701863039458 ], [ -100.262093169872443, 25.717641798982008 ], [ -100.261831551043386, 25.717867922264944 ], [ -100.261534007502561, 25.718123838949012 ], [ -100.261240396613942, 25.718385828095144 ], [ -100.260761098335649, 25.718841496265707 ], [ -100.260606293993447, 25.718989185292187 ], [ -100.260597307284357, 25.718997803014641 ], [ -100.259426506847234, 25.720076465814234 ], [ -100.259404120925367, 25.720097028524791 ], [ -100.259016945858264, 25.719226554358023 ], [ -100.258959879975365, 25.719180300997557 ], [ -100.25879117410301, 25.718732233616802 ], [ -100.258775908270835, 25.718689530110737 ], [ -100.258528443720721, 25.71807562896776 ], [ -100.258404892911287, 25.717771638826026 ], [ -100.258134777049207, 25.71712414710877 ], [ -100.257989733807975, 25.716751695581177 ], [ -100.257742365075615, 25.716164349016175 ], [ -100.257610905801073, 25.715860074798034 ], [ -100.257471106533771, 25.715533792211563 ], [ -100.257257096956494, 25.715074232720841 ], [ -100.257254778328502, 25.714992557011477 ], [ -100.257056204447665, 25.71453375379788 ], [ -100.256688784683817, 25.713636437035742 ] ] ] ] } },
{ "type": "Feature", "properties": { "CVEGEO": "1904600010046", "CVE_ENT": "19", "CVE_MUN": "046", "CVE_LOC": "0001", "CVE_ASEN": "0046", "CP": "66490", "FECHA_ACT": "11\/2022", "INSTITUCIO": "SECRETARÍA OBRAS PÚBLICAS Y DESARROLLO URBANO DEL MUNICIPIO DE SAN NICOLÁS DE LOS GARZA", "NOM_ASEN": "CONSTITUYENTES DE QUERETARO TERCER SECTOR", "TIPO": "COLONIA", "Shape_Leng": 2213.2782530999998, "Shape_Area": 260232.48140300001 }, "geometry": { "type": "MultiPolygon", "coordinates": [ [ [ [ -100.254993835357396, 25.717739109659838 ], [ -100.255203880637069, 25.717670891149563 ], [ -100.255821488837839, 25.719667076731596 ], [ -100.255833497514814, 25.719715905090663 ], [ -100.255845506200714, 25.719764733446905 ], [ -100.256487083397744, 25.721801940118343 ], [ -100.256745511493136, 25.722270800665296 ], [ -100.256779024305459, 25.722331602428866 ], [ -100.256700363358931, 25.72240311991618 ], [ -100.25664791451166, 25.722454490897249 ], [ -100.256207064789024, 25.722839773009518 ], [ -100.255897685207273, 25.723110155470962 ], [ -100.255607868376998, 25.723363058743637 ], [ -100.25547693361861, 25.723475585426808 ], [ -100.255436050014524, 25.723511821037278 ], [ -100.255332333015772, 25.723603745304413 ], [ -100.255022953873592, 25.723873374926168 ], [ -100.255003733927666, 25.723890644924719 ], [ -100.25493948139335, 25.723941336449641 ], [ -100.25481368945178, 25.724040579740279 ], [ -100.254485482276095, 25.724299410378219 ], [ -100.253550748733701, 25.725078298600195 ], [ -100.253184248637851, 25.725398933402772 ], [ -100.253152806608611, 25.725427328002649 ], [ -100.252793247279683, 25.725745095146767 ], [ -100.252717433805685, 25.725339568155245 ], [ -100.252654430540503, 25.725071478263114 ], [ -100.25236699452114, 25.723848317167331 ], [ -100.252038045262267, 25.722543702008927 ], [ -100.251940508380883, 25.722150180270731 ], [ -100.251931284642978, 25.722112954182972 ], [ -100.251848971480555, 25.721758994859641 ], [ -100.251840791313427, 25.721723765740361 ], [ -100.251545536540917, 25.720601534437954 ], [ -100.251443890947925, 25.720222917679649 ], [ -100.252098420606174, 25.719960711593686 ], [ -100.25268091302928, 25.71955096826219 ], [ -100.253254371330826, 25.719238546037086 ], [ -100.253179480140474, 25.719104090279046 ], [ -100.253611194877237, 25.718942166408002 ], [ -100.253612220167966, 25.718920939840835 ], [ -100.2541845161428, 25.717984940089917 ], [ -100.254948454654993, 25.717758578421286 ], [ -100.254993835357396, 25.717739109659838 ] ] ] ] } },
{ "type": "Feature", "properties": { "CVEGEO": "1904600010047", "CVE_ENT": "19", "CVE_MUN": "046", "CVE_LOC": "0001", "CVE_ASEN": "0047", "CP": "66490", "FECHA_ACT": "11\/2022", "INSTITUCIO": "SECRETARÍA OBRAS PÚBLICAS Y DESARROLLO URBANO DEL MUNICIPIO DE SAN NICOLÁS DE LOS GARZA", "NOM_ASEN": "CONSTITUYENTES DE QUERETARO CUARTO SECTOR", "TIPO": "COLONIA", "Shape_Leng": 1699.90584193, "Shape_Area": 176820.986596 }, "geometry": { "type": "MultiPolygon", "coordinates": [ [ [ [ -100.265267024382851, 25.714913687595882 ], [ -100.264743429741998, 25.71539440336754 ], [ -100.264108829524631, 25.715936689602145 ], [ -100.264057540730121, 25.715980415259402 ], [ -100.264008833904384, 25.715960167960439 ], [ -100.263721934556727, 25.715602123133333 ], [ -100.263485864855795, 25.715307700468887 ], [ -100.263249863962272, 25.715013977440403 ], [ -100.263088611444985, 25.71481354141498 ], [ -100.263007304513692, 25.714711826527289 ], [ -100.262789082215221, 25.714439340642976 ], [ -100.262745625059082, 25.714386568457577 ], [ -100.262537605860189, 25.714126707399 ], [ -100.26225544495783, 25.713799387738376 ], [ -100.262111131555343, 25.71362491131103 ], [ -100.261975004499448, 25.713470129005131 ], [ -100.261949580396575, 25.713441219682483 ], [ -100.261901207566282, 25.713374997416185 ], [ -100.261730608893075, 25.713143336194811 ], [ -100.26129273638513, 25.712574395894123 ], [ -100.261265051001956, 25.712539788164904 ], [ -100.261084510321197, 25.712297059109996 ], [ -100.261171420336083, 25.712269339981411 ], [ -100.26139579059236, 25.712197782925116 ], [ -100.261495079804035, 25.712134659631737 ], [ -100.262120520269804, 25.711737060144081 ], [ -100.262996851362942, 25.711179952573485 ], [ -100.263047759516368, 25.711147583421777 ], [ -100.263948401280047, 25.710575023839894 ], [ -100.264082227232009, 25.710492312168419 ], [ -100.264204286466182, 25.710597570301381 ], [ -100.264295430502372, 25.710683635940153 ], [ -100.264526669848863, 25.710898228208219 ], [ -100.265269595183838, 25.711707814515524 ], [ -100.266034696196812, 25.712577468713523 ], [ -100.266632702154226, 25.713161889598577 ], [ -100.266944462255665, 25.713447541267623 ], [ -100.266764649619716, 25.713599053704225 ], [ -100.266465925732902, 25.713866862999691 ], [ -100.265267024382851, 25.714913687595882 ] ] ] ] } },
{ "type": "Feature", "properties": { "CVEGEO": "1904600010048", "CVE_ENT": "19", "CVE_MUN": "046", "CVE_LOC": "0001", "CVE_ASEN": "0048", "CP": "66490", "FECHA_ACT": "11\/2022", "INSTITUCIO": "SECRETARÍA OBRAS PÚBLICAS Y DESARROLLO URBANO DEL MUNICIPIO DE SAN NICOLÁS DE LOS GARZA", "NOM_ASEN": "CONSTITUYENTES DE QUERETARO QUINTO SECTOR", "TIPO": "COLONIA", "Shape_Leng": 1449.6821462099999, "Shape_Area": 120402.204063 }, "geometry": { "type": "MultiPolygon", "coordinates": [ [ [ [ -100.267427174825201, 25.708346479542307 ], [ -100.267532894372792, 25.708380245099072 ], [ -100.267606282166426, 25.708419205043604 ], [ -100.267667643093901, 25.708525710227601 ], [ -100.267806603477879, 25.708712978992917 ], [ -100.26783187046162, 25.708904043034927 ], [ -100.267841092169192, 25.709071233601527 ], [ -100.267851053274711, 25.70913047344856 ], [ -100.267875419962124, 25.70921409939815 ], [ -100.267874641641981, 25.709570467743539 ], [ -100.267878718158613, 25.710050748890474 ], [ -100.267861639064634, 25.710704731322455 ], [ -100.267858252849777, 25.710760011006251 ], [ -100.267853407218482, 25.71147408849998 ], [ -100.267848206367461, 25.711593005082715 ], [ -100.267837792331136, 25.711826204092343 ], [ -100.267819236777726, 25.711934108366417 ], [ -100.267733317696639, 25.712341938549411 ], [ -100.267651630102293, 25.712508073102452 ], [ -100.267594241828874, 25.712639915908653 ], [ -100.267521094616939, 25.712761507374633 ], [ -100.267347898690886, 25.712995756346697 ], [ -100.267200859443491, 25.713175574311421 ], [ -100.267019590837833, 25.713359577023809 ], [ -100.266944462255665, 25.713447541267623 ], [ -100.266632702154226, 25.713161889598577 ], [ -100.266034696196812, 25.712577468713523 ], [ -100.265269595183838, 25.711707814515524 ], [ -100.264526669848863, 25.710898228208219 ], [ -100.264295430502372, 25.710683635940153 ], [ -100.264204286466182, 25.710597570301381 ], [ -100.264082227232009, 25.710492312168419 ], [ -100.264260188441696, 25.710371379715777 ], [ -100.264923488754349, 25.709940026209011 ], [ -100.265943320149646, 25.70926934028175 ], [ -100.265961530671092, 25.709257364746101 ], [ -100.26603973008524, 25.709205942137555 ], [ -100.267191578532064, 25.708454197095374 ], [ -100.267285054266324, 25.708389032718252 ], [ -100.267427174825201, 25.708346479542307 ] ] ] ] } },
{ "type": "Feature", "properties": { "CVEGEO": "1904600010049", "CVE_ENT": "19", "CVE_MUN": "046", "CVE_LOC": "0001", "CVE_ASEN": "0049", "CP": "66490", "FECHA_ACT": "11\/2022", "INSTITUCIO": "SECRETARÍA OBRAS PÚBLICAS Y DESARROLLO URBANO DEL MUNICIPIO DE SAN NICOLÁS DE LOS GARZA", "NOM_ASEN": "CONSTITUYENTES DE QUERETARO SEXTO SECTOR", "TIPO": "COLONIA", "Shape_Leng": 2007.8927529600001, "Shape_Area": 125395.696644 }, "geometry": { "type": "MultiPolygon", "coordinates": [ [ [ [ -100.266944462255665, 25.713447541267623 ], [ -100.267019590837833, 25.713359577023809 ], [ -100.267200859443491, 25.713175574311421 ], [ -100.267347898690886, 25.712995756346697 ], [ -100.267521094616939, 25.712761507374633 ], [ -100.267594241828874, 25.712639915908653 ], [ -100.267651630102293, 25.712508073102452 ], [ -100.267733317696639, 25.712341938549411 ], [ -100.267819236777726, 25.711934108366417 ], [ -100.267837792331136, 25.711826204092343 ], [ -100.267848206367461, 25.711593005082715 ], [ -100.267853407218482, 25.71147408849998 ], [ -100.267858252849777, 25.710760011006251 ], [ -100.267861639064634, 25.710704731322455 ], [ -100.267878718158613, 25.710050748890474 ], [ -100.267874641641981, 25.709570467743539 ], [ -100.267875419962124, 25.70921409939815 ], [ -100.267851053274711, 25.70913047344856 ], [ -100.267841092169192, 25.709071233601527 ], [ -100.26783187046162, 25.708904043034927 ], [ -100.267806603477879, 25.708712978992917 ], [ -100.267667643093901, 25.708525710227601 ], [ -100.267606282166426, 25.708419205043604 ], [ -100.267532894372792, 25.708380245099072 ], [ -100.267427174825201, 25.708346479542307 ], [ -100.268239830017151, 25.707996922909455 ], [ -100.268443690048613, 25.708169770134308 ], [ -100.268568967799325, 25.708220232333449 ], [ -100.268623060364831, 25.708242018458357 ], [ -100.268804707070345, 25.708247658563149 ], [ -100.268953968533793, 25.708252292174489 ], [ -100.270420860482773, 25.70825195869493 ], [ -100.270461381919446, 25.708251952442144 ], [ -100.271419835660112, 25.708234563695775 ], [ -100.271451951695028, 25.708233982868123 ], [ -100.272724034181252, 25.708225180582307 ], [ -100.272894552254286, 25.708224000709414 ], [ -100.272658715959409, 25.708426420918936 ], [ -100.272297351524074, 25.708736676745787 ], [ -100.271882243068404, 25.709094642316941 ], [ -100.271488285556259, 25.709453374629675 ], [ -100.271066480808344, 25.70980018093875 ], [ -100.270683597637785, 25.710137823072902 ], [ -100.269975309513512, 25.710757580418623 ], [ -100.2698832894134, 25.710825511365663 ], [ -100.269582880959632, 25.711094026948839 ], [ -100.268672081501123, 25.711900092967518 ], [ -100.268343699682688, 25.712181087313169 ], [ -100.267011170707676, 25.713512681056134 ], [ -100.266944462255665, 25.713447541267623 ] ] ] ] } },
{ "type": "Feature", "properties": { "CVEGEO": "1904600010050", "CVE_ENT": "19", "CVE_MUN": "046", "CVE_LOC": "0001", "CVE_ASEN": "0050", "CP": "66410", "FECHA_ACT": "11\/2022", "INSTITUCIO": "SECRETARÍA OBRAS PÚBLICAS Y DESARROLLO URBANO DEL MUNICIPIO DE SAN NICOLÁS DE LOS GARZA", "NOM_ASEN": "CONSTITUYENTES DEL 17", "TIPO": "COLONIA", "Shape_Leng": 1033.5664584199999, "Shape_Area": 50752.541613599999 }, "geometry": { "type": "MultiPolygon", "coordinates": [ [ [ [ -100.269706763030442, 25.76438684784047 ], [ -100.269729929362043, 25.764269522941817 ], [ -100.269753334807092, 25.764146577329427 ], [ -100.26981696006024, 25.763822858068689 ], [ -100.269839884938762, 25.763693569131629 ], [ -100.269828095762449, 25.763223253207926 ], [ -100.269827911692261, 25.763051827115657 ], [ -100.269827631278304, 25.762788696330642 ], [ -100.269827465488774, 25.762631535467417 ], [ -100.269902941970244, 25.76243479283756 ], [ -100.269935129228969, 25.762347019772577 ], [ -100.270099284614432, 25.761913976004013 ], [ -100.270169273764566, 25.761735708401037 ], [ -100.270223155405645, 25.761598460194865 ], [ -100.270618446868227, 25.761681672346228 ], [ -100.270656531868184, 25.761688899691929 ], [ -100.270693598521873, 25.761695880092127 ], [ -100.271581190007225, 25.761909777554852 ], [ -100.271526299083689, 25.762073286949871 ], [ -100.271515586856665, 25.762106022927195 ], [ -100.271504572539698, 25.762139631755467 ], [ -100.271402284046346, 25.762452216764768 ], [ -100.271391812282275, 25.762484189851886 ], [ -100.271380870249146, 25.76251763075134 ], [ -100.271292134238578, 25.762788740088816 ], [ -100.271279832322406, 25.762826517851984 ], [ -100.27126733782616, 25.76286446583849 ], [ -100.271167877886327, 25.763168388841336 ], [ -100.271157072690116, 25.76320132328927 ], [ -100.271146028239798, 25.763234924479878 ], [ -100.271086659509734, 25.763450605316173 ], [ -100.271853070798628, 25.763589880736113 ], [ -100.271744621801446, 25.764014021118339 ], [ -100.271570385656261, 25.764765635977078 ], [ -100.27051484366784, 25.764542408090573 ], [ -100.269706763030442, 25.76438684784047 ] ] ] ] } },
{ "type": "Feature", "properties": { "CVEGEO": "1904600010051", "CVE_ENT": "19", "CVE_MUN": "046", "CVE_LOC": "0001", "CVE_ASEN": "0051", "CP": "66470", "FECHA_ACT": "11\/2022", "INSTITUCIO": "SECRETARÍA OBRAS PÚBLICAS Y DESARROLLO URBANO DEL MUNICIPIO DE SAN NICOLÁS DE LOS GARZA", "NOM_ASEN": "COSTA DEL SOL PRIMER SECTOR", "TIPO": "COLONIA", "Shape_Leng": 1106.38120815, "Shape_Area": 73781.893602099997 }, "geometry": { "type": "MultiPolygon", "coordinates": [ [ [ [ -100.245437237646328, 25.727248389371905 ], [ -100.245331293328235, 25.727292883465783 ], [ -100.245249626209912, 25.727325614098529 ], [ -100.245107320133016, 25.727382769676982 ], [ -100.245024646926524, 25.727411692277787 ], [ -100.244573329413555, 25.726524678588049 ], [ -100.244567138239248, 25.72633771760491 ], [ -100.244615475717211, 25.726088811559595 ], [ -100.244950574490801, 25.725082595036653 ], [ -100.245375379723797, 25.723880552163219 ], [ -100.245613490253518, 25.723960309999768 ], [ -100.246045350751274, 25.72409609264221 ], [ -100.246252260058711, 25.724176139653647 ], [ -100.246324230835697, 25.724152111806248 ], [ -100.24651320600519, 25.724062634273498 ], [ -100.246519813904428, 25.724058836309943 ], [ -100.246880466769639, 25.724725580110917 ], [ -100.246853572432528, 25.724773272548241 ], [ -100.247468633636132, 25.725888990701918 ], [ -100.247710572988652, 25.726306818609533 ], [ -100.246492651479429, 25.726810637844395 ], [ -100.245570333449024, 25.727195358123641 ], [ -100.245437237646328, 25.727248389371905 ] ] ] ] } },
{ "type": "Feature", "properties": { "CVEGEO": "1904600010052", "CVE_ENT": "19", "CVE_MUN": "046", "CVE_LOC": "0001", "CVE_ASEN": "0052", "CP": "66470", "FECHA_ACT": "11\/2022", "INSTITUCIO": "SECRETARÍA OBRAS PÚBLICAS Y DESARROLLO URBANO DEL MUNICIPIO DE SAN NICOLÁS DE LOS GARZA", "NOM_ASEN": "COSTA DEL SOL SEGUNDO SECTOR", "TIPO": "COLONIA", "Shape_Leng": 1151.1017177199999, "Shape_Area": 71467.681488699993 }, "geometry": { "type": "MultiPolygon", "coordinates": [ [ [ [ -100.245331293328235, 25.727292883465783 ], [ -100.245437237646328, 25.727248389371905 ], [ -100.245570333449024, 25.727195358123641 ], [ -100.246492651479429, 25.726810637844395 ], [ -100.247710572988652, 25.726306818609533 ], [ -100.247939081358879, 25.726702935802326 ], [ -100.24814692586331, 25.727072215702108 ], [ -100.248147402912181, 25.72707307629538 ], [ -100.24835864045761, 25.727456888334054 ], [ -100.248358789007355, 25.727457159360792 ], [ -100.248358873055793, 25.727457312669078 ], [ -100.248359279672258, 25.727458050035267 ], [ -100.248585753257871, 25.727864047058844 ], [ -100.248779919028792, 25.728204801223708 ], [ -100.248874333140691, 25.728372916500188 ], [ -100.248874389865705, 25.728373016899045 ], [ -100.248984574526744, 25.728569212591626 ], [ -100.249163925919504, 25.728878273543593 ], [ -100.248916293177032, 25.729026509146692 ], [ -100.248375294510197, 25.729501162016572 ], [ -100.248291637424543, 25.729569882375809 ], [ -100.248015694316379, 25.72982217506204 ], [ -100.247833455243878, 25.729981566755843 ], [ -100.247782117387899, 25.729847343051912 ], [ -100.247428791232295, 25.729306809162836 ], [ -100.246897010270729, 25.728698182527879 ], [ -100.246571249313121, 25.728404737150868 ], [ -100.246541472694844, 25.728377913509675 ], [ -100.246509533041177, 25.728349318997836 ], [ -100.245412662096285, 25.727367345923462 ], [ -100.245331293328235, 25.727292883465783 ] ] ] ] } },
{ "type": "Feature", "properties": { "CVEGEO": "1904600010053", "CVE_ENT": "19", "CVE_MUN": "046", "CVE_LOC": "0001", "CVE_ASEN": "0053", "CP": "66486", "FECHA_ACT": "11\/2022", "INSTITUCIO": "SECRETARÍA OBRAS PÚBLICAS Y DESARROLLO URBANO DEL MUNICIPIO DE SAN NICOLÁS DE LOS GARZA", "NOM_ASEN": "CUATRO DE OCTUBRE (FOMERREY 72)", "TIPO": "COLONIA", "Shape_Leng": 1213.7169264900001, "Shape_Area": 85899.274069599996 }, "geometry": { "type": "MultiPolygon", "coordinates": [ [ [ [ -100.273747849079129, 25.723278773500777 ], [ -100.273829329943041, 25.723241529155793 ], [ -100.274920855270437, 25.722740439954009 ], [ -100.275038294755262, 25.72268672535802 ], [ -100.275202922920215, 25.722588117741058 ], [ -100.275397274302023, 25.722806688812675 ], [ -100.27605510944359, 25.723547124401904 ], [ -100.276602900409472, 25.724141345422268 ], [ -100.277188698245013, 25.724776659185309 ], [ -100.277307544470389, 25.72490220059948 ], [ -100.277155855454325, 25.725010822976905 ], [ -100.277094042207978, 25.725035855104448 ], [ -100.275557070720438, 25.725658156905116 ], [ -100.274760101061247, 25.7259787675643 ], [ -100.273871283658437, 25.726342440986571 ], [ -100.273869904637877, 25.725931077246759 ], [ -100.273869354098935, 25.725820136229601 ], [ -100.273859747819884, 25.725352734372436 ], [ -100.273813192279363, 25.725319418283664 ], [ -100.273795267275517, 25.724914257370067 ], [ -100.273800672156852, 25.724862884961055 ], [ -100.27378001201761, 25.724430568895933 ], [ -100.27377885378263, 25.724399275146876 ], [ -100.273771419325556, 25.723965289089417 ], [ -100.273752102734804, 25.723467600622431 ], [ -100.273747849079129, 25.723278773500777 ] ] ] ] } },
{ "type": "Feature", "properties": { "CVEGEO": "1904600010054", "CVE_ENT": "19", "CVE_MUN": "046", "CVE_LOC": "0001", "CVE_ASEN": "0054", "CP": "66450", "FECHA_ACT": "11\/2022", "INSTITUCIO": "SECRETARÍA OBRAS PÚBLICAS Y DESARROLLO URBANO DEL MUNICIPIO DE SAN NICOLÁS DE LOS GARZA", "NOM_ASEN": "CUAUHTÉMOC PRIMER SECTOR", "TIPO": "COLONIA", "Shape_Leng": 2170.2549243799999, "Shape_Area": 240946.534506 }, "geometry": { "type": "MultiPolygon", "coordinates": [ [ [ [ -100.299563376366265, 25.730839056057405 ], [ -100.299446488131153, 25.730743422858882 ], [ -100.298988227033433, 25.730373775939647 ], [ -100.298884247324494, 25.730291055268552 ], [ -100.298476711229071, 25.730014446618402 ], [ -100.298067147910885, 25.729725012617088 ], [ -100.297579114598264, 25.729530595550237 ], [ -100.297205410681286, 25.729383750189925 ], [ -100.296589814103555, 25.729155682104949 ], [ -100.296727586310482, 25.728842114510758 ], [ -100.296829382752023, 25.728616883437148 ], [ -100.296949920848093, 25.728337669077163 ], [ -100.297061128612881, 25.728130200305593 ], [ -100.297064119689892, 25.72812461989782 ], [ -100.297192650388197, 25.727877577617075 ], [ -100.297341135749022, 25.727607202881682 ], [ -100.297480184271862, 25.727418547913434 ], [ -100.2976980227822, 25.727166848295827 ], [ -100.297861202754262, 25.726975424788879 ], [ -100.298085341960729, 25.726718238672973 ], [ -100.298241142319625, 25.726528087744821 ], [ -100.298388477652637, 25.726333985421231 ], [ -100.301212340582794, 25.728278749327846 ], [ -100.301682576565639, 25.728602450068728 ], [ -100.301874970346091, 25.728760813148146 ], [ -100.301994866964435, 25.728914870225108 ], [ -100.302540357605139, 25.729682819105378 ], [ -100.30257546049404, 25.729980739580682 ], [ -100.302586876286355, 25.730007001947616 ], [ -100.302876669545682, 25.73067368103224 ], [ -100.302933441123159, 25.730696353415631 ], [ -100.303037993750991, 25.731287183167893 ], [ -100.303090139085242, 25.731632742211019 ], [ -100.303070580454843, 25.73187073986163 ], [ -100.303069804032646, 25.731892230326864 ], [ -100.30305734132638, 25.732237293586888 ], [ -100.303043414140518, 25.732434447292551 ], [ -100.303004618970036, 25.732628816589099 ], [ -100.302919682041448, 25.732965902138243 ], [ -100.302911206864962, 25.732997133850528 ], [ -100.302776135663578, 25.733494278141748 ], [ -100.302642580064017, 25.733487279284219 ], [ -100.301340630318677, 25.733070629944194 ], [ -100.301327935823238, 25.733066568231141 ], [ -100.301173147246715, 25.73299066907099 ], [ -100.300914026585005, 25.73273151242589 ], [ -100.300807280016244, 25.732570552336451 ], [ -100.300486519949061, 25.73190667808624 ], [ -100.300311758027249, 25.731608368581732 ], [ -100.299563376366265, 25.730839056057405 ] ] ] ] } },
{ "type": "Feature", "properties": { "CVEGEO": "1904600010055", "CVE_ENT": "19", "CVE_MUN": "046", "CVE_LOC": "0001", "CVE_ASEN": "0055", "CP": "66480", "FECHA_ACT": "11\/2022", "INSTITUCIO": "SECRETARÍA OBRAS PÚBLICAS Y DESARROLLO URBANO DEL MUNICIPIO DE SAN NICOLÁS DE LOS GARZA", "NOM_ASEN": "DÍAZ ORDAZ", "TIPO": "COLONIA", "Shape_Leng": 1785.7804258599999, "Shape_Area": 77731.936340500004 }, "geometry": { "type": "MultiPolygon", "coordinates": [ [ [ [ -100.273715081192549, 25.720923221347704 ], [ -100.272783765902872, 25.719898203476195 ], [ -100.272586491080929, 25.719961742803889 ], [ -100.272219852161271, 25.720224075065055 ], [ -100.271866598877054, 25.720477834296947 ], [ -100.271391107372835, 25.718640038140641 ], [ -100.271904411065307, 25.718923044591055 ], [ -100.272076214073905, 25.718987941284656 ], [ -100.271894778867519, 25.718256579790744 ], [ -100.271858774321046, 25.718218403980618 ], [ -100.271663628746069, 25.717459295098685 ], [ -100.271425998049466, 25.716649612361895 ], [ -100.27114791895346, 25.715633977775411 ], [ -100.271054600460261, 25.715551357583617 ], [ -100.272182805742744, 25.714754557281164 ], [ -100.272146613383498, 25.71492133725728 ], [ -100.272571877131327, 25.716394497901653 ], [ -100.272637239141929, 25.716598126078622 ], [ -100.272783442183908, 25.717191332408582 ], [ -100.273003270223597, 25.718000072882365 ], [ -100.273190896189547, 25.718763297168195 ], [ -100.273204330095894, 25.718824103297241 ], [ -100.273320064590038, 25.719199944329521 ], [ -100.273393172703763, 25.719397724291593 ], [ -100.273453930720379, 25.719597049298681 ], [ -100.273560740146877, 25.719954884412353 ], [ -100.273632962988188, 25.720224464888545 ], [ -100.273781431205933, 25.720763440848813 ], [ -100.273750776077577, 25.720837257074944 ], [ -100.273715081192549, 25.720923221347704 ] ] ] ] } },
{ "type": "Feature", "properties": { "CVEGEO": "1904600010056", "CVE_ENT": "19", "CVE_MUN": "046", "CVE_LOC": "0001", "CVE_ASEN": "0056", "CP": "00000", "FECHA_ACT": "11\/2022", "INSTITUCIO": "SECRETARÍA OBRAS PÚBLICAS Y DESARROLLO URBANO DEL MUNICIPIO DE SAN NICOLÁS DE LOS GARZA", "NOM_ASEN": "ECOCENTRO INDUSTRIAL", "TIPO": "COLONIA", "Shape_Leng": 2290.9663163, "Shape_Area": 273130.71395399998 }, "geometry": { "type": "MultiPolygon", "coordinates": [ [ [ [ -100.254282433647759, 25.734490639745026 ], [ -100.254150221444746, 25.734374156053498 ], [ -100.253668554095796, 25.73328936270865 ], [ -100.25359126595346, 25.733174878258449 ], [ -100.253379576571433, 25.732723712963676 ], [ -100.253344647066044, 25.732650224440007 ], [ -100.252977835608462, 25.73190301306861 ], [ -100.252563857012376, 25.731076500418251 ], [ -100.252669558937072, 25.731009420703057 ], [ -100.257345748611769, 25.729333501003936 ], [ -100.258347626880436, 25.729339601711533 ], [ -100.258647910202072, 25.729674400266344 ], [ -100.258961998756106, 25.729927097592405 ], [ -100.259460258448229, 25.730318280627419 ], [ -100.259635862525357, 25.730675200652207 ], [ -100.259961567224195, 25.730502994398609 ], [ -100.260131540777834, 25.730522021127179 ], [ -100.260529846479727, 25.730744872906296 ], [ -100.260723093605904, 25.731026901226357 ], [ -100.260802086650642, 25.731479171812644 ], [ -100.26095924607209, 25.731436260428396 ], [ -100.26139543781288, 25.731470738981944 ], [ -100.261548500631989, 25.731595339503393 ], [ -100.25938376500963, 25.732439955308379 ], [ -100.259104393851715, 25.732551702228516 ], [ -100.257669363565597, 25.733125689674218 ], [ -100.254282433647759, 25.734490639745026 ] ] ] ] } },
{ "type": "Feature", "properties": { "CVEGEO": "1904600010057", "CVE_ENT": "19", "CVE_MUN": "046", "CVE_LOC": "0001", "CVE_ASEN": "0057", "CP": "66425", "FECHA_ACT": "11\/2022", "INSTITUCIO": "SECRETARÍA OBRAS PÚBLICAS Y DESARROLLO URBANO DEL MUNICIPIO DE SAN NICOLÁS DE LOS GARZA", "NOM_ASEN": "ESTACIÓN RAMÓN TREVIÑO", "TIPO": "COLONIA", "Shape_Leng": 775.91230883000003, "Shape_Area": 22777.9044755 }, "geometry": { "type": "MultiPolygon", "coordinates": [ [ [ [ -100.307600143140306, 25.756321984509913 ], [ -100.307639858355429, 25.756081316791967 ], [ -100.307768459342086, 25.755755281594073 ], [ -100.307868524383622, 25.755650092501345 ], [ -100.308380046547882, 25.75437282089997 ], [ -100.308539360724907, 25.754064366409192 ], [ -100.308793397765129, 25.753803231502619 ], [ -100.309112689197804, 25.753617327571781 ], [ -100.309375018945502, 25.753616783339996 ], [ -100.309360162869325, 25.753657038426653 ], [ -100.308914638055583, 25.755010101883869 ], [ -100.308413348955867, 25.756357166856109 ], [ -100.308385927169454, 25.756435983308581 ], [ -100.308137325565752, 25.756383368902224 ], [ -100.307600143140306, 25.756321984509913 ] ] ] ] } },
{ "type": "Feature", "properties": { "CVEGEO": "1904600010058", "CVE_ENT": "19", "CVE_MUN": "046", "CVE_LOC": "0001", "CVE_ASEN": "0058", "CP": "66486", "FECHA_ACT": "11\/2022", "INSTITUCIO": "SECRETARÍA OBRAS PÚBLICAS Y DESARROLLO URBANO DEL MUNICIPIO DE SAN NICOLÁS DE LOS GARZA", "NOM_ASEN": "FIDEL VELAZQUEZ SANCHEZ PRIMER SECTOR", "TIPO": "COLONIA", "Shape_Leng": 1366.73047864, "Shape_Area": 105427.209611 }, "geometry": { "type": "MultiPolygon", "coordinates": [ [ [ [ -100.254769487315102, 25.711866876713252 ], [ -100.256278140451869, 25.711440094939935 ], [ -100.257579908861445, 25.711056100942184 ], [ -100.259029467223655, 25.710645617414595 ], [ -100.259162772574555, 25.711055265777581 ], [ -100.259266290841978, 25.711389934548659 ], [ -100.259375296117199, 25.711736277942581 ], [ -100.259475802585825, 25.712074698281093 ], [ -100.259622996516612, 25.712525029746896 ], [ -100.259624079590878, 25.712726029164511 ], [ -100.25957337312505, 25.712738822197647 ], [ -100.259229008616202, 25.71282568117535 ], [ -100.259143199199784, 25.71284846533414 ], [ -100.258960540776044, 25.71289694156161 ], [ -100.258918408447769, 25.712907962025547 ], [ -100.258603995658547, 25.712990207582408 ], [ -100.258544305632796, 25.713005861085286 ], [ -100.258344604006012, 25.713058203515203 ], [ -100.258085776240506, 25.713125940375939 ], [ -100.257217871849519, 25.713435337722178 ], [ -100.257129522848132, 25.713467576670563 ], [ -100.256879594436853, 25.713563832027187 ], [ -100.256728250180274, 25.713622280336807 ], [ -100.25668910864097, 25.713636320876059 ], [ -100.256688784683817, 25.713636437035742 ], [ -100.255571997868628, 25.714037135495222 ], [ -100.255508019980184, 25.713859940029515 ], [ -100.255372050458533, 25.713515940379743 ], [ -100.255359110462777, 25.713471429790012 ], [ -100.255273979990392, 25.713219459970045 ], [ -100.255220320469959, 25.713079849877605 ], [ -100.255082689814842, 25.712716890045428 ], [ -100.255059319697253, 25.712647889964018 ], [ -100.254922289624631, 25.712263690325848 ], [ -100.254769487315102, 25.711866876713252 ] ] ] ] } },
{ "type": "Feature", "properties": { "CVEGEO": "1904600010059", "CVE_ENT": "19", "CVE_MUN": "046", "CVE_LOC": "0001", "CVE_ASEN": "0059", "CP": "66488", "FECHA_ACT": "11\/2022", "INSTITUCIO": "SECRETARÍA OBRAS PÚBLICAS Y DESARROLLO URBANO DEL MUNICIPIO DE SAN NICOLÁS DE LOS GARZA", "NOM_ASEN": "FLORIDOS BOSQUES DEL NOGALAR (FOMERREY 90)", "TIPO": "COLONIA", "Shape_Leng": 1949.9110445599999, "Shape_Area": 167640.24183300001 }, "geometry": { "type": "MultiPolygon", "coordinates": [ [ [ [ -100.273715081192549, 25.720923221347704 ], [ -100.273740358562804, 25.721230451496151 ], [ -100.273687720140671, 25.721461201305779 ], [ -100.273722381532664, 25.721875369309252 ], [ -100.273722371081277, 25.721945102434979 ], [ -100.273729051902123, 25.722259685004175 ], [ -100.273739228013511, 25.722522824283462 ], [ -100.272782195377545, 25.722913072425218 ], [ -100.272332730775389, 25.723098866578979 ], [ -100.271856928063812, 25.723298686475367 ], [ -100.271421351842307, 25.723483060472606 ], [ -100.270938211080903, 25.723686309423162 ], [ -100.270482273172618, 25.723878077362581 ], [ -100.27000105938086, 25.724080618859123 ], [ -100.269541310112729, 25.724276561845784 ], [ -100.2690696570439, 25.724449863042292 ], [ -100.268863714694291, 25.724535517443293 ], [ -100.268841497989328, 25.724544489792368 ], [ -100.26778758925856, 25.724970112847693 ], [ -100.267503948679419, 25.725101398946961 ], [ -100.267114959822564, 25.725265128239258 ], [ -100.266976628792747, 25.724916921377297 ], [ -100.266852083293784, 25.724566417164262 ], [ -100.266709822230524, 25.724109340412745 ], [ -100.26676734766852, 25.724059525610546 ], [ -100.267783456770445, 25.723352235369493 ], [ -100.268651921734389, 25.722779613885876 ], [ -100.269943078312053, 25.721853045183998 ], [ -100.270180247000994, 25.721683484893511 ], [ -100.271866598877054, 25.720477834296947 ], [ -100.272219852161271, 25.720224075065055 ], [ -100.272586491080929, 25.719961742803889 ], [ -100.272783765902872, 25.719898203476195 ], [ -100.273715081192549, 25.720923221347704 ] ] ] ] } },
{ "type": "Feature", "properties": { "CVEGEO": "1904600010060", "CVE_ENT": "19", "CVE_MUN": "046", "CVE_LOC": "0001", "CVE_ASEN": "0060", "CP": "66490", "FECHA_ACT": "11\/2022", "INSTITUCIO": "SECRETARÍA OBRAS PÚBLICAS Y DESARROLLO URBANO DEL MUNICIPIO DE SAN NICOLÁS DE LOS GARZA", "NOM_ASEN": "FRANCISCO GARZA SADA", "TIPO": "COLONIA", "Shape_Leng": 2642.5112807, "Shape_Area": 402461.42516899999 }, "geometry": { "type": "MultiPolygon", "coordinates": [ [ [ [ -100.261472710787913, 25.707602256520495 ], [ -100.261202876652391, 25.707322264767051 ], [ -100.260950451026901, 25.707034588906343 ], [ -100.2606823307692, 25.706758518792316 ], [ -100.260610469085321, 25.706675111599235 ], [ -100.260305600226275, 25.70633808008639 ], [ -100.260254425013613, 25.706280721336892 ], [ -100.259978709678663, 25.705979020793347 ], [ -100.259809180288812, 25.705821739604009 ], [ -100.259630739585546, 25.705627181103512 ], [ -100.259405190859326, 25.705377568330274 ], [ -100.25928713880694, 25.70524228743669 ], [ -100.25904845003268, 25.704968765386919 ], [ -100.258730030024438, 25.704604343141199 ], [ -100.258517124887405, 25.704365233483255 ], [ -100.258551551401794, 25.704336966386876 ], [ -100.258551840901916, 25.704336730115685 ], [ -100.258630280361416, 25.704272328559362 ], [ -100.258669383644531, 25.704240223536956 ], [ -100.258989184989773, 25.704002982629795 ], [ -100.259118424079006, 25.703906520893455 ], [ -100.259119215548466, 25.703905881977914 ], [ -100.259204268270963, 25.703824881627398 ], [ -100.259205353368571, 25.703823698093842 ], [ -100.259257201367816, 25.703750477687194 ], [ -100.259257887939469, 25.703749298841117 ], [ -100.259258371470779, 25.703748030687219 ], [ -100.25928504602264, 25.703650016396399 ], [ -100.259285329705861, 25.703648570080738 ], [ -100.259303832820734, 25.703512887631359 ], [ -100.259304346873648, 25.70350321345034 ], [ -100.259315018603957, 25.703302837046071 ], [ -100.259316398694878, 25.703276943786936 ], [ -100.259465448255199, 25.703245311019781 ], [ -100.25954182943434, 25.703244197106841 ], [ -100.260016352502078, 25.703258052355782 ], [ -100.260356624072898, 25.703264161431502 ], [ -100.260795579020552, 25.703272043394811 ], [ -100.26136124792491, 25.703282210290617 ], [ -100.261768677367726, 25.703288457119829 ], [ -100.261959898767742, 25.703293667914643 ], [ -100.262528876148707, 25.703305817078377 ], [ -100.263387826850632, 25.703318861776239 ], [ -100.26460984639985, 25.703347719303078 ], [ -100.264959548849703, 25.703348006216412 ], [ -100.267501245655822, 25.703390295629855 ], [ -100.268107543021813, 25.7033886127629 ], [ -100.268216199279834, 25.703410647800389 ], [ -100.268178677967853, 25.705702514826722 ], [ -100.268167135906566, 25.705985420459253 ], [ -100.268155655992132, 25.706266739408246 ], [ -100.268136182029536, 25.707548782444235 ], [ -100.268132247190053, 25.707661909187731 ], [ -100.267902635919214, 25.707738681149763 ], [ -100.266118827378421, 25.707736916257456 ], [ -100.266055541644576, 25.707737699712723 ], [ -100.265994824018463, 25.707737353906484 ], [ -100.263818492919341, 25.707641581534126 ], [ -100.263754222777479, 25.707642609054322 ], [ -100.263692024166062, 25.7076422080257 ], [ -100.263200842751317, 25.70763856128093 ], [ -100.263093998942992, 25.707636969960621 ], [ -100.261675752122997, 25.707606603279746 ], [ -100.261472710787913, 25.707602256520495 ] ] ] ] } },
{ "type": "Feature", "properties": { "CVEGEO": "1904600010061", "CVE_ENT": "19", "CVE_MUN": "046", "CVE_LOC": "0001", "CVE_ASEN": "0061", "CP": "66430", "FECHA_ACT": "11\/2022", "INSTITUCIO": "SECRETARÍA OBRAS PÚBLICAS Y DESARROLLO URBANO DEL MUNICIPIO DE SAN NICOLÁS DE LOS GARZA", "NOM_ASEN": "FRANCISCO VILLA", "TIPO": "COLONIA", "Shape_Leng": 1894.5463206, "Shape_Area": 169015.51261000001 }, "geometry": { "type": "MultiPolygon", "coordinates": [ [ [ [ -100.275950575563641, 25.752171827277518 ], [ -100.275840074967178, 25.752142516488032 ], [ -100.275734862680011, 25.752103386033504 ], [ -100.275442307390037, 25.751969257596528 ], [ -100.27517527433244, 25.751846996157198 ], [ -100.274662649531493, 25.751613397132978 ], [ -100.274589720246411, 25.751557156151179 ], [ -100.274213420961146, 25.75137393696523 ], [ -100.274321000108245, 25.750522706180597 ], [ -100.274338049872426, 25.750358393821763 ], [ -100.274324328422637, 25.750213719979648 ], [ -100.274335339858155, 25.749990096809555 ], [ -100.274344989837417, 25.749596676348208 ], [ -100.274345021362663, 25.749207016565926 ], [ -100.274316800930677, 25.748823646282624 ], [ -100.274313621120825, 25.748706815841583 ], [ -100.274303601296438, 25.748451426019297 ], [ -100.274293520840033, 25.748137965892408 ], [ -100.274276031035598, 25.748082986309594 ], [ -100.274277351307475, 25.747838525904868 ], [ -100.27419993335603, 25.747669019660552 ], [ -100.274182326790594, 25.747598264269989 ], [ -100.274128976281304, 25.747296622150557 ], [ -100.274111870077093, 25.747145410580611 ], [ -100.274111967316742, 25.747056545788734 ], [ -100.274117694749918, 25.74694644240952 ], [ -100.274579291337631, 25.746913225425789 ], [ -100.275173165225084, 25.746866096098927 ], [ -100.275227132096092, 25.746860781165953 ], [ -100.27529127419217, 25.746854555758418 ], [ -100.275650644581873, 25.746818191458487 ], [ -100.275767481414007, 25.746807039617849 ], [ -100.275842291205223, 25.746784981487345 ], [ -100.276236361286621, 25.74675394496985 ], [ -100.276962767853618, 25.746699128080049 ], [ -100.276824301503694, 25.746945986454865 ], [ -100.276749015884661, 25.74713940441341 ], [ -100.277939852288895, 25.747765880124149 ], [ -100.278219068258679, 25.747981781233719 ], [ -100.278186733345606, 25.748459716323286 ], [ -100.278213944522179, 25.748465434215898 ], [ -100.278112817570289, 25.748735503046895 ], [ -100.278027158488428, 25.748915152789603 ], [ -100.277981769981153, 25.748893261368462 ], [ -100.277408978995794, 25.748779909897742 ], [ -100.277147021800715, 25.749532878263995 ], [ -100.276996852067839, 25.749801630783026 ], [ -100.276876926652918, 25.750225650629247 ], [ -100.27690197033823, 25.75026885032138 ], [ -100.276775335405958, 25.750728995108744 ], [ -100.277008945078506, 25.750757021769431 ], [ -100.276975136851377, 25.750975786643263 ], [ -100.276967953756113, 25.75101596092291 ], [ -100.276958572332987, 25.751059530652658 ], [ -100.276892077234081, 25.751478785606867 ], [ -100.276967401938691, 25.75187316640497 ], [ -100.277022543396185, 25.752212496933211 ], [ -100.276812039875594, 25.752141186973674 ], [ -100.276684918440282, 25.752104120700853 ], [ -100.276450927422374, 25.752071445657762 ], [ -100.275950575563641, 25.752171827277518 ] ] ] ] } },
{ "type": "Feature", "properties": { "CVEGEO": "1904600010062", "CVE_ENT": "19", "CVE_MUN": "046", "CVE_LOC": "0001", "CVE_ASEN": "0062", "CP": "66478", "FECHA_ACT": "11\/2022", "INSTITUCIO": "SECRETARÍA OBRAS PÚBLICAS Y DESARROLLO URBANO DEL MUNICIPIO DE SAN NICOLÁS DE LOS GARZA", "NOM_ASEN": "FRESNOS DEL LAGO PRIMER SECTOR", "TIPO": "COLONIA", "Shape_Leng": 988.27084831299999, "Shape_Area": 58802.527882499999 }, "geometry": { "type": "MultiPolygon", "coordinates": [ [ [ [ -100.2179001778387, 25.731982160298625 ], [ -100.219094842906955, 25.73182072275366 ], [ -100.219183935462382, 25.731810517769471 ], [ -100.220418338915437, 25.731627667241611 ], [ -100.220369679554537, 25.73186758046797 ], [ -100.220363943200113, 25.731908982827154 ], [ -100.220262696526845, 25.732707465660859 ], [ -100.22017822579393, 25.733235110363736 ], [ -100.22015918992858, 25.733343376868898 ], [ -100.220128256768575, 25.733773986881932 ], [ -100.22011146467031, 25.733884098023918 ], [ -100.219374878028574, 25.734014959053635 ], [ -100.218926713893637, 25.734065251591076 ], [ -100.217770466432881, 25.734193060134757 ], [ -100.217807985649245, 25.733734060914621 ], [ -100.217818165533174, 25.733585918907561 ], [ -100.217834945318913, 25.733318898303409 ], [ -100.217852001607696, 25.733114488207356 ], [ -100.21786662872772, 25.73295370707249 ], [ -100.217829839600881, 25.732653294862107 ], [ -100.217876402596787, 25.732617932081997 ], [ -100.217888313648672, 25.7322088544766 ], [ -100.217889498829663, 25.732168159245862 ], [ -100.217891469889523, 25.732133829208653 ], [ -100.2179001778387, 25.731982160298625 ] ] ] ] } },
{ "type": "Feature", "properties": { "CVEGEO": "1904600010063", "CVE_ENT": "19", "CVE_MUN": "046", "CVE_LOC": "0001", "CVE_ASEN": "0063", "CP": "66478", "FECHA_ACT": "11\/2022", "INSTITUCIO": "SECRETARÍA OBRAS PÚBLICAS Y DESARROLLO URBANO DEL MUNICIPIO DE SAN NICOLÁS DE LOS GARZA", "NOM_ASEN": "FRESNOS DEL LAGO SEGUNDO SECTOR", "TIPO": "COLONIA", "Shape_Leng": 857.50719401200001, "Shape_Area": 43126.952119699999 }, "geometry": { "type": "MultiPolygon", "coordinates": [ [ [ [ -100.219928615286733, 25.735602673670449 ], [ -100.219634489266596, 25.73563832287617 ], [ -100.219025811332585, 25.735720183330169 ], [ -100.21778018195451, 25.735892607374712 ], [ -100.217586450727495, 25.735940335828992 ], [ -100.217628920209052, 25.735507453246928 ], [ -100.217674819005495, 25.735069404677379 ], [ -100.217710913879358, 25.734686230438644 ], [ -100.217748173374147, 25.73429756725146 ], [ -100.217770466432881, 25.734193060134757 ], [ -100.218926713893637, 25.734065251591076 ], [ -100.219374878028574, 25.734014959053635 ], [ -100.22011146467031, 25.733884098023918 ], [ -100.220078359382853, 25.734010315703891 ], [ -100.220013162200701, 25.734579601466923 ], [ -100.219990796697417, 25.73496019679984 ], [ -100.219928615286733, 25.735602673670449 ] ] ] ] } },
{ "type": "Feature", "properties": { "CVEGEO": "1904600010064", "CVE_ENT": "19", "CVE_MUN": "046", "CVE_LOC": "0001", "CVE_ASEN": "0064", "CP": "66478", "FECHA_ACT": "11\/2022", "INSTITUCIO": "SECRETARÍA OBRAS PÚBLICAS Y DESARROLLO URBANO DEL MUNICIPIO DE SAN NICOLÁS DE LOS GARZA", "NOM_ASEN": "FRESNOS DEL LAGO TERCER SECTOR", "TIPO": "COLONIA", "Shape_Leng": 986.17353292099995, "Shape_Area": 51838.876250499998 }, "geometry": { "type": "MultiPolygon", "coordinates": [ [ [ [ -100.21743173857206, 25.737460539754437 ], [ -100.217438582640881, 25.737231676708117 ], [ -100.217447818506812, 25.737081519108717 ], [ -100.217478200546935, 25.736813203009785 ], [ -100.217493173065193, 25.736691971905135 ], [ -100.217531551485905, 25.736404444555284 ], [ -100.217542672448502, 25.736319410552866 ], [ -100.217580196899291, 25.735993390851728 ], [ -100.217586450727495, 25.735940335828992 ], [ -100.21778018195451, 25.735892607374712 ], [ -100.219025811332585, 25.735720183330169 ], [ -100.219634489266596, 25.73563832287617 ], [ -100.219928615286733, 25.735602673670449 ], [ -100.219923106782232, 25.735650226171863 ], [ -100.219877302877805, 25.736007356339766 ], [ -100.21982597187268, 25.736356232139393 ], [ -100.219819570068864, 25.736391214290588 ], [ -100.219815683903562, 25.736422536820758 ], [ -100.219719149855223, 25.737301620970413 ], [ -100.219611025400511, 25.738286244275997 ], [ -100.219566167232898, 25.738320296009888 ], [ -100.219167044896807, 25.738218261607951 ], [ -100.219175875194765, 25.738155102498236 ], [ -100.21874316701367, 25.738102631902375 ], [ -100.218748271648153, 25.738062734677136 ], [ -100.218797059311939, 25.737681164213683 ], [ -100.21743173857206, 25.737460539754437 ] ] ] ] } },
{ "type": "Feature", "properties": { "CVEGEO": "1904600010065", "CVE_ENT": "19", "CVE_MUN": "046", "CVE_LOC": "0001", "CVE_ASEN": "0065", "CP": "66444", "FECHA_ACT": "11\/2022", "INSTITUCIO": "SECRETARÍA OBRAS PÚBLICAS Y DESARROLLO URBANO DEL MUNICIPIO DE SAN NICOLÁS DE LOS GARZA", "NOM_ASEN": "FUENTES DE ANÁHUAC", "TIPO": "COLONIA", "Shape_Leng": 1798.68014479, "Shape_Area": 163210.27557200001 }, "geometry": { "type": "MultiPolygon", "coordinates": [ [ [ [ -100.259104393851715, 25.732551702228516 ], [ -100.25938376500963, 25.732439955308379 ], [ -100.261548500631989, 25.731595339503393 ], [ -100.262608535620046, 25.731183328413483 ], [ -100.263115798647064, 25.730972138247921 ], [ -100.263442597608602, 25.730833884519981 ], [ -100.263455720154184, 25.730944250199702 ], [ -100.263489713320297, 25.731053116006013 ], [ -100.263457227326185, 25.731501314459308 ], [ -100.263436421234687, 25.732022315924912 ], [ -100.263421379927621, 25.732508787055377 ], [ -100.263387584175845, 25.73256504643237 ], [ -100.263445089685817, 25.733006677771016 ], [ -100.263433860404604, 25.733106430828766 ], [ -100.263470216150367, 25.733512616288817 ], [ -100.263485449585914, 25.733557838112638 ], [ -100.263496585940942, 25.733601217308465 ], [ -100.263545168931856, 25.733931003310953 ], [ -100.263549838844511, 25.733978090169817 ], [ -100.263550230977003, 25.73402801077167 ], [ -100.263580618162067, 25.734371035328454 ], [ -100.263584238035762, 25.73440872856192 ], [ -100.26358177655915, 25.734443040894945 ], [ -100.263632502381299, 25.734770930911942 ], [ -100.263641527142155, 25.734809425335307 ], [ -100.263686942496989, 25.734963011760652 ], [ -100.263805798074074, 25.734960968214573 ], [ -100.263813247343109, 25.735419119538985 ], [ -100.263817117648415, 25.735459511105983 ], [ -100.263861228500048, 25.735733056559415 ], [ -100.263887400977765, 25.735887721576884 ], [ -100.263884618794876, 25.735982295527844 ], [ -100.263910317843042, 25.736132677874494 ], [ -100.263703553741848, 25.736194329287031 ], [ -100.263672450698209, 25.736169549826627 ], [ -100.262680409502138, 25.735440291234269 ], [ -100.262630922465902, 25.735403725536806 ], [ -100.262532879542903, 25.735440664225493 ], [ -100.262443667931805, 25.735387920538958 ], [ -100.262295612820111, 25.735303068745626 ], [ -100.261744596295699, 25.735196885117695 ], [ -100.261513952559298, 25.735172535748116 ], [ -100.260449796458559, 25.735097250594251 ], [ -100.260457581141623, 25.735032436077141 ], [ -100.260173471828821, 25.735117559130291 ], [ -100.260002150097861, 25.734743982844524 ], [ -100.259852640749486, 25.734356131117114 ], [ -100.259236537321101, 25.732976509111602 ], [ -100.259137056503207, 25.732755048319849 ], [ -100.259104393851715, 25.732551702228516 ] ] ] ] } },
{ "type": "Feature", "properties": { "CVEGEO": "1904600010066", "CVE_ENT": "19", "CVE_MUN": "046", "CVE_LOC": "0001", "CVE_ASEN": "0066", "CP": "66484", "FECHA_ACT": "11\/2022", "INSTITUCIO": "SECRETARÍA OBRAS PÚBLICAS Y DESARROLLO URBANO DEL MUNICIPIO DE SAN NICOLÁS DE LOS GARZA", "NOM_ASEN": "FUTURO NOGALAR", "TIPO": "COLONIA", "Shape_Leng": 2987.4135052199999, "Shape_Area": 297718.02085799997 }, "geometry": { "type": "MultiPolygon", "coordinates": [ [ [ [ -100.278462220906405, 25.720399985023885 ], [ -100.277723615320653, 25.719762820855486 ], [ -100.277088580900227, 25.719208268334842 ], [ -100.276997141695176, 25.719124502349548 ], [ -100.277338720661618, 25.718790672609124 ], [ -100.277623426815254, 25.718514599051066 ], [ -100.277900424396506, 25.718248463639906 ], [ -100.278183715593045, 25.717971843889721 ], [ -100.278488813398212, 25.717674503125899 ], [ -100.278772770925286, 25.717398638665472 ], [ -100.279296505489896, 25.716893571139153 ], [ -100.279217111217292, 25.716704160546175 ], [ -100.27868563880331, 25.715552794430749 ], [ -100.278588297329449, 25.715348158824764 ], [ -100.278113776836776, 25.714307666243513 ], [ -100.277681767385261, 25.713384151707171 ], [ -100.277669639576246, 25.713340714886275 ], [ -100.27755956813499, 25.713101910080862 ], [ -100.277152697712268, 25.712187880186466 ], [ -100.276825691595221, 25.711532811504661 ], [ -100.277170010028215, 25.711295047641585 ], [ -100.277511834860263, 25.711058741571314 ], [ -100.278239806411008, 25.710555305959954 ], [ -100.27878526342441, 25.710934169595166 ], [ -100.280035524326067, 25.711808728834587 ], [ -100.280990645803328, 25.712488067048071 ], [ -100.28203315820619, 25.713220896650128 ], [ -100.282429468503992, 25.713497125745803 ], [ -100.283292090797062, 25.714107010534537 ], [ -100.283004713012815, 25.714437035624641 ], [ -100.282619647077937, 25.714876381234426 ], [ -100.282245910733934, 25.715274374288455 ], [ -100.281982273754821, 25.715564996306686 ], [ -100.281720882766919, 25.715863917861242 ], [ -100.281440668842379, 25.716177079796093 ], [ -100.281412963496834, 25.716209975971875 ], [ -100.281073076143883, 25.716808503536637 ], [ -100.280866403751531, 25.717193362624091 ], [ -100.280834143538158, 25.71728109658066 ], [ -100.280747069283436, 25.7174277538677 ], [ -100.280778746382225, 25.717453849958311 ], [ -100.280088082630016, 25.718540610132724 ], [ -100.280063755563916, 25.718578888686718 ], [ -100.279973592384692, 25.718383359109833 ], [ -100.27972762218792, 25.717852068771734 ], [ -100.279681511155687, 25.717908221932486 ], [ -100.27964001809211, 25.717997027146101 ], [ -100.279591088132236, 25.718099699661536 ], [ -100.279411468716461, 25.718459379608678 ], [ -100.279238085851816, 25.718814553859165 ], [ -100.279052850784254, 25.719189540691236 ], [ -100.278873367692526, 25.719559109536199 ], [ -100.278694459681745, 25.719923436328465 ], [ -100.278462220906405, 25.720399985023885 ] ] ] ] } },
{ "type": "Feature", "properties": { "CVEGEO": "1904600010067", "CVE_ENT": "19", "CVE_MUN": "046", "CVE_LOC": "0001", "CVE_ASEN": "0067", "CP": "66480", "FECHA_ACT": "11\/2022", "INSTITUCIO": "SECRETARÍA OBRAS PÚBLICAS Y DESARROLLO URBANO DEL MUNICIPIO DE SAN NICOLÁS DE LOS GARZA", "NOM_ASEN": "GARZA CANTÚ", "TIPO": "COLONIA", "Shape_Leng": 2130.5735978799999, "Shape_Area": 219951.519505 }, "geometry": { "type": "MultiPolygon", "coordinates": [ [ [ [ -100.296033720020262, 25.71276255014963 ], [ -100.296552568627703, 25.712970514018 ], [ -100.297438749602605, 25.71332568018321 ], [ -100.297516951759107, 25.713357314562348 ], [ -100.298368890389938, 25.713702109015834 ], [ -100.298455709034542, 25.713739292168754 ], [ -100.298805804687746, 25.713889928507349 ], [ -100.299331880430032, 25.714093119879177 ], [ -100.299351178810866, 25.714101339810259 ], [ -100.299351350061642, 25.71410141330454 ], [ -100.299410982378774, 25.714126913504362 ], [ -100.300286770565847, 25.714486088507307 ], [ -100.300286985711821, 25.714486174263051 ], [ -100.300362550622282, 25.714515539445266 ], [ -100.301051461269097, 25.714790852352071 ], [ -100.301240230102934, 25.714856431099388 ], [ -100.302098656500704, 25.715206030882722 ], [ -100.300997048954329, 25.715676346397441 ], [ -100.300342808981441, 25.715925349786151 ], [ -100.29938387061884, 25.716316655936641 ], [ -100.298431783484503, 25.716699364202643 ], [ -100.297472486002022, 25.717087389531603 ], [ -100.296506297034142, 25.717474115803345 ], [ -100.294514532301434, 25.718298518222543 ], [ -100.294507928349091, 25.717153824918114 ], [ -100.294501075568846, 25.716700488547303 ], [ -100.294570152474009, 25.716457473215581 ], [ -100.29487763419759, 25.715615570424099 ], [ -100.295271013705701, 25.714634400667279 ], [ -100.295595408200072, 25.713864177910796 ], [ -100.295899369539882, 25.71311122147516 ], [ -100.296033720020262, 25.71276255014963 ] ] ] ] } },
{ "type": "Feature", "properties": { "CVEGEO": "1904600010068", "CVE_ENT": "19", "CVE_MUN": "046", "CVE_LOC": "0001", "CVE_ASEN": "0068", "CP": "66425", "FECHA_ACT": "11\/2022", "INSTITUCIO": "SECRETARÍA OBRAS PÚBLICAS Y DESARROLLO URBANO DEL MUNICIPIO DE SAN NICOLÁS DE LOS GARZA", "NOM_ASEN": "GETSEMANI", "TIPO": "COLONIA", "Shape_Leng": 821.62247935300002, "Shape_Area": 36009.976526899998 }, "geometry": { "type": "MultiPolygon", "coordinates": [ [ [ [ -100.301525148793402, 25.760035665983299 ], [ -100.301520691066912, 25.75983353795657 ], [ -100.30151337216337, 25.759805301158291 ], [ -100.301515127642531, 25.759776300041924 ], [ -100.301464859447734, 25.758176196469005 ], [ -100.301648011724481, 25.758217025125735 ], [ -100.302018635846764, 25.758300718039877 ], [ -100.302167771371032, 25.758336604708919 ], [ -100.303206722178032, 25.758601550950118 ], [ -100.30305947024236, 25.759027093437332 ], [ -100.302931951932194, 25.759407312749481 ], [ -100.302814302253296, 25.75973681733764 ], [ -100.30268213359183, 25.760113782933313 ], [ -100.302548351114154, 25.760465037914248 ], [ -100.302431901826509, 25.760776121241783 ], [ -100.301548171416243, 25.760879613135483 ], [ -100.301567047991725, 25.760253423814742 ], [ -100.301534977506975, 25.760242662233097 ], [ -100.301533677285803, 25.760215257303212 ], [ -100.301525148793402, 25.760035665983299 ] ] ] ] } },
{ "type": "Feature", "properties": { "CVEGEO": "1904600010069", "CVE_ENT": "19", "CVE_MUN": "046", "CVE_LOC": "0001", "CVE_ASEN": "0069", "CP": "66055", "FECHA_ACT": "11\/2022", "INSTITUCIO": "SECRETARÍA OBRAS PÚBLICAS Y DESARROLLO URBANO DEL MUNICIPIO DE SAN NICOLÁS DE LOS GARZA", "NOM_ASEN": "HACIENDA DE ANÁHUAC", "TIPO": "COLONIA", "Shape_Leng": 1561.3119855800001, "Shape_Area": 68472.200320200005 }, "geometry": { "type": "MultiPolygon", "coordinates": [ [ [ [ -100.31409741893583, 25.754972908728863 ], [ -100.312557124663826, 25.754747788269427 ], [ -100.312351431105071, 25.754717829807195 ], [ -100.311936365845483, 25.754657814822195 ], [ -100.311522941234941, 25.754595046288415 ], [ -100.311135634508304, 25.754365830518783 ], [ -100.310762819525394, 25.754154476400238 ], [ -100.310376139337933, 25.753927959107056 ], [ -100.310001143019392, 25.753712944602697 ], [ -100.309787716522919, 25.7535871909703 ], [ -100.309375018945502, 25.753616783339996 ], [ -100.309112689197804, 25.753617327571781 ], [ -100.309166371719357, 25.753564253158586 ], [ -100.309340347872066, 25.753479891158872 ], [ -100.309544621738709, 25.753405426576553 ], [ -100.30980375001829, 25.753338091134076 ], [ -100.310079324270546, 25.753288998929065 ], [ -100.310228136076859, 25.753265197467496 ], [ -100.310479016988353, 25.753101861358246 ], [ -100.31054825377764, 25.753134388224325 ], [ -100.310945403765047, 25.75325665133024 ], [ -100.311355950041659, 25.753373910002342 ], [ -100.311745202466085, 25.753493467461528 ], [ -100.312151076446014, 25.753620170413544 ], [ -100.312552135544976, 25.753724846439123 ], [ -100.312772313245489, 25.753727254074636 ], [ -100.313282859918814, 25.753751100966927 ], [ -100.31372124175644, 25.75366339983967 ], [ -100.314170637904084, 25.753504715783329 ], [ -100.314558401557619, 25.753171515321398 ], [ -100.314879327063906, 25.752709386790787 ], [ -100.315153840102781, 25.752718908708552 ], [ -100.315028014383032, 25.753810085267641 ], [ -100.315057998756131, 25.753919999520626 ], [ -100.314950661181427, 25.753982618834915 ], [ -100.314919686361321, 25.755091868430021 ], [ -100.314483651157445, 25.755027621792106 ], [ -100.31409741893583, 25.754972908728863 ] ] ] ] } },
{ "type": "Feature", "properties": { "CVEGEO": "1904600010070", "CVE_ENT": "19", "CVE_MUN": "046", "CVE_LOC": "0001", "CVE_ASEN": "0070", "CP": "66449", "FECHA_ACT": "11\/2022", "INSTITUCIO": "SECRETARÍA OBRAS PÚBLICAS Y DESARROLLO URBANO DEL MUNICIPIO DE SAN NICOLÁS DE LOS GARZA", "NOM_ASEN": "HACIENDA SANTO DOMINGO", "TIPO": "COLONIA", "Shape_Leng": 907.77883526400001, "Shape_Area": 37598.715013399997 }, "geometry": { "type": "MultiPolygon", "coordinates": [ [ [ [ -100.253424515457894, 25.749093345966468 ], [ -100.253497823522963, 25.748851632238321 ], [ -100.253644251268696, 25.748492836776165 ], [ -100.253870131978033, 25.74813415351084 ], [ -100.253966383667773, 25.748005407862063 ], [ -100.254316686067327, 25.748195425084418 ], [ -100.256036629920928, 25.748976552182196 ], [ -100.256262797269102, 25.749115121494906 ], [ -100.255469889280462, 25.749804798445332 ], [ -100.2556128084763, 25.749896604566011 ], [ -100.255702760461006, 25.749955088153285 ], [ -100.255460358764225, 25.750171347120514 ], [ -100.255214530292861, 25.750395117775007 ], [ -100.255031624885135, 25.750561620653464 ], [ -100.254929538035626, 25.750492128098522 ], [ -100.254764039793329, 25.750384713481427 ], [ -100.254808467022045, 25.750332408611673 ], [ -100.254800288522915, 25.750250726830529 ], [ -100.254733324484931, 25.750205593134513 ], [ -100.254908008998569, 25.750021075879101 ], [ -100.253887082117643, 25.74953443920942 ], [ -100.253907017117328, 25.749259936619278 ], [ -100.253906342500514, 25.7492536491267 ], [ -100.253470992758807, 25.749101301402234 ], [ -100.253424515457894, 25.749093345966468 ] ] ] ] } },
{ "type": "Feature", "properties": { "CVEGEO": "1904600010071", "CVE_ENT": "19", "CVE_MUN": "046", "CVE_LOC": "0001", "CVE_ASEN": "0071", "CP": "66417", "FECHA_ACT": "11\/2022", "INSTITUCIO": "SECRETARÍA OBRAS PÚBLICAS Y DESARROLLO URBANO DEL MUNICIPIO DE SAN NICOLÁS DE LOS GARZA", "NOM_ASEN": "HACIENDA DEL ROBLE PRIMER SECTOR", "TIPO": "COLONIA", "Shape_Leng": 772.51981922300001, "Shape_Area": 36283.376749000003 }, "geometry": { "type": "MultiPolygon", "coordinates": [ [ [ [ -100.277577746976107, 25.763533714407004 ], [ -100.276630937040423, 25.763304439142296 ], [ -100.277192881549979, 25.762317158167402 ], [ -100.277565737150169, 25.761633129045215 ], [ -100.277766248522141, 25.761711227164625 ], [ -100.277787997501093, 25.761722095373294 ], [ -100.279106927770286, 25.762234926770688 ], [ -100.279216396280745, 25.762296869795129 ], [ -100.279401284196709, 25.762364558871521 ], [ -100.278925935815508, 25.762990317091493 ], [ -100.278557272221889, 25.763503433764921 ], [ -100.278383213771548, 25.76375237587121 ], [ -100.27834475368202, 25.763741935601029 ], [ -100.277856597780726, 25.763609416304803 ], [ -100.277577746976107, 25.763533714407004 ] ] ] ] } },
{ "type": "Feature", "properties": { "CVEGEO": "1904600010072", "CVE_ENT": "19", "CVE_MUN": "046", "CVE_LOC": "0001", "CVE_ASEN": "0072", "CP": "66477", "FECHA_ACT": "11\/2022", "INSTITUCIO": "SECRETARÍA OBRAS PÚBLICAS Y DESARROLLO URBANO DEL MUNICIPIO DE SAN NICOLÁS DE LOS GARZA", "NOM_ASEN": "HACIENDA LAS FUENTES", "TIPO": "FRACCIONAMIENTO", "Shape_Leng": 1497.4019774599999, "Shape_Area": 108104.022625 }, "geometry": { "type": "MultiPolygon", "coordinates": [ [ [ [ -100.206791046440841, 25.731193767001582 ], [ -100.20673338130058, 25.730971141936468 ], [ -100.20671221583622, 25.730889423235443 ], [ -100.206618872114774, 25.730529345761664 ], [ -100.206584740681578, 25.730397679558269 ], [ -100.206505394239969, 25.730101465571266 ], [ -100.206457991310359, 25.729651674571397 ], [ -100.206424649, 25.729449249959803 ], [ -100.206639550991184, 25.729287548774153 ], [ -100.207151056839194, 25.728915351643327 ], [ -100.208531917119359, 25.728912027053664 ], [ -100.208623212805463, 25.729003681844056 ], [ -100.208624151188388, 25.729305090327497 ], [ -100.209415331358542, 25.729313381445834 ], [ -100.209763372412496, 25.729465414705651 ], [ -100.209960150665793, 25.729096532132658 ], [ -100.210243046027955, 25.728505436792513 ], [ -100.211585764838944, 25.729069796753304 ], [ -100.211286621682987, 25.729634752731144 ], [ -100.210994880941598, 25.730185755496173 ], [ -100.210384290008392, 25.731338910005665 ], [ -100.210233676282201, 25.731222951844114 ], [ -100.206865858190923, 25.731192615212656 ], [ -100.206801924021534, 25.731185815042991 ], [ -100.206791046440841, 25.731193767001582 ] ] ] ] } },
{ "type": "Feature", "properties": { "CVEGEO": "1904600010073", "CVE_ENT": "19", "CVE_MUN": "046", "CVE_LOC": "0001", "CVE_ASEN": "0073", "CP": "66465", "FECHA_ACT": "11\/2022", "INSTITUCIO": "SECRETARÍA OBRAS PÚBLICAS Y DESARROLLO URBANO DEL MUNICIPIO DE SAN NICOLÁS DE LOS GARZA", "NOM_ASEN": "HACIENDA LAS PUENTES", "TIPO": "COLONIA", "Shape_Leng": 1194.90835399, "Shape_Area": 65794.690996499994 }, "geometry": { "type": "MultiPolygon", "coordinates": [ [ [ [ -100.286004436990567, 25.740153691609269 ], [ -100.285982343330573, 25.740202936681833 ], [ -100.285943343454846, 25.740314552865886 ], [ -100.285829778060773, 25.740543417215655 ], [ -100.285768854761884, 25.74048890171521 ], [ -100.284287448688872, 25.739893230133774 ], [ -100.282451400726188, 25.739063527667113 ], [ -100.28219013516069, 25.738971009017071 ], [ -100.281671085822566, 25.738787203605963 ], [ -100.282079640810892, 25.738204337272784 ], [ -100.282481608590615, 25.737570591444477 ], [ -100.282677656757002, 25.737653285225097 ], [ -100.283548296469135, 25.738027879923358 ], [ -100.28358506003859, 25.738040662673814 ], [ -100.284306287463124, 25.738291425488818 ], [ -100.284276175829532, 25.738386858849633 ], [ -100.285115907461332, 25.738741078528562 ], [ -100.285806966606955, 25.739058308337082 ], [ -100.286169931203474, 25.739109464039888 ], [ -100.286107891697739, 25.73948566310354 ], [ -100.286053556719466, 25.739852616000846 ], [ -100.286004436990567, 25.740153691609269 ] ] ] ] } },
{ "type": "Feature", "properties": { "CVEGEO": "1904600010074", "CVE_ENT": "19", "CVE_MUN": "046", "CVE_LOC": "0001", "CVE_ASEN": "0074", "CP": "66495", "FECHA_ACT": "11\/2022", "INSTITUCIO": "SECRETARÍA OBRAS PÚBLICAS Y DESARROLLO URBANO DEL MUNICIPIO DE SAN NICOLÁS DE LOS GARZA", "NOM_ASEN": "HACIENDA LOS MORALES PRIMER SECTOR", "TIPO": "COLONIA", "Shape_Leng": 1809.60166054, "Shape_Area": 164343.00004099999 }, "geometry": { "type": "MultiPolygon", "coordinates": [ [ [ [ -100.2509169667739, 25.710511013549706 ], [ -100.250865320914528, 25.710914624736688 ], [ -100.250849195189573, 25.711021573606104 ], [ -100.250809724534605, 25.711292459803978 ], [ -100.250779412285979, 25.71154212295718 ], [ -100.250756972099467, 25.711691652153291 ], [ -100.250711839732006, 25.712047041233529 ], [ -100.250706834376047, 25.712081041099005 ], [ -100.250640172612535, 25.712473810109067 ], [ -100.250628808736238, 25.712569725787571 ], [ -100.250608092543231, 25.712886837664804 ], [ -100.250567573061332, 25.713103776508738 ], [ -100.250534313774466, 25.713347677929868 ], [ -100.250494715341873, 25.713742303834941 ], [ -100.250314453059417, 25.715123707774435 ], [ -100.250228790956257, 25.715746174207478 ], [ -100.250170729986493, 25.716098701677396 ], [ -100.250038646912003, 25.71612273084995 ], [ -100.249178652012105, 25.715031561099099 ], [ -100.248615857252545, 25.714313117375653 ], [ -100.248272844164461, 25.713869887209043 ], [ -100.247993818479287, 25.713509065425061 ], [ -100.24770587412722, 25.713129775241732 ], [ -100.247438863647929, 25.712776577253429 ], [ -100.247280488947865, 25.712569954089165 ], [ -100.247198152069743, 25.712386779349675 ], [ -100.247135030458594, 25.711943762165269 ], [ -100.247097658514676, 25.711547360809512 ], [ -100.247087720346556, 25.711459056993114 ], [ -100.247059404617474, 25.711123882071156 ], [ -100.247053377832742, 25.711075013689495 ], [ -100.247047474389348, 25.710698365424545 ], [ -100.247036517749777, 25.710550202828152 ], [ -100.247113378594392, 25.710537764160819 ], [ -100.249080108060312, 25.710219474079633 ], [ -100.24913364147848, 25.710210809059664 ], [ -100.249198409038797, 25.710200022470158 ], [ -100.250928798467356, 25.709908662673751 ], [ -100.251008045989508, 25.709898561406149 ], [ -100.250991080255361, 25.710123260383078 ], [ -100.2509169667739, 25.710511013549706 ] ] ] ] } },
{ "type": "Feature", "properties": { "CVEGEO": "1904600010075", "CVE_ENT": "19", "CVE_MUN": "046", "CVE_LOC": "0001", "CVE_ASEN": "0075", "CP": "66496", "FECHA_ACT": "11\/2022", "INSTITUCIO": "SECRETARÍA OBRAS PÚBLICAS Y DESARROLLO URBANO DEL MUNICIPIO DE SAN NICOLÁS DE LOS GARZA", "NOM_ASEN": "HACIENDA LOS MORALES SEGUNDO SECTOR", "TIPO": "COLONIA", "Shape_Leng": 2167.3134611099999, "Shape_Area": 219200.91881900001 }, "geometry": { "type": "MultiPolygon", "coordinates": [ [ [ [ -100.245939969197551, 25.717810357198569 ], [ -100.245794933608309, 25.71699390894743 ], [ -100.24577861629723, 25.716957775595436 ], [ -100.245713503218113, 25.716588135442997 ], [ -100.245661182958571, 25.716290389668359 ], [ -100.245642298895206, 25.716210632695962 ], [ -100.245594552613525, 25.715864253940758 ], [ -100.245588286354334, 25.71581490412278 ], [ -100.245533276651443, 25.715454188150076 ], [ -100.245511032873665, 25.715406290256382 ], [ -100.245458213333961, 25.715042086412577 ], [ -100.245447806549734, 25.715020868263061 ], [ -100.245361860312428, 25.714485548047811 ], [ -100.245253861303979, 25.713952907357747 ], [ -100.245185724674428, 25.71353558835802 ], [ -100.245103548533947, 25.713107642855821 ], [ -100.245030158696565, 25.712699638463128 ], [ -100.244954100459964, 25.712287156261628 ], [ -100.244879033481652, 25.711865367901574 ], [ -100.244795420083264, 25.711446579374407 ], [ -100.244725145364825, 25.71101534721252 ], [ -100.244717671081588, 25.710976603235846 ], [ -100.244697951281665, 25.710854017613926 ], [ -100.244725794937764, 25.710850251980691 ], [ -100.244756355378229, 25.710847265669631 ], [ -100.245844096139649, 25.710701124356831 ], [ -100.246960646301076, 25.710559806164657 ], [ -100.247036517749777, 25.710550202828152 ], [ -100.247047474389348, 25.710698365424545 ], [ -100.247053377832742, 25.711075013689495 ], [ -100.247059404617474, 25.711123882071156 ], [ -100.247087720346556, 25.711459056993114 ], [ -100.247097658514676, 25.711547360809512 ], [ -100.247135030458594, 25.711943762165269 ], [ -100.247198152069743, 25.712386779349675 ], [ -100.247280488947865, 25.712569954089165 ], [ -100.247438863647929, 25.712776577253429 ], [ -100.24770587412722, 25.713129775241732 ], [ -100.247993818479287, 25.713509065425061 ], [ -100.248272844164461, 25.713869887209043 ], [ -100.248615857252545, 25.714313117375653 ], [ -100.249178652012105, 25.715031561099099 ], [ -100.250038646912003, 25.71612273084995 ], [ -100.247179615132282, 25.717359519709895 ], [ -100.247133691065031, 25.717376213816248 ], [ -100.245939969197551, 25.717810357198569 ] ] ] ] } },
{ "type": "Feature", "properties": { "CVEGEO": "1904600010076", "CVE_ENT": "19", "CVE_MUN": "046", "CVE_LOC": "0001", "CVE_ASEN": "0076", "CP": "66496", "FECHA_ACT": "11\/2022", "INSTITUCIO": "SECRETARÍA OBRAS PÚBLICAS Y DESARROLLO URBANO DEL MUNICIPIO DE SAN NICOLÁS DE LOS GARZA", "NOM_ASEN": "HACIENDA LOS MORALES TERCER SECTOR PRIMERA ETAPA", "TIPO": "COLONIA", "Shape_Leng": 2589.4440112799998, "Shape_Area": 247330.59604599999 }, "geometry": { "type": "MultiPolygon", "coordinates": [ [ [ [ -100.242720581870458, 25.71702090867068 ], [ -100.243686262637738, 25.716908324171047 ], [ -100.243748599549221, 25.716881050404602 ], [ -100.243687819950807, 25.716465029634136 ], [ -100.243622680353496, 25.716090179987063 ], [ -100.243604263420281, 25.715969744314084 ], [ -100.242566886086692, 25.71613705766049 ], [ -100.242441338653023, 25.715408029834553 ], [ -100.242339259818422, 25.714907979937099 ], [ -100.242327029563484, 25.714828349845245 ], [ -100.24227225965187, 25.714508480128945 ], [ -100.242099969932951, 25.71344236957264 ], [ -100.242048378245613, 25.713125965073278 ], [ -100.241847229931111, 25.711925339854311 ], [ -100.241810380077624, 25.711874420121219 ], [ -100.241741970413642, 25.711442660451983 ], [ -100.241707114447934, 25.71125818591743 ], [ -100.241783429500089, 25.711246641728827 ], [ -100.244010244109376, 25.710942263480874 ], [ -100.244013514135162, 25.710941815401068 ], [ -100.244656563656818, 25.710859006300893 ], [ -100.244697951281665, 25.710854017613926 ], [ -100.244717671081588, 25.710976603235846 ], [ -100.244725145364825, 25.71101534721252 ], [ -100.244795420083264, 25.711446579374407 ], [ -100.244879033481652, 25.711865367901574 ], [ -100.244954100459964, 25.712287156261628 ], [ -100.245030158696565, 25.712699638463128 ], [ -100.245103548533947, 25.713107642855821 ], [ -100.245185724674428, 25.71353558835802 ], [ -100.245253861303979, 25.713952907357747 ], [ -100.245361860312428, 25.714485548047811 ], [ -100.245447806549734, 25.715020868263061 ], [ -100.245458213333961, 25.715042086412577 ], [ -100.245511032873665, 25.715406290256382 ], [ -100.245533276651443, 25.715454188150076 ], [ -100.245588286354334, 25.71581490412278 ], [ -100.245594552613525, 25.715864253940758 ], [ -100.245642298895206, 25.716210632695962 ], [ -100.245661182958571, 25.716290389668359 ], [ -100.245713503218113, 25.716588135442997 ], [ -100.24577861629723, 25.716957775595436 ], [ -100.245794933608309, 25.71699390894743 ], [ -100.245939969197551, 25.717810357198569 ], [ -100.242916987406261, 25.718903475241724 ], [ -100.241993889971013, 25.717523982233221 ], [ -100.241723581928795, 25.717139695409415 ], [ -100.242720581870458, 25.71702090867068 ] ] ] ] } },
{ "type": "Feature", "properties": { "CVEGEO": "1904600010077", "CVE_ENT": "19", "CVE_MUN": "046", "CVE_LOC": "0001", "CVE_ASEN": "0077", "CP": "66477", "FECHA_ACT": "11\/2022", "INSTITUCIO": "SECRETARÍA OBRAS PÚBLICAS Y DESARROLLO URBANO DEL MUNICIPIO DE SAN NICOLÁS DE LOS GARZA", "NOM_ASEN": "HACIENDA LOS ANGELES", "TIPO": "COLONIA", "Shape_Leng": 1058.0918439699999, "Shape_Area": 68496.683585499995 }, "geometry": { "type": "MultiPolygon", "coordinates": [ [ [ [ -100.22052784122809, 25.724203941811783 ], [ -100.221536134162619, 25.724069665775797 ], [ -100.222655263595186, 25.723909291891903 ], [ -100.222906792636465, 25.724591368978324 ], [ -100.223045992261916, 25.724951856636103 ], [ -100.223393393492643, 25.725854862122844 ], [ -100.223463586960094, 25.726046410038396 ], [ -100.22352783372844, 25.726242714684346 ], [ -100.223107813904051, 25.726364004172961 ], [ -100.222714030468779, 25.726483090951888 ], [ -100.222566542281555, 25.726513309649651 ], [ -100.22250196029124, 25.726357406680016 ], [ -100.222399360679944, 25.726388029402635 ], [ -100.222044575211768, 25.726415332305702 ], [ -100.221981824622503, 25.726420211218944 ], [ -100.221919294854445, 25.726428123838712 ], [ -100.220941244173005, 25.726551897790031 ], [ -100.220642774598531, 25.726553956778737 ], [ -100.220584165444194, 25.726554448182576 ], [ -100.220582032482241, 25.726377770809229 ], [ -100.220578794259083, 25.726178855432977 ], [ -100.220577255941308, 25.726015128737217 ], [ -100.220554471775216, 25.725708823124855 ], [ -100.22054873561811, 25.725610468759324 ], [ -100.220547152466949, 25.725243730885275 ], [ -100.220536756529611, 25.724836504322301 ], [ -100.220536754338639, 25.724836371872957 ], [ -100.220535973951243, 25.724767830600474 ], [ -100.22052784122809, 25.724203941811783 ] ] ] ] } },
{ "type": "Feature", "properties": { "CVEGEO": "1904600010078", "CVE_ENT": "19", "CVE_MUN": "046", "CVE_LOC": "0001", "CVE_ASEN": "0078", "CP": "66413", "FECHA_ACT": "11\/2022", "INSTITUCIO": "SECRETARÍA OBRAS PÚBLICAS Y DESARROLLO URBANO DEL MUNICIPIO DE SAN NICOLÁS DE LOS GARZA", "NOM_ASEN": "EL NARANJAL", "TIPO": "COLONIA", "Shape_Leng": 548.70722765100004, "Shape_Area": 18923.2626891 }, "geometry": { "type": "MultiPolygon", "coordinates": [ [ [ [ -100.28127577450762, 25.761304332204084 ], [ -100.28135188462727, 25.761163838693072 ], [ -100.281407582477669, 25.76106569035052 ], [ -100.281453825419433, 25.760971607897446 ], [ -100.28160775950164, 25.760631120850388 ], [ -100.281766166475251, 25.760283019863831 ], [ -100.281844069002801, 25.760126727590396 ], [ -100.283049385597934, 25.760498333351855 ], [ -100.282996181377996, 25.760633438234361 ], [ -100.282894610672372, 25.760874230528451 ], [ -100.282847210428443, 25.760993502394413 ], [ -100.282751533391732, 25.761211964925888 ], [ -100.282683598028427, 25.761348809130904 ], [ -100.282505459736001, 25.761667589729004 ], [ -100.28245462335336, 25.761762625742161 ], [ -100.282172650323616, 25.761658650753358 ], [ -100.28127577450762, 25.761304332204084 ] ] ] ] } },
{ "type": "Feature", "properties": { "CVEGEO": "1904600010080", "CVE_ENT": "19", "CVE_MUN": "046", "CVE_LOC": "0001", "CVE_ASEN": "0080", "CP": "66410", "FECHA_ACT": "11\/2022", "INSTITUCIO": "SECRETARÍA OBRAS PÚBLICAS Y DESARROLLO URBANO DEL MUNICIPIO DE SAN NICOLÁS DE LOS GARZA", "NOM_ASEN": "IGNACIO RAMÍREZ", "TIPO": "COLONIA", "Shape_Leng": 1512.10730724, "Shape_Area": 108340.186533 }, "geometry": { "type": "MultiPolygon", "coordinates": [ [ [ [ -100.257865479746229, 25.761659679957138 ], [ -100.2575480455084, 25.761495882108296 ], [ -100.257550566465326, 25.761443409710456 ], [ -100.257584706288668, 25.760548558107118 ], [ -100.257725330821899, 25.760220062610692 ], [ -100.257761012076784, 25.760136714603412 ], [ -100.25839487586623, 25.758653603190687 ], [ -100.258427821633219, 25.758618077686148 ], [ -100.258708191366281, 25.758701267864762 ], [ -100.259066818329316, 25.758792301653504 ], [ -100.259277747185877, 25.758816436970577 ], [ -100.259746273229624, 25.758835541039929 ], [ -100.260479227835816, 25.758865426521862 ], [ -100.260467957186222, 25.759021916375509 ], [ -100.260431778806691, 25.759371038529547 ], [ -100.260425888054314, 25.75945503909923 ], [ -100.260408712726388, 25.759858366583174 ], [ -100.260397056890767, 25.76026178358558 ], [ -100.260411381861005, 25.760314188963257 ], [ -100.260388495572627, 25.760768935038097 ], [ -100.260374690414707, 25.761188632161357 ], [ -100.260372144620575, 25.761451206418645 ], [ -100.260379212971273, 25.761539135869146 ], [ -100.260402647568924, 25.761791789993811 ], [ -100.260450638168109, 25.761801844125671 ], [ -100.260375164816551, 25.761899506784594 ], [ -100.260527081554073, 25.761913813381746 ], [ -100.260617759037103, 25.761922353623547 ], [ -100.260920770220963, 25.761888670673795 ], [ -100.261115804173002, 25.761795268245429 ], [ -100.261221420643992, 25.761770291160492 ], [ -100.261175562940579, 25.76193950693207 ], [ -100.261081509418005, 25.762309952949053 ], [ -100.260981121104024, 25.762674792086951 ], [ -100.260895078598409, 25.763026078569681 ], [ -100.260850205493156, 25.763199117869249 ], [ -100.259672736034588, 25.762580864586099 ], [ -100.259233414040636, 25.762350188282685 ], [ -100.257865479746229, 25.761659679957138 ] ] ] ] } },
{ "type": "Feature", "properties": { "CVEGEO": "1904600010081", "CVE_ENT": "19", "CVE_MUN": "046", "CVE_LOC": "0001", "CVE_ASEN": "0081", "CP": "66484", "FECHA_ACT": "11\/2022", "INSTITUCIO": "SECRETARÍA OBRAS PÚBLICAS Y DESARROLLO URBANO DEL MUNICIPIO DE SAN NICOLÁS DE LOS GARZA", "NOM_ASEN": "INDUSTRIAL NOGALAR", "TIPO": "COLONIA", "Shape_Leng": 2131.0080489500001, "Shape_Area": 178523.58673700001 }, "geometry": { "type": "MultiPolygon", "coordinates": [ [ [ [ -100.285068272949246, 25.716625185958694 ], [ -100.286489494230906, 25.717654591349699 ], [ -100.287659811869673, 25.718528785117865 ], [ -100.288022875778964, 25.718792552221732 ], [ -100.289660822943986, 25.719979947907447 ], [ -100.287404612631818, 25.720882808659024 ], [ -100.285735382787777, 25.721555568322874 ], [ -100.285401576984512, 25.72169832777567 ], [ -100.285855199010982, 25.720391255454889 ], [ -100.284171858484399, 25.720016811496933 ], [ -100.284313677042334, 25.719594916541556 ], [ -100.284322239947585, 25.719570507171024 ], [ -100.284330896730353, 25.719543689778771 ], [ -100.284539493442111, 25.718923128420204 ], [ -100.284548619557143, 25.718888969244119 ], [ -100.284563508192036, 25.718851687059896 ], [ -100.284638989586838, 25.718627130917984 ], [ -100.282393422333556, 25.717879277277763 ], [ -100.282686409813508, 25.717374476158771 ], [ -100.283162895978805, 25.716582669826771 ], [ -100.285068272949246, 25.716625185958694 ] ] ] ] } },
{ "type": "Feature", "properties": { "CVEGEO": "1904600010082", "CVE_ENT": "19", "CVE_MUN": "046", "CVE_LOC": "0001", "CVE_ASEN": "0082", "CP": "66448", "FECHA_ACT": "11\/2022", "INSTITUCIO": "SECRETARÍA OBRAS PÚBLICAS Y DESARROLLO URBANO DEL MUNICIPIO DE SAN NICOLÁS DE LOS GARZA", "NOM_ASEN": "INDUSTRIAL LOS PARQUES", "TIPO": "FRACCIONAMIENTO", "Shape_Leng": 1797.4017884299999, "Shape_Area": 181951.58315200001 }, "geometry": { "type": "MultiPolygon", "coordinates": [ [ [ [ -100.2379596302831, 25.746001247685662 ], [ -100.238363354719226, 25.744124851776707 ], [ -100.239097142776004, 25.740833181069295 ], [ -100.239984580702682, 25.741560019475404 ], [ -100.24025476160449, 25.741773889985339 ], [ -100.240624921890344, 25.742044317867091 ], [ -100.240956080344645, 25.742304134964108 ], [ -100.24126195243025, 25.742566228201277 ], [ -100.241603896851828, 25.74282178277436 ], [ -100.24184483885125, 25.74301489081671 ], [ -100.241500814648077, 25.744596945402961 ], [ -100.241476778137056, 25.744708198036509 ], [ -100.241467839274549, 25.744748560139058 ], [ -100.241032662474794, 25.746836926647916 ], [ -100.238863874549637, 25.747539620800094 ], [ -100.23846312035171, 25.746857829708741 ], [ -100.238442635707187, 25.746822981608254 ], [ -100.2379596302831, 25.746001247685662 ] ] ] ] } },
{ "type": "Feature", "properties": { "CVEGEO": "1904600010083", "CVE_ENT": "19", "CVE_MUN": "046", "CVE_LOC": "0001", "CVE_ASEN": "0083", "CP": "66490", "FECHA_ACT": "11\/2022", "INSTITUCIO": "SECRETARÍA OBRAS PÚBLICAS Y DESARROLLO URBANO DEL MUNICIPIO DE SAN NICOLÁS DE LOS GARZA", "NOM_ASEN": "INDUSTRIAS DEL VIDRIO AMPLIACIÓN NORTE PRIMER SECTOR", "TIPO": "COLONIA", "Shape_Leng": 2081.1158967599999, "Shape_Area": 149904.05254599999 }, "geometry": { "type": "MultiPolygon", "coordinates": [ [ [ [ -100.259316398694878, 25.703276943786936 ], [ -100.259295835780634, 25.703276730364919 ], [ -100.259108189097589, 25.703274770182677 ], [ -100.259107299732833, 25.703244309553597 ], [ -100.259106160515145, 25.703205298314554 ], [ -100.259103827397482, 25.703125379536164 ], [ -100.259114028208089, 25.702806844367011 ], [ -100.259131751328056, 25.702691572361427 ], [ -100.259184699755451, 25.702580872776288 ], [ -100.259205123008115, 25.702542931301195 ], [ -100.259232889336531, 25.702491341744011 ], [ -100.259285870904662, 25.702393101461318 ], [ -100.259359209742328, 25.702250174237442 ], [ -100.259417618667413, 25.702133002141107 ], [ -100.259515070138335, 25.701937512599873 ], [ -100.259570408564613, 25.701826521643863 ], [ -100.259613838997694, 25.701739468740683 ], [ -100.259660030351029, 25.701676197720388 ], [ -100.259813169746408, 25.701466428523808 ], [ -100.259885671858044, 25.701367207098773 ], [ -100.259917897676644, 25.701342460140097 ], [ -100.259952896693719, 25.701334754145446 ], [ -100.26000695382082, 25.701329412745224 ], [ -100.260694660409541, 25.701317598312226 ], [ -100.26070121139449, 25.701317485259203 ], [ -100.261093909896175, 25.701310713949709 ], [ -100.261155786866979, 25.701309637666746 ], [ -100.261192392093974, 25.701310574920644 ], [ -100.261744641325905, 25.701324696557126 ], [ -100.261802132274269, 25.701326165969562 ], [ -100.261823073456824, 25.701232897216268 ], [ -100.261823855747295, 25.701231445484396 ], [ -100.261824339644335, 25.701229997732138 ], [ -100.261824387388245, 25.70122957195116 ], [ -100.261976847030425, 25.70125009141741 ], [ -100.262875290577682, 25.701318818206417 ], [ -100.263306721065959, 25.701308152609684 ], [ -100.26356884711862, 25.701268891202567 ], [ -100.263799509346953, 25.701224369959252 ], [ -100.264215029951743, 25.701548860766756 ], [ -100.26453283976258, 25.701846592911878 ], [ -100.264666478388108, 25.701951260988562 ], [ -100.264954490187279, 25.702039582956871 ], [ -100.265003199856224, 25.702054514164857 ], [ -100.266215581911027, 25.702183739288259 ], [ -100.266788520889648, 25.702269910387987 ], [ -100.267388482893153, 25.70283099998753 ], [ -100.267925859669461, 25.703295661524688 ], [ -100.268223939042215, 25.703272152751207 ], [ -100.268216199279834, 25.703410647800389 ], [ -100.268107543021813, 25.7033886127629 ], [ -100.267501245655822, 25.703390295629855 ], [ -100.264959548849703, 25.703348006216412 ], [ -100.26460984639985, 25.703347719303078 ], [ -100.263387826850632, 25.703318861776239 ], [ -100.262528876148707, 25.703305817078377 ], [ -100.261959898767742, 25.703293667914643 ], [ -100.261768677367726, 25.703288457119829 ], [ -100.26136124792491, 25.703282210290617 ], [ -100.260795579020552, 25.703272043394811 ], [ -100.260356624072898, 25.703264161431502 ], [ -100.260016352502078, 25.703258052355782 ], [ -100.25954182943434, 25.703244197106841 ], [ -100.259465448255199, 25.703245311019781 ], [ -100.259316398694878, 25.703276943786936 ] ] ] ] } },
{ "type": "Feature", "properties": { "CVEGEO": "1904600010084", "CVE_ENT": "19", "CVE_MUN": "046", "CVE_LOC": "0001", "CVE_ASEN": "0084", "CP": "66490", "FECHA_ACT": "11\/2022", "INSTITUCIO": "SECRETARÍA OBRAS PÚBLICAS Y DESARROLLO URBANO DEL MUNICIPIO DE SAN NICOLÁS DE LOS GARZA", "NOM_ASEN": "INDUSTRIAS DEL VIDRIO AMPLIACIÓN NORTE SEGUNDO SECTOR", "TIPO": "COLONIA", "Shape_Leng": 2745.1072332899998, "Shape_Area": 230235.5044 }, "geometry": { "type": "MultiPolygon", "coordinates": [ [ [ [ -100.257063398670866, 25.707455860081385 ], [ -100.256955149466108, 25.707346200305597 ], [ -100.25592622490619, 25.707322461146358 ], [ -100.25467254083182, 25.707283737627012 ], [ -100.254550023361801, 25.70731153685605 ], [ -100.253679260402819, 25.707300660701517 ], [ -100.25323706419924, 25.707288830443829 ], [ -100.253204304922335, 25.707288263063077 ], [ -100.252625814616522, 25.707278692150428 ], [ -100.251828245989415, 25.707268025076168 ], [ -100.251365227490425, 25.707258336051854 ], [ -100.250843849462399, 25.707245322377002 ], [ -100.250810959206035, 25.706719425412576 ], [ -100.250810954494085, 25.706719329215403 ], [ -100.25079501293061, 25.706264640629009 ], [ -100.250795010220628, 25.706264544453898 ], [ -100.250793427508029, 25.706210321062795 ], [ -100.250793423797077, 25.706210224876614 ], [ -100.250770643247677, 25.705760597947997 ], [ -100.250770635520453, 25.705760502624457 ], [ -100.250716259722509, 25.705292461064513 ], [ -100.250791178664542, 25.705322420943965 ], [ -100.251906368778862, 25.705315821168831 ], [ -100.252104859457418, 25.705349459727525 ], [ -100.252237248836394, 25.705463320659042 ], [ -100.252361539927165, 25.705769141123767 ], [ -100.252596110008639, 25.70626221959964 ], [ -100.25264194975442, 25.706328200425538 ], [ -100.252731059204848, 25.706375079705886 ], [ -100.253263020240155, 25.706430399897151 ], [ -100.254099308801926, 25.706420180741219 ], [ -100.254635120100517, 25.706253479887987 ], [ -100.254689248828512, 25.706096451317411 ], [ -100.254711079215824, 25.705894569560499 ], [ -100.254719518945564, 25.705442920099426 ], [ -100.254719678861647, 25.705301180298594 ], [ -100.254756139015925, 25.705162739567363 ], [ -100.254929379793822, 25.704992939598359 ], [ -100.254992678991911, 25.704940821029293 ], [ -100.255095518949503, 25.704860180447405 ], [ -100.255770679631297, 25.704328910541246 ], [ -100.256317910299373, 25.704156769562243 ], [ -100.256919088561645, 25.704187880415365 ], [ -100.25700637190198, 25.704207745844442 ], [ -100.257347730193871, 25.704339778226753 ], [ -100.257889046756475, 25.704550616554549 ], [ -100.25820059860493, 25.704611659545019 ], [ -100.258520768809774, 25.704604430239698 ], [ -100.258730030024438, 25.704604343141199 ], [ -100.25904845003268, 25.704968765386919 ], [ -100.25928713880694, 25.70524228743669 ], [ -100.259405190859326, 25.705377568330274 ], [ -100.259630739585546, 25.705627181103512 ], [ -100.259809180288812, 25.705821739604009 ], [ -100.259978709678663, 25.705979020793347 ], [ -100.260254425013613, 25.706280721336892 ], [ -100.260305600226275, 25.70633808008639 ], [ -100.260610469085321, 25.706675111599235 ], [ -100.2606823307692, 25.706758518792316 ], [ -100.260950451026901, 25.707034588906343 ], [ -100.261202876652391, 25.707322264767051 ], [ -100.261472710787913, 25.707602256520495 ], [ -100.260316509109842, 25.70756598074145 ], [ -100.259909768586127, 25.707551400514713 ], [ -100.259476875409177, 25.707539110375063 ], [ -100.258729073548949, 25.707513031648109 ], [ -100.257772131554077, 25.707479698112369 ], [ -100.257221108580964, 25.707460449946659 ], [ -100.257063398670866, 25.707455860081385 ] ] ] ] } },
{ "type": "Feature", "properties": { "CVEGEO": "1904600010085", "CVE_ENT": "19", "CVE_MUN": "046", "CVE_LOC": "0001", "CVE_ASEN": "0085", "CP": "66496", "FECHA_ACT": "11\/2022", "INSTITUCIO": "SECRETARÍA OBRAS PÚBLICAS Y DESARROLLO URBANO DEL MUNICIPIO DE SAN NICOLÁS DE LOS GARZA", "NOM_ASEN": "INDUSTRIAS DEL VIDRIO AMPLIACIÓN NORTE TERCER SECTOR", "TIPO": "COLONIA", "Shape_Leng": 2605.659135, "Shape_Area": 263675.33129200002 }, "geometry": { "type": "MultiPolygon", "coordinates": [ [ [ [ -100.2509169667739, 25.710511013549706 ], [ -100.251030294502996, 25.710488229447527 ], [ -100.251567490314741, 25.710323909226595 ], [ -100.253174007441373, 25.709857004009987 ], [ -100.253608895705682, 25.709727749131808 ], [ -100.25489899285914, 25.709352718268896 ], [ -100.255349107082012, 25.709216669545363 ], [ -100.255168166733625, 25.708777479098501 ], [ -100.255020545565444, 25.708422513902267 ], [ -100.254872158485952, 25.708068726408019 ], [ -100.254720127695037, 25.707712716183902 ], [ -100.254550023361801, 25.70731153685605 ], [ -100.25467254083182, 25.707283737627012 ], [ -100.25592622490619, 25.707322461146358 ], [ -100.256955149466108, 25.707346200305597 ], [ -100.257063398670866, 25.707455860081385 ], [ -100.257127451453755, 25.707521936644596 ], [ -100.257581129337197, 25.708081652892243 ], [ -100.257901629580871, 25.708476357708182 ], [ -100.25822058689198, 25.708871287836033 ], [ -100.258240331238596, 25.708896629729665 ], [ -100.258524492256669, 25.709244241224731 ], [ -100.258546895909816, 25.709271226833714 ], [ -100.258817899303097, 25.709603852168165 ], [ -100.258875108684606, 25.709676136498228 ], [ -100.259068326037692, 25.709916990850736 ], [ -100.259195441741326, 25.710072993175377 ], [ -100.259367100088951, 25.710284111698357 ], [ -100.259482429444276, 25.710425823654102 ], [ -100.259607243288897, 25.710509929355894 ], [ -100.259426575352634, 25.710521366982341 ], [ -100.259029467223655, 25.710645617414595 ], [ -100.257579908861445, 25.711056100942184 ], [ -100.256278140451869, 25.711440094939935 ], [ -100.254769487315102, 25.711866876713252 ], [ -100.254398475157515, 25.71197571980758 ], [ -100.253654385771156, 25.712195390567 ], [ -100.252361736051213, 25.712560410776497 ], [ -100.25227526816019, 25.712614274958035 ], [ -100.251933068151502, 25.712717237175998 ], [ -100.251556130986771, 25.712820934266592 ], [ -100.251526701603154, 25.71282935476119 ], [ -100.250567573061332, 25.713103776508738 ], [ -100.250608092543231, 25.712886837664804 ], [ -100.250628808736238, 25.712569725787571 ], [ -100.250640172612535, 25.712473810109067 ], [ -100.250706834376047, 25.712081041099005 ], [ -100.250711839732006, 25.712047041233529 ], [ -100.250756972099467, 25.711691652153291 ], [ -100.250779412285979, 25.71154212295718 ], [ -100.250809724534605, 25.711292459803978 ], [ -100.250849195189573, 25.711021573606104 ], [ -100.250865320914528, 25.710914624736688 ], [ -100.2509169667739, 25.710511013549706 ] ] ] ] } },
{ "type": "Feature", "properties": { "CVEGEO": "1904600010086", "CVE_ENT": "19", "CVE_MUN": "046", "CVE_LOC": "0001", "CVE_ASEN": "0086", "CP": "66496", "FECHA_ACT": "11\/2022", "INSTITUCIO": "SECRETARÍA OBRAS PÚBLICAS Y DESARROLLO URBANO DEL MUNICIPIO DE SAN NICOLÁS DE LOS GARZA", "NOM_ASEN": "INDUSTRIAS DEL VIDRIO AMPLIACIÓN NORTE CUARTO SECTOR", "TIPO": "COLONIA", "Shape_Leng": 1421.4970377100001, "Shape_Area": 116645.62446200001 }, "geometry": { "type": "MultiPolygon", "coordinates": [ [ [ [ -100.251008045989508, 25.709898561406149 ], [ -100.251006047248922, 25.709723064068911 ], [ -100.251002514398081, 25.709513523539716 ], [ -100.250991928201074, 25.709334094544673 ], [ -100.2509723421704, 25.708912736216167 ], [ -100.250955041432732, 25.708713567675627 ], [ -100.250939170120532, 25.708530860217714 ], [ -100.250906170175313, 25.708130859943932 ], [ -100.250883630109811, 25.707727050395782 ], [ -100.250866778714055, 25.70752300952579 ], [ -100.250843849462399, 25.707245322377002 ], [ -100.251365227490425, 25.707258336051854 ], [ -100.251828245989415, 25.707268025076168 ], [ -100.252625814616522, 25.707278692150428 ], [ -100.253204304922335, 25.707288263063077 ], [ -100.25323706419924, 25.707288830443829 ], [ -100.253679260402819, 25.707300660701517 ], [ -100.254550023361801, 25.70731153685605 ], [ -100.254720127695037, 25.707712716183902 ], [ -100.254872158485952, 25.708068726408019 ], [ -100.255020545565444, 25.708422513902267 ], [ -100.255168166733625, 25.708777479098501 ], [ -100.255349107082012, 25.709216669545363 ], [ -100.25489899285914, 25.709352718268896 ], [ -100.253608895705682, 25.709727749131808 ], [ -100.253174007441373, 25.709857004009987 ], [ -100.251567490314741, 25.710323909226595 ], [ -100.251030294502996, 25.710488229447527 ], [ -100.2509169667739, 25.710511013549706 ], [ -100.250991080255361, 25.710123260383078 ], [ -100.251008045989508, 25.709898561406149 ] ] ] ] } },
{ "type": "Feature", "properties": { "CVEGEO": "1904600010087", "CVE_ENT": "19", "CVE_MUN": "046", "CVE_LOC": "0001", "CVE_ASEN": "0087", "CP": "66470", "FECHA_ACT": "11\/2022", "INSTITUCIO": "SECRETARÍA OBRAS PÚBLICAS Y DESARROLLO URBANO DEL MUNICIPIO DE SAN NICOLÁS DE LOS GARZA", "NOM_ASEN": "INDUSTRIAS DEL VIDRIO AMPLIACIÓN ORIENTE PRIMER SECTOR", "TIPO": "COLONIA", "Shape_Leng": 1528.7239157, "Shape_Area": 136518.43298799999 }, "geometry": { "type": "MultiPolygon", "coordinates": [ [ [ [ -100.235591384336331, 25.723900015655911 ], [ -100.235430257862888, 25.723524014180807 ], [ -100.235400228756021, 25.723463174116038 ], [ -100.235343948498766, 25.723153016820429 ], [ -100.235321626093807, 25.723097227639759 ], [ -100.235267373776679, 25.722718893174516 ], [ -100.235207862849904, 25.72274079282203 ], [ -100.235146805330984, 25.722349250521834 ], [ -100.235080590105056, 25.721813352848919 ], [ -100.234880110980157, 25.720970918137812 ], [ -100.23494664906282, 25.720861701912735 ], [ -100.234982354160863, 25.72083009123261 ], [ -100.234770145848415, 25.72044572457277 ], [ -100.23440586079461, 25.719848753813071 ], [ -100.234514542118589, 25.71980383835924 ], [ -100.235309879737613, 25.719475119651356 ], [ -100.235374568385694, 25.719459663066154 ], [ -100.235562468300088, 25.719414769995797 ], [ -100.236055542682948, 25.719361952150457 ], [ -100.237392070362688, 25.719353623656986 ], [ -100.237479114980275, 25.719570301388398 ], [ -100.237962600669007, 25.721389186784016 ], [ -100.238219302045934, 25.722357033111201 ], [ -100.238389610102431, 25.723075505538016 ], [ -100.238041749724033, 25.723218040037182 ], [ -100.236060479336743, 25.723865103569509 ], [ -100.236081458946146, 25.723909202511706 ], [ -100.235582122937586, 25.724009066606289 ], [ -100.235591384336331, 25.723900015655911 ] ] ] ] } },
{ "type": "Feature", "properties": { "CVEGEO": "1904600010088", "CVE_ENT": "19", "CVE_MUN": "046", "CVE_LOC": "0001", "CVE_ASEN": "0088", "CP": "66420", "FECHA_ACT": "11\/2022", "INSTITUCIO": "SECRETARÍA OBRAS PÚBLICAS Y DESARROLLO URBANO DEL MUNICIPIO DE SAN NICOLÁS DE LOS GARZA", "NOM_ASEN": "ITURBIDE PRIMER SECTOR", "TIPO": "COLONIA", "Shape_Leng": 1388.2586891000001, "Shape_Area": 97076.962270799995 }, "geometry": { "type": "MultiPolygon", "coordinates": [ [ [ [ -100.30199731956543, 25.753073078551562 ], [ -100.301960831722681, 25.75361663722089 ], [ -100.301758467430844, 25.753605819999006 ], [ -100.301725390584394, 25.754067357700031 ], [ -100.301700049515077, 25.754537775989867 ], [ -100.301669679066379, 25.75500110191884 ], [ -100.302219642277379, 25.75503628737626 ], [ -100.302174871659901, 25.755222547568021 ], [ -100.30217379252079, 25.755330836032591 ], [ -100.300151611405155, 25.75525304429101 ], [ -100.29966560254627, 25.755276491378417 ], [ -100.29938445209001, 25.755291024549404 ], [ -100.298481614155662, 25.755532766211513 ], [ -100.29843399289858, 25.755551207012676 ], [ -100.298281879000911, 25.755240829492656 ], [ -100.298274621808361, 25.755193586204747 ], [ -100.298248037476924, 25.755154075024116 ], [ -100.298092614553894, 25.754751433414089 ], [ -100.297998941394212, 25.754454457500117 ], [ -100.297953205947451, 25.754309464173492 ], [ -100.297805083397847, 25.753845751096978 ], [ -100.297710773394215, 25.753544432515451 ], [ -100.297816193405794, 25.753248874207987 ], [ -100.299361416639073, 25.753013340207293 ], [ -100.299732223785995, 25.752974708644913 ], [ -100.299848600865161, 25.75296258359268 ], [ -100.300272154785205, 25.752985085040951 ], [ -100.301404814137186, 25.753042814333995 ], [ -100.30199731956543, 25.753073078551562 ] ] ] ] } },
{ "type": "Feature", "properties": { "CVEGEO": "1904600010089", "CVE_ENT": "19", "CVE_MUN": "046", "CVE_LOC": "0001", "CVE_ASEN": "0089", "CP": "66463", "FECHA_ACT": "11\/2022", "INSTITUCIO": "SECRETARÍA OBRAS PÚBLICAS Y DESARROLLO URBANO DEL MUNICIPIO DE SAN NICOLÁS DE LOS GARZA", "NOM_ASEN": "JARDINES DE ANÁHUAC PRIMER SECTOR", "TIPO": "COLONIA", "Shape_Leng": 2004.1146340600001, "Shape_Area": 227808.63658300001 }, "geometry": { "type": "MultiPolygon", "coordinates": [ [ [ [ -100.274357035481103, 25.736296282157745 ], [ -100.273995668927711, 25.736635228827577 ], [ -100.273842364616925, 25.736722488640993 ], [ -100.273297444843593, 25.73718362694224 ], [ -100.272927131889219, 25.737435166017757 ], [ -100.272605054708549, 25.737789585931967 ], [ -100.27230811770778, 25.737794803194021 ], [ -100.272270696251766, 25.737797085054382 ], [ -100.27167657744431, 25.737800471295351 ], [ -100.270492643650059, 25.73768601388333 ], [ -100.269707406299077, 25.737598106567148 ], [ -100.268962689671994, 25.737506123257166 ], [ -100.268476067117916, 25.737450861054388 ], [ -100.268322334117741, 25.73740000926167 ], [ -100.269046458593152, 25.736291888777703 ], [ -100.269523984171954, 25.735692742679145 ], [ -100.26964795956404, 25.735537187193614 ], [ -100.270670722099652, 25.734253856539706 ], [ -100.270705704725785, 25.73420993672617 ], [ -100.270906028959899, 25.73395858313383 ], [ -100.271346794332047, 25.733411209342883 ], [ -100.271718122479214, 25.732954867291355 ], [ -100.27197400801883, 25.732640397606076 ], [ -100.272060265824919, 25.732532846214362 ], [ -100.272577801560288, 25.732849437699073 ], [ -100.272645805114891, 25.7328910385196 ], [ -100.27389727249674, 25.73365658351408 ], [ -100.273767319673482, 25.733818020034526 ], [ -100.27412271019216, 25.734054850065856 ], [ -100.274167710160526, 25.734032890310118 ], [ -100.274404297759304, 25.733917447240557 ], [ -100.275484504241547, 25.735672365362667 ], [ -100.274354375042165, 25.736217564048218 ], [ -100.274357035481103, 25.736296282157745 ] ] ] ] } },
{ "type": "Feature", "properties": { "CVEGEO": "1904600010090", "CVE_ENT": "19", "CVE_MUN": "046", "CVE_LOC": "0001", "CVE_ASEN": "0090", "CP": "66463", "FECHA_ACT": "11\/2022", "INSTITUCIO": "SECRETARÍA OBRAS PÚBLICAS Y DESARROLLO URBANO DEL MUNICIPIO DE SAN NICOLÁS DE LOS GARZA", "NOM_ASEN": "JARDINES DE ANÁHUAC SEGUNDO SECTOR", "TIPO": "COLONIA", "Shape_Leng": 1852.62169017, "Shape_Area": 200824.00241700001 }, "geometry": { "type": "MultiPolygon", "coordinates": [ [ [ [ -100.272060265824919, 25.732532846214362 ], [ -100.273133490931784, 25.73119474557592 ], [ -100.273797805345993, 25.730937131834075 ], [ -100.273798492821641, 25.730936865412222 ], [ -100.273967021377629, 25.73083240566174 ], [ -100.274223398039553, 25.730750301450769 ], [ -100.276749153411643, 25.730933902275726 ], [ -100.277312668859523, 25.731922069679076 ], [ -100.277325392534962, 25.731944406248918 ], [ -100.277340089743518, 25.731970154688209 ], [ -100.277528143633234, 25.732299915537652 ], [ -100.277582975944654, 25.7323960690128 ], [ -100.278455443497279, 25.733875866427933 ], [ -100.278463600683097, 25.733890082665223 ], [ -100.278472119651326, 25.733903900124158 ], [ -100.278590288993982, 25.734090081042634 ], [ -100.278606006159293, 25.734114843602519 ], [ -100.278523202751089, 25.734192232595042 ], [ -100.278480833112482, 25.734238524525413 ], [ -100.278390711450726, 25.734215191460155 ], [ -100.277051750943869, 25.734886604719911 ], [ -100.27620205015279, 25.735287090349747 ], [ -100.275484504241547, 25.735672365362667 ], [ -100.274404297759304, 25.733917447240557 ], [ -100.274167710160526, 25.734032890310118 ], [ -100.27412271019216, 25.734054850065856 ], [ -100.273767319673482, 25.733818020034526 ], [ -100.27389727249674, 25.73365658351408 ], [ -100.272645805114891, 25.7328910385196 ], [ -100.272577801560288, 25.732849437699073 ], [ -100.272060265824919, 25.732532846214362 ] ] ] ] } },
{ "type": "Feature", "properties": { "CVEGEO": "1904600010091", "CVE_ENT": "19", "CVE_MUN": "046", "CVE_LOC": "0001", "CVE_ASEN": "0091", "CP": "66463", "FECHA_ACT": "11\/2022", "INSTITUCIO": "SECRETARÍA OBRAS PÚBLICAS Y DESARROLLO URBANO DEL MUNICIPIO DE SAN NICOLÁS DE LOS GARZA", "NOM_ASEN": "JARDINES DE ANÁHUAC TERCER SECTOR ETAPA 1", "TIPO": "COLONIA", "Shape_Leng": 2272.4495596299998, "Shape_Area": 178743.17681800001 }, "geometry": { "type": "MultiPolygon", "coordinates": [ [ [ [ -100.276749153411643, 25.730933902275726 ], [ -100.27880218504761, 25.730986117807689 ], [ -100.278882671421528, 25.730331295475043 ], [ -100.279041155513326, 25.729047715516685 ], [ -100.279066519575665, 25.728982579397542 ], [ -100.279055024295275, 25.728969861511949 ], [ -100.279077972149011, 25.728953169789182 ], [ -100.279222111623014, 25.728583023327019 ], [ -100.279401144496092, 25.727614031323807 ], [ -100.27940761517182, 25.727584547567226 ], [ -100.279419390456056, 25.727539981613045 ], [ -100.27942139128487, 25.727206117708384 ], [ -100.280261132689759, 25.728119392194923 ], [ -100.282665079926275, 25.730796942909009 ], [ -100.282587739865846, 25.730957393856475 ], [ -100.282411383647855, 25.730977475817362 ], [ -100.282011997539428, 25.731009590036042 ], [ -100.281624642604427, 25.731034291134328 ], [ -100.281506406815382, 25.731081228120143 ], [ -100.281503646284804, 25.731120266671315 ], [ -100.281289427178336, 25.731409073226086 ], [ -100.281267404110821, 25.731434266694517 ], [ -100.281010512872484, 25.731776231948892 ], [ -100.28098848068673, 25.731807402460706 ], [ -100.280749994054901, 25.732115263960353 ], [ -100.280598430477326, 25.732196139598113 ], [ -100.280550660052, 25.73221374105081 ], [ -100.280686518037612, 25.732273890732941 ], [ -100.280770183619396, 25.732310936242598 ], [ -100.280390237475714, 25.732961376248294 ], [ -100.280622228352769, 25.733051541614035 ], [ -100.280784535986754, 25.733113647272841 ], [ -100.280573325061397, 25.7334403617464 ], [ -100.280569878517028, 25.733476051345328 ], [ -100.280403976543028, 25.733412660223948 ], [ -100.280129248833973, 25.733303975465866 ], [ -100.279823073006867, 25.733187656220725 ], [ -100.279698130900925, 25.733081735293702 ], [ -100.278634067843313, 25.734048599745947 ], [ -100.278590288993982, 25.734090081042634 ], [ -100.278472119651326, 25.733903900124158 ], [ -100.278463600683097, 25.733890082665223 ], [ -100.278455443497279, 25.733875866427933 ], [ -100.277582975944654, 25.7323960690128 ], [ -100.277528143633234, 25.732299915537652 ], [ -100.277340089743518, 25.731970154688209 ], [ -100.277325392534962, 25.731944406248918 ], [ -100.277312668859523, 25.731922069679076 ], [ -100.276749153411643, 25.730933902275726 ] ] ] ] } },
{ "type": "Feature", "properties": { "CVEGEO": "1904600010092", "CVE_ENT": "19", "CVE_MUN": "046", "CVE_LOC": "0001", "CVE_ASEN": "0092", "CP": "66475", "FECHA_ACT": "11\/2022", "INSTITUCIO": "SECRETARÍA OBRAS PÚBLICAS Y DESARROLLO URBANO DEL MUNICIPIO DE SAN NICOLÁS DE LOS GARZA", "NOM_ASEN": "JARDINES DE CASA BLANCA PRIMER SECTOR", "TIPO": "COLONIA", "Shape_Leng": 1396.5704477300001, "Shape_Area": 92962.002430499997 }, "geometry": { "type": "MultiPolygon", "coordinates": [ [ [ [ -100.237431773965014, 25.732327146517452 ], [ -100.237644877536738, 25.732342111586583 ], [ -100.237683447291161, 25.732346061906451 ], [ -100.238804659835338, 25.732476501557638 ], [ -100.239095942905109, 25.732531869073771 ], [ -100.239449190842961, 25.732650117011104 ], [ -100.239530008508936, 25.73268928786473 ], [ -100.239590991606619, 25.732722190199251 ], [ -100.239842421267667, 25.732812076679608 ], [ -100.240006983453, 25.732898524673487 ], [ -100.240145825319885, 25.732973951232811 ], [ -100.240288904595261, 25.733056372461572 ], [ -100.240361286141223, 25.733107882419421 ], [ -100.239991320970304, 25.733416373497672 ], [ -100.239675497042469, 25.733679075629873 ], [ -100.239361325662969, 25.733944619896594 ], [ -100.239108118879798, 25.734159577294093 ], [ -100.239055156460083, 25.73420275514825 ], [ -100.238772223709134, 25.734439087938149 ], [ -100.23867562318199, 25.734518666534012 ], [ -100.238443784324673, 25.734720015889703 ], [ -100.238223951842784, 25.734901410022236 ], [ -100.23813250950073, 25.734982787116859 ], [ -100.23834524943328, 25.735177587159487 ], [ -100.238672028304833, 25.73547680238331 ], [ -100.23837806526646, 25.73572711192913 ], [ -100.238543179047284, 25.73589242089599 ], [ -100.23776428018715, 25.736487043686822 ], [ -100.237518513514701, 25.73623075395718 ], [ -100.237319627627386, 25.736025105184304 ], [ -100.237071180557109, 25.735749953481676 ], [ -100.236771491769844, 25.73531934614013 ], [ -100.23659148821524, 25.735128355207394 ], [ -100.236428915648673, 25.735006841034046 ], [ -100.236409914269657, 25.734992144448192 ], [ -100.236246583629722, 25.734868074743144 ], [ -100.236288940845398, 25.734777221548338 ], [ -100.236779794344699, 25.733735096930243 ], [ -100.236818068295364, 25.733657289841155 ], [ -100.237395138490825, 25.732420344102305 ], [ -100.237431773965014, 25.732327146517452 ] ] ] ] } },
{ "type": "Feature", "properties": { "CVEGEO": "1904600010093", "CVE_ENT": "19", "CVE_MUN": "046", "CVE_LOC": "0001", "CVE_ASEN": "0093", "CP": "66475", "FECHA_ACT": "11\/2022", "INSTITUCIO": "SECRETARÍA OBRAS PÚBLICAS Y DESARROLLO URBANO DEL MUNICIPIO DE SAN NICOLÁS DE LOS GARZA", "NOM_ASEN": "JARDINES DE CASA BLANCA SEGUNDO SECTOR", "TIPO": "COLONIA", "Shape_Leng": 1434.0232962600001, "Shape_Area": 105456.634754 }, "geometry": { "type": "MultiPolygon", "coordinates": [ [ [ [ -100.238543179047284, 25.73589242089599 ], [ -100.23837806526646, 25.73572711192913 ], [ -100.238672028304833, 25.73547680238331 ], [ -100.23834524943328, 25.735177587159487 ], [ -100.23813250950073, 25.734982787116859 ], [ -100.238223951842784, 25.734901410022236 ], [ -100.238443784324673, 25.734720015889703 ], [ -100.23867562318199, 25.734518666534012 ], [ -100.238772223709134, 25.734439087938149 ], [ -100.239055156460083, 25.73420275514825 ], [ -100.239108118879798, 25.734159577294093 ], [ -100.239361325662969, 25.733944619896594 ], [ -100.239675497042469, 25.733679075629873 ], [ -100.239991320970304, 25.733416373497672 ], [ -100.240361286141223, 25.733107882419421 ], [ -100.240653621836472, 25.733354213499876 ], [ -100.241873234401581, 25.734543398056591 ], [ -100.241929124512666, 25.734599777960739 ], [ -100.242102769480127, 25.7347622592996 ], [ -100.242141635516077, 25.734820447345367 ], [ -100.24088912073276, 25.735911665991313 ], [ -100.240730197566975, 25.736052541943142 ], [ -100.239652535830288, 25.736989253697882 ], [ -100.239370300605003, 25.737237443987073 ], [ -100.238849224126426, 25.737688808282996 ], [ -100.238046590610466, 25.736802756842373 ], [ -100.23776428018715, 25.736487043686822 ], [ -100.238543179047284, 25.73589242089599 ] ] ] ] } },
{ "type": "Feature", "properties": { "CVEGEO": "1904600010094", "CVE_ENT": "19", "CVE_MUN": "046", "CVE_LOC": "0001", "CVE_ASEN": "0094", "CP": "66414", "FECHA_ACT": "11\/2022", "INSTITUCIO": "SECRETARÍA OBRAS PÚBLICAS Y DESARROLLO URBANO DEL MUNICIPIO DE SAN NICOLÁS DE LOS GARZA", "NOM_ASEN": "JARDINES DE SAN NICOLÁS", "TIPO": "COLONIA", "Shape_Leng": 1515.07826413, "Shape_Area": 89583.781644899995 }, "geometry": { "type": "MultiPolygon", "coordinates": [ [ [ [ -100.277144642923588, 25.759539787479852 ], [ -100.276551334975679, 25.759429322164006 ], [ -100.276486563061241, 25.759397411423329 ], [ -100.276066006326886, 25.759190201836091 ], [ -100.276010909833118, 25.759057199819015 ], [ -100.275876799966511, 25.759016650450938 ], [ -100.27566563581442, 25.758849553315169 ], [ -100.276612013714086, 25.757177847541058 ], [ -100.277001530852516, 25.756444054873789 ], [ -100.277616802920278, 25.756138329229589 ], [ -100.278237493422267, 25.755388771192912 ], [ -100.278807769189527, 25.754700082107831 ], [ -100.279174931443706, 25.754764234800177 ], [ -100.27932758559713, 25.75478891477221 ], [ -100.279785970518844, 25.754867077944866 ], [ -100.278818377517538, 25.755874185610292 ], [ -100.278433838919739, 25.756274420459043 ], [ -100.278705549362769, 25.7564834331768 ], [ -100.278907074151576, 25.756638687177603 ], [ -100.278747740769759, 25.757050849730003 ], [ -100.278721269115422, 25.757117965907376 ], [ -100.278566155953342, 25.757496974535684 ], [ -100.278396889750866, 25.757917073501606 ], [ -100.278224926183483, 25.758323877202102 ], [ -100.278041585104063, 25.758752469743193 ], [ -100.2778790892892, 25.759129289123702 ], [ -100.277872772316883, 25.759185557138402 ], [ -100.277769623390242, 25.759463608406275 ], [ -100.277718141935551, 25.7595451582328 ], [ -100.277557924901473, 25.759691115248742 ], [ -100.277230809212782, 25.759572288029485 ], [ -100.277189485959539, 25.759556256442877 ], [ -100.277144642923588, 25.759539787479852 ] ] ] ] } },
{ "type": "Feature", "properties": { "CVEGEO": "1904600010095", "CVE_ENT": "19", "CVE_MUN": "046", "CVE_LOC": "0001", "CVE_ASEN": "0095", "CP": "66468", "FECHA_ACT": "11\/2022", "INSTITUCIO": "SECRETARÍA OBRAS PÚBLICAS Y DESARROLLO URBANO DEL MUNICIPIO DE SAN NICOLÁS DE LOS GARZA", "NOM_ASEN": "JARDINES DE SANTO DOMINGO", "TIPO": "COLONIA", "Shape_Leng": 681.05812610500004, "Shape_Area": 27900.697438800002 }, "geometry": { "type": "MultiPolygon", "coordinates": [ [ [ [ -100.265389002034581, 25.741094962930458 ], [ -100.266288391619412, 25.741442869101196 ], [ -100.266443333314598, 25.741505205847833 ], [ -100.266384341860828, 25.74165631606277 ], [ -100.266365288974939, 25.741724687745222 ], [ -100.266222059797798, 25.74241816449894 ], [ -100.266116170196241, 25.742975665598497 ], [ -100.266074153981478, 25.74315697227081 ], [ -100.264253083168427, 25.742106048073882 ], [ -100.264405577188171, 25.741930803308868 ], [ -100.264680891920861, 25.741620569208564 ], [ -100.264965557797581, 25.741359895899638 ], [ -100.265082974444653, 25.741266582007707 ], [ -100.265311267174397, 25.741065002001978 ], [ -100.265389002034581, 25.741094962930458 ] ] ] ] } },
{ "type": "Feature", "properties": { "CVEGEO": "1904600010096", "CVE_ENT": "19", "CVE_MUN": "046", "CVE_LOC": "0001", "CVE_ASEN": "0096", "CP": "66460", "FECHA_ACT": "11\/2022", "INSTITUCIO": "SECRETARÍA OBRAS PÚBLICAS Y DESARROLLO URBANO DEL MUNICIPIO DE SAN NICOLÁS DE LOS GARZA", "NOM_ASEN": "JARDÍN DE LAS PUENTES", "TIPO": "COLONIA", "Shape_Leng": 1246.7452674399999, "Shape_Area": 83181.124902399999 }, "geometry": { "type": "MultiPolygon", "coordinates": [ [ [ [ -100.280028015358511, 25.740192918723899 ], [ -100.280052764262308, 25.740604990258337 ], [ -100.28005517971836, 25.740670863955518 ], [ -100.280070155465836, 25.741079245605654 ], [ -100.280073370755744, 25.741209958647268 ], [ -100.280076388597649, 25.741451329185868 ], [ -100.280079432043408, 25.741518560183842 ], [ -100.280081448377544, 25.741596577875963 ], [ -100.280090836636148, 25.741978002310027 ], [ -100.280104693883416, 25.742094386849548 ], [ -100.280092163031213, 25.742277988320701 ], [ -100.280063700390784, 25.742426465434786 ], [ -100.280019654485002, 25.742507824803052 ], [ -100.278511359357623, 25.742513282312483 ], [ -100.278116053374475, 25.742607288629408 ], [ -100.277803135873143, 25.742553788345329 ], [ -100.27651270337023, 25.742375757043334 ], [ -100.276645243763198, 25.741220222752986 ], [ -100.276651905422909, 25.74119108615751 ], [ -100.276659900061176, 25.741162473803655 ], [ -100.276715501847804, 25.740702234665623 ], [ -100.276716651857626, 25.74069571676316 ], [ -100.276718092089496, 25.740687553088552 ], [ -100.276840943178712, 25.740343037230588 ], [ -100.278154198094882, 25.740429261032563 ], [ -100.27915398428533, 25.740452501068884 ], [ -100.279389929560253, 25.740267322798569 ], [ -100.279435595114975, 25.740201258614206 ], [ -100.27946466483246, 25.740167017678836 ], [ -100.279781141056986, 25.739755503230256 ], [ -100.279817844451586, 25.739698129501352 ], [ -100.280032350757452, 25.739772648025379 ], [ -100.279993615559263, 25.739821624464561 ], [ -100.280028015358511, 25.740192918723899 ] ] ] ] } },
{ "type": "Feature", "properties": { "CVEGEO": "1904600010097", "CVE_ENT": "19", "CVE_MUN": "046", "CVE_LOC": "0001", "CVE_ASEN": "0097", "CP": "66445", "FECHA_ACT": "11\/2022", "INSTITUCIO": "SECRETARÍA OBRAS PÚBLICAS Y DESARROLLO URBANO DEL MUNICIPIO DE SAN NICOLÁS DE LOS GARZA", "NOM_ASEN": "JARDINES DEL MEZQUITAL", "TIPO": "COLONIA", "Shape_Leng": 2145.9402909700002, "Shape_Area": 134070.07668500001 }, "geometry": { "type": "MultiPolygon", "coordinates": [ [ [ [ -100.244313984751912, 25.750551412998476 ], [ -100.242722009815409, 25.749931414031941 ], [ -100.242758164666668, 25.749506227956026 ], [ -100.242764827915863, 25.749473867623635 ], [ -100.242730737455716, 25.749045944588143 ], [ -100.242750868752935, 25.748774512683184 ], [ -100.243051445704296, 25.748485930129409 ], [ -100.243566980770666, 25.748022837404051 ], [ -100.244774631116115, 25.747200737536581 ], [ -100.244812851963871, 25.747302288068315 ], [ -100.245017801224847, 25.747892061499588 ], [ -100.245144326814625, 25.74825246316227 ], [ -100.245277001190772, 25.748631780186528 ], [ -100.245407800876038, 25.748997948301867 ], [ -100.24552597061404, 25.749332354664872 ], [ -100.245605489385241, 25.749135832841457 ], [ -100.245740702113366, 25.749037319650558 ], [ -100.245780749399685, 25.749072254634562 ], [ -100.246000539801415, 25.749203760598562 ], [ -100.246038522460239, 25.749226357415868 ], [ -100.246079236906127, 25.749251353560499 ], [ -100.247356090960338, 25.750023098875875 ], [ -100.247220517510712, 25.75015088000702 ], [ -100.24705661206356, 25.750294593537316 ], [ -100.247093073421951, 25.750322346751137 ], [ -100.247228381096846, 25.750425337487762 ], [ -100.247710902535474, 25.750792613009732 ], [ -100.247963570460371, 25.750992078308283 ], [ -100.248002544052625, 25.751022948319545 ], [ -100.248036654797701, 25.751051995877198 ], [ -100.248640353444827, 25.751454505173378 ], [ -100.24867085226029, 25.751474838118774 ], [ -100.248405352812128, 25.751755537688613 ], [ -100.248079497337685, 25.751503027835032 ], [ -100.247732879988675, 25.751232067758192 ], [ -100.247681495298622, 25.751197053238965 ], [ -100.247386531840661, 25.750976741016629 ], [ -100.247064892565106, 25.750758521942927 ], [ -100.247009739281637, 25.75072760500839 ], [ -100.246755512832181, 25.750536902419036 ], [ -100.246381235189304, 25.750867471127364 ], [ -100.246166760503485, 25.751056895050375 ], [ -100.246300676412361, 25.751450763200843 ], [ -100.246102507187274, 25.751539502219789 ], [ -100.24539564498896, 25.752468541323317 ], [ -100.244249488789819, 25.752245133682141 ], [ -100.244257820018859, 25.752170866845148 ], [ -100.244261199230252, 25.75214108226244 ], [ -100.244511311112689, 25.750624449810143 ], [ -100.24435788759763, 25.75056948460621 ], [ -100.244356066943695, 25.750568735195319 ], [ -100.244313984751912, 25.750551412998476 ] ] ] ] } },
{ "type": "Feature", "properties": { "CVEGEO": "1904600010098", "CVE_ENT": "19", "CVE_MUN": "046", "CVE_LOC": "0001", "CVE_ASEN": "0098", "CP": "66486", "FECHA_ACT": "11\/2022", "INSTITUCIO": "SECRETARÍA OBRAS PÚBLICAS Y DESARROLLO URBANO DEL MUNICIPIO DE SAN NICOLÁS DE LOS GARZA", "NOM_ASEN": "JARDINES DEL NOGALAR (FOMERREY 28)", "TIPO": "COLONIA", "Shape_Leng": 959.84941910099997, "Shape_Area": 46931.673474700001 }, "geometry": { "type": "MultiPolygon", "coordinates": [ [ [ [ -100.278618303629187, 25.72435116797838 ], [ -100.278505995472514, 25.724522488184174 ], [ -100.278314111363628, 25.724517823928995 ], [ -100.277987714569321, 25.724641457546458 ], [ -100.277429403993779, 25.724855489203716 ], [ -100.277307544470389, 25.72490220059948 ], [ -100.277188698245013, 25.724776659185309 ], [ -100.276602900409472, 25.724141345422268 ], [ -100.27605510944359, 25.723547124401904 ], [ -100.275397274302023, 25.722806688812675 ], [ -100.275202922920215, 25.722588117741058 ], [ -100.276453341281041, 25.721994839959397 ], [ -100.276591497370504, 25.722152684484207 ], [ -100.276629758654664, 25.72219543867045 ], [ -100.276662899172024, 25.722232466441618 ], [ -100.277800094419021, 25.72347095342089 ], [ -100.27782451430015, 25.723497547885387 ], [ -100.278618303629187, 25.72435116797838 ] ] ] ] } },
{ "type": "Feature", "properties": { "CVEGEO": "1904600010099", "CVE_ENT": "19", "CVE_MUN": "046", "CVE_LOC": "0001", "CVE_ASEN": "0099", "CP": "66469", "FECHA_ACT": "11\/2022", "INSTITUCIO": "SECRETARÍA OBRAS PÚBLICAS Y DESARROLLO URBANO DEL MUNICIPIO DE SAN NICOLÁS DE LOS GARZA", "NOM_ASEN": "PROFESOR JULIO TREVIÑO", "TIPO": "COLONIA", "Shape_Leng": 888.53780961400003, "Shape_Area": 28714.410323399999 }, "geometry": { "type": "MultiPolygon", "coordinates": [ [ [ [ -100.276996852067839, 25.749801630783026 ], [ -100.277147021800715, 25.749532878263995 ], [ -100.277408978995794, 25.748779909897742 ], [ -100.277981769981153, 25.748893261368462 ], [ -100.278027158488428, 25.748915152789603 ], [ -100.278815217424622, 25.749175520490539 ], [ -100.278700544900943, 25.749411268512741 ], [ -100.278643438246846, 25.749790793305355 ], [ -100.278617263426995, 25.750073950346504 ], [ -100.278636273937011, 25.750139561343079 ], [ -100.279114991956973, 25.750363978732967 ], [ -100.279844435032075, 25.750481107044411 ], [ -100.279872563721341, 25.750538047173336 ], [ -100.279674349587737, 25.750618445971853 ], [ -100.279639622337911, 25.750679502201478 ], [ -100.27943242063769, 25.750929059178574 ], [ -100.279270617161828, 25.751013529101282 ], [ -100.279037220385845, 25.750945710081698 ], [ -100.278977944515432, 25.750924300246229 ], [ -100.278231270069867, 25.750665175611019 ], [ -100.278314834104293, 25.75045725032474 ], [ -100.278347195385933, 25.750367782414695 ], [ -100.278032207338725, 25.750275202671403 ], [ -100.276996852067839, 25.749801630783026 ] ] ] ] } },
{ "type": "Feature", "properties": { "CVEGEO": "1904600010100", "CVE_ENT": "19", "CVE_MUN": "046", "CVE_LOC": "0001", "CVE_ASEN": "0100", "CP": "66489", "FECHA_ACT": "11\/2022", "INSTITUCIO": "SECRETARÍA OBRAS PÚBLICAS Y DESARROLLO URBANO DEL MUNICIPIO DE SAN NICOLÁS DE LOS GARZA", "NOM_ASEN": "LAGOS DE CHAPULTEPEC (FOMERREY 69)", "TIPO": "COLONIA", "Shape_Leng": 1795.0832404099999, "Shape_Area": 107410.402302 }, "geometry": { "type": "MultiPolygon", "coordinates": [ [ [ [ -100.266360910372214, 25.728489281307922 ], [ -100.266355243225931, 25.728402808196513 ], [ -100.266408204779211, 25.727590338386932 ], [ -100.266419302519608, 25.727335460458075 ], [ -100.266377020627829, 25.727236359818122 ], [ -100.266845669657997, 25.727135995952811 ], [ -100.267373299688856, 25.72701229654486 ], [ -100.267749254881096, 25.726907599555126 ], [ -100.267864420086724, 25.726898795314053 ], [ -100.268376860915367, 25.72688033221316 ], [ -100.268906370090889, 25.726844759147475 ], [ -100.269028198876356, 25.726819060328598 ], [ -100.269403202599634, 25.726818107702162 ], [ -100.269919069696016, 25.726800975908489 ], [ -100.270368784760308, 25.726771473725815 ], [ -100.270409990943776, 25.726773794136296 ], [ -100.271282138769664, 25.726716987553488 ], [ -100.271716302327562, 25.726692610516039 ], [ -100.272891988691825, 25.726601256722656 ], [ -100.273590471884248, 25.726480753559045 ], [ -100.273877323695302, 25.726495418372942 ], [ -100.273882313567313, 25.726532402719318 ], [ -100.273891698021345, 25.726601887901801 ], [ -100.273477917107769, 25.726773882780062 ], [ -100.271708942732985, 25.727495503204629 ], [ -100.271078824885592, 25.727751815085792 ], [ -100.270613511893728, 25.727936244411531 ], [ -100.270168898557742, 25.72810976040401 ], [ -100.269670187798141, 25.728314949979747 ], [ -100.269219276268032, 25.728497567969065 ], [ -100.268733259741325, 25.728689375223833 ], [ -100.268249577442845, 25.728874683274945 ], [ -100.267784501124538, 25.729061778853367 ], [ -100.267294708877216, 25.729251358073402 ], [ -100.26682829161247, 25.72944493578591 ], [ -100.266656018269288, 25.729177453309873 ], [ -100.266360910372214, 25.728489281307922 ] ] ] ] } },
{ "type": "Feature", "properties": { "CVEGEO": "1904600010101", "CVE_ENT": "19", "CVE_MUN": "046", "CVE_LOC": "0001", "CVE_ASEN": "0101", "CP": "66489", "FECHA_ACT": "11\/2022", "INSTITUCIO": "SECRETARÍA OBRAS PÚBLICAS Y DESARROLLO URBANO DEL MUNICIPIO DE SAN NICOLÁS DE LOS GARZA", "NOM_ASEN": "COLONIAL LAGRANGE", "TIPO": "COLONIA", "Shape_Leng": 1207.20592229, "Shape_Area": 67751.370562900003 }, "geometry": { "type": "MultiPolygon", "coordinates": [ [ [ [ -100.264806593783646, 25.719941518253748 ], [ -100.264062722488845, 25.719271954466123 ], [ -100.263766995549418, 25.719035870644831 ], [ -100.262693338178551, 25.71844486055009 ], [ -100.26352295043813, 25.716558888205974 ], [ -100.263549600306391, 25.716489120388633 ], [ -100.263655889730444, 25.716520599740324 ], [ -100.263784910021172, 25.716558879723468 ], [ -100.26399042296481, 25.716681428928084 ], [ -100.264018890052824, 25.716720298548566 ], [ -100.264325577224838, 25.717142151552565 ], [ -100.264782944154476, 25.716840672056289 ], [ -100.264991514861379, 25.717099331024272 ], [ -100.264912965988145, 25.71714954267982 ], [ -100.264683725700991, 25.717296084401916 ], [ -100.265570109022647, 25.718381480009501 ], [ -100.26581664109078, 25.718200365911446 ], [ -100.265915536156669, 25.718325527658973 ], [ -100.2663559955312, 25.718839980384239 ], [ -100.266022995028322, 25.719076728055718 ], [ -100.264806593783646, 25.719941518253748 ] ] ] ] } },
{ "type": "Feature", "properties": { "CVEGEO": "1904600010102", "CVE_ENT": "19", "CVE_MUN": "046", "CVE_LOC": "0001", "CVE_ASEN": "0102", "CP": "66489", "FECHA_ACT": "11\/2022", "INSTITUCIO": "SECRETARÍA OBRAS PÚBLICAS Y DESARROLLO URBANO DEL MUNICIPIO DE SAN NICOLÁS DE LOS GARZA", "NOM_ASEN": "VALLE LAGRANGE", "TIPO": "COLONIA", "Shape_Leng": 1039.0600060500001, "Shape_Area": 36689.332884399999 }, "geometry": { "type": "MultiPolygon", "coordinates": [ [ [ [ -100.264057540730121, 25.715980415259402 ], [ -100.264108829524631, 25.715936689602145 ], [ -100.264743429741998, 25.71539440336754 ], [ -100.265267024382851, 25.714913687595882 ], [ -100.26523970497945, 25.715160787582406 ], [ -100.265244207809928, 25.715180941973838 ], [ -100.26532254831254, 25.715557615836897 ], [ -100.265332198292555, 25.715614762355482 ], [ -100.265344596906885, 25.715648423545016 ], [ -100.265903240896392, 25.718116366656712 ], [ -100.26581664109078, 25.718200365911446 ], [ -100.265570109022647, 25.718381480009501 ], [ -100.264683725700991, 25.717296084401916 ], [ -100.264912965988145, 25.71714954267982 ], [ -100.264991514861379, 25.717099331024272 ], [ -100.264782944154476, 25.716840672056289 ], [ -100.264325577224838, 25.717142151552565 ], [ -100.264018890052824, 25.716720298548566 ], [ -100.26399042296481, 25.716681428928084 ], [ -100.263784910021172, 25.716558879723468 ], [ -100.263655889730444, 25.716520599740324 ], [ -100.263549600306391, 25.716489120388633 ], [ -100.263612122998708, 25.716325428511066 ], [ -100.263723509333104, 25.716237591559235 ], [ -100.263815807663079, 25.716166530073483 ], [ -100.264057540730121, 25.715980415259402 ] ] ] ] } },
{ "type": "Feature", "properties": { "CVEGEO": "1904600010103", "CVE_ENT": "19", "CVE_MUN": "046", "CVE_LOC": "0001", "CVE_ASEN": "0103", "CP": "66450", "FECHA_ACT": "11\/2022", "INSTITUCIO": "SECRETARÍA OBRAS PÚBLICAS Y DESARROLLO URBANO DEL MUNICIPIO DE SAN NICOLÁS DE LOS GARZA", "NOM_ASEN": "LOMAS DEL ROBLE PRIMER SECTOR", "TIPO": "COLONIA", "Shape_Leng": 2435.8620755400002, "Shape_Area": 218708.014841 }, "geometry": { "type": "MultiPolygon", "coordinates": [ [ [ [ -100.317325199984438, 25.737298690092633 ], [ -100.317973811048759, 25.737341316447647 ], [ -100.318206607503967, 25.737358214180897 ], [ -100.318285522227384, 25.737330662274381 ], [ -100.319352340905084, 25.737382017875785 ], [ -100.31998362959304, 25.737429046992627 ], [ -100.320040260005754, 25.737546089610507 ], [ -100.320251855485381, 25.737825468731675 ], [ -100.320178606150819, 25.738144620022251 ], [ -100.320071895874932, 25.738609572132802 ], [ -100.319888565768011, 25.739408347009121 ], [ -100.319594791820293, 25.740526125438748 ], [ -100.319202164777465, 25.742392340319768 ], [ -100.318963011111677, 25.744891530246754 ], [ -100.31899698125541, 25.7456892981442 ], [ -100.318207468155833, 25.745837094259734 ], [ -100.317876421752189, 25.745899035896056 ], [ -100.317622581705663, 25.746015371531197 ], [ -100.317015171289597, 25.746119372836187 ], [ -100.316656952912354, 25.746230259384998 ], [ -100.316949123745118, 25.745923513531856 ], [ -100.317008633082509, 25.745139015858637 ], [ -100.317026428891765, 25.74458658657889 ], [ -100.31704317053638, 25.743966796780985 ], [ -100.317077684709204, 25.743379951773839 ], [ -100.31711145414711, 25.742793596510943 ], [ -100.317130302317622, 25.742225893534592 ], [ -100.317149798581326, 25.74159146021308 ], [ -100.317235213364214, 25.739023419920088 ], [ -100.317279829547729, 25.738407907107948 ], [ -100.317297971710914, 25.737815978577117 ], [ -100.317325199984438, 25.737298690092633 ] ] ] ] } },
{ "type": "Feature", "properties": { "CVEGEO": "1904600010104", "CVE_ENT": "19", "CVE_MUN": "046", "CVE_LOC": "0001", "CVE_ASEN": "0104", "CP": "66450", "FECHA_ACT": "11\/2022", "INSTITUCIO": "SECRETARÍA OBRAS PÚBLICAS Y DESARROLLO URBANO DEL MUNICIPIO DE SAN NICOLÁS DE LOS GARZA", "NOM_ASEN": "LOMAS DEL ROBLE SEGUNDO SECTOR", "TIPO": "COLONIA", "Shape_Leng": 2442.5384873799999, "Shape_Area": 285461.52407099999 }, "geometry": { "type": "MultiPolygon", "coordinates": [ [ [ [ -100.31998362959304, 25.737429046992627 ], [ -100.320047335545894, 25.737433312817931 ], [ -100.320599740077768, 25.737470280124064 ], [ -100.320844799278831, 25.737483081032238 ], [ -100.321151824894841, 25.73750729017998 ], [ -100.321270351959825, 25.737516939327278 ], [ -100.322411430261383, 25.737584488748066 ], [ -100.322961079081125, 25.737623551869198 ], [ -100.323905413052913, 25.737690679117886 ], [ -100.323876382160847, 25.737864499703996 ], [ -100.323830177338934, 25.738254638660354 ], [ -100.323822871470938, 25.738397543637369 ], [ -100.323815791996182, 25.738536018482471 ], [ -100.323799369335731, 25.738719570285024 ], [ -100.323792182165036, 25.739169031654633 ], [ -100.323790247818522, 25.739197479189926 ], [ -100.323635568759556, 25.73919230893469 ], [ -100.323628169383042, 25.73943780085197 ], [ -100.323611550725431, 25.739989944206339 ], [ -100.323287720892225, 25.74063266181669 ], [ -100.323009691232343, 25.741193292180721 ], [ -100.322971289538813, 25.741265139712056 ], [ -100.322771197335115, 25.741691725970838 ], [ -100.322522448127629, 25.74218718265212 ], [ -100.322488799045573, 25.742254200713056 ], [ -100.322207369212848, 25.742865091441537 ], [ -100.322186848269936, 25.742911691406594 ], [ -100.322146877634438, 25.74300243110677 ], [ -100.321969816840891, 25.743402491640865 ], [ -100.321863860385506, 25.743681831318245 ], [ -100.321818278073096, 25.743790631396788 ], [ -100.321741199139765, 25.74395372152339 ], [ -100.321498478020018, 25.744457662033739 ], [ -100.321240490838861, 25.745006752759505 ], [ -100.321191339270385, 25.745111369740556 ], [ -100.321044814990373, 25.745305250288109 ], [ -100.31899698125541, 25.7456892981442 ], [ -100.318963011111677, 25.744891530246754 ], [ -100.319202164777465, 25.742392340319768 ], [ -100.319594791820293, 25.740526125438748 ], [ -100.319888565768011, 25.739408347009121 ], [ -100.320071895874932, 25.738609572132802 ], [ -100.320178606150819, 25.738144620022251 ], [ -100.320251855485381, 25.737825468731675 ], [ -100.320040260005754, 25.737546089610507 ], [ -100.31998362959304, 25.737429046992627 ] ] ] ] } },
{ "type": "Feature", "properties": { "CVEGEO": "1904600010105", "CVE_ENT": "19", "CVE_MUN": "046", "CVE_LOC": "0001", "CVE_ASEN": "0105", "CP": "66140", "FECHA_ACT": "11\/2022", "INSTITUCIO": "SECRETARÍA OBRAS PÚBLICAS Y DESARROLLO URBANO DEL MUNICIPIO DE SAN NICOLÁS DE LOS GARZA", "NOM_ASEN": "LÓPEZ PORTILLO (FOMERREY 68)", "TIPO": "COLONIA", "Shape_Leng": 674.49596270100005, "Shape_Area": 17701.9359669 }, "geometry": { "type": "MultiPolygon", "coordinates": [ [ [ [ -100.273190896189547, 25.718763297168195 ], [ -100.273533598443393, 25.718613235221572 ], [ -100.273801263786041, 25.718492313210024 ], [ -100.274637377909684, 25.718125694973601 ], [ -100.27541143924276, 25.717829181912197 ], [ -100.275495486860279, 25.717785646253617 ], [ -100.275801701670517, 25.71805700569691 ], [ -100.275926836509882, 25.718167149091965 ], [ -100.27584312913956, 25.718207824306912 ], [ -100.273441549108341, 25.719374780058402 ], [ -100.273393172703763, 25.719397724291593 ], [ -100.273320064590038, 25.719199944329521 ], [ -100.273204330095894, 25.718824103297241 ], [ -100.273190896189547, 25.718763297168195 ] ] ] ] } },
{ "type": "Feature", "properties": { "CVEGEO": "1904600010106", "CVE_ENT": "19", "CVE_MUN": "046", "CVE_LOC": "0001", "CVE_ASEN": "0106", "CP": "66479", "FECHA_ACT": "11\/2022", "INSTITUCIO": "SECRETARÍA OBRAS PÚBLICAS Y DESARROLLO URBANO DEL MUNICIPIO DE SAN NICOLÁS DE LOS GARZA", "NOM_ASEN": "MARGARITA SALAZAR", "TIPO": "COLONIA", "Shape_Leng": 1825.9763179900001, "Shape_Area": 148084.78123600001 }, "geometry": { "type": "MultiPolygon", "coordinates": [ [ [ [ -100.239370300605003, 25.737237443987073 ], [ -100.239652535830288, 25.736989253697882 ], [ -100.240730197566975, 25.736052541943142 ], [ -100.24088912073276, 25.735911665991313 ], [ -100.240949417299859, 25.735939348397164 ], [ -100.242754014858917, 25.736767833460981 ], [ -100.24294499214588, 25.736847558214112 ], [ -100.243159053300701, 25.736963788330012 ], [ -100.243746854722929, 25.736925354171966 ], [ -100.246696826898997, 25.736933849594379 ], [ -100.246655644663619, 25.737044235340523 ], [ -100.246559506548067, 25.737105950178243 ], [ -100.246446540402317, 25.737353117602478 ], [ -100.246489594297088, 25.737353354949558 ], [ -100.24638954695321, 25.737541270898269 ], [ -100.246408619958174, 25.73767346073231 ], [ -100.245876006847979, 25.737889101362825 ], [ -100.245499321549332, 25.738041618839546 ], [ -100.245454539095732, 25.738059609236021 ], [ -100.245035414451394, 25.738227976013668 ], [ -100.245013335114194, 25.738236859414265 ], [ -100.244270294266528, 25.738539228415977 ], [ -100.24386749518051, 25.738702311098052 ], [ -100.243691064478725, 25.738773741965097 ], [ -100.243205081994347, 25.738970502563763 ], [ -100.24267297971096, 25.739185931183084 ], [ -100.242151678267831, 25.739396984594041 ], [ -100.241931265877611, 25.739486219525677 ], [ -100.241615677048529, 25.739609217216287 ], [ -100.241521952649634, 25.739486924194203 ], [ -100.240820145233442, 25.738571362174412 ], [ -100.240491314849805, 25.738341190806413 ], [ -100.240329690655358, 25.738228057810208 ], [ -100.239512494286146, 25.738114183934876 ], [ -100.239508601678153, 25.737785764073141 ], [ -100.239535544107412, 25.737752507975738 ], [ -100.239505849803891, 25.737363280146013 ], [ -100.239370300605003, 25.737237443987073 ] ] ] ] } },
{ "type": "Feature", "properties": { "CVEGEO": "1904600010107", "CVE_ENT": "19", "CVE_MUN": "046", "CVE_LOC": "0001", "CVE_ASEN": "0107", "CP": "66470", "FECHA_ACT": "11\/2022", "INSTITUCIO": "SECRETARÍA OBRAS PÚBLICAS Y DESARROLLO URBANO DEL MUNICIPIO DE SAN NICOLÁS DE LOS GARZA", "NOM_ASEN": "MIGUEL ALEMÁN", "TIPO": "COLONIA", "Shape_Leng": 3217.540682, "Shape_Area": 610628.12147100002 }, "geometry": { "type": "MultiPolygon", "coordinates": [ [ [ [ -100.219456769238235, 25.714859951005522 ], [ -100.221113166239164, 25.715128590095173 ], [ -100.221485169621218, 25.715212827433763 ], [ -100.222269565490805, 25.715354585785931 ], [ -100.22230301808851, 25.715360826258639 ], [ -100.222481977198555, 25.715391485013253 ], [ -100.223793208364725, 25.71561548904851 ], [ -100.223874791553655, 25.715629338542229 ], [ -100.226514733473465, 25.716077495515318 ], [ -100.226605339695396, 25.716092875954725 ], [ -100.228341015091331, 25.716387496779092 ], [ -100.228657362578801, 25.716453068045116 ], [ -100.228747461821968, 25.716471741328562 ], [ -100.228823425099236, 25.716487489986889 ], [ -100.228733020201318, 25.717379833228453 ], [ -100.228710400515169, 25.717455548785182 ], [ -100.228344762602987, 25.719171888788328 ], [ -100.228116856942364, 25.720330316733225 ], [ -100.228100493009606, 25.720410689760143 ], [ -100.227643194711348, 25.722656664751085 ], [ -100.227618326267574, 25.722881824210152 ], [ -100.227329037823168, 25.723018137576442 ], [ -100.227074606284916, 25.723110443972388 ], [ -100.226764861100293, 25.723215273148799 ], [ -100.225822107946044, 25.723407085413498 ], [ -100.225631703229595, 25.723447742940341 ], [ -100.224517894118037, 25.723622374207594 ], [ -100.22387601954496, 25.723723021063321 ], [ -100.223504506350551, 25.723781247581893 ], [ -100.222990658897402, 25.723860221960596 ], [ -100.222766139798367, 25.723892450603653 ], [ -100.222033306996849, 25.721900001681959 ], [ -100.221443247959755, 25.720290596149528 ], [ -100.220801248725209, 25.718619366626946 ], [ -100.22009197481951, 25.716833767309272 ], [ -100.21954977004475, 25.715255369904348 ], [ -100.219456769238235, 25.714859951005522 ] ] ] ] } },
{ "type": "Feature", "properties": { "CVEGEO": "1904600010108", "CVE_ENT": "19", "CVE_MUN": "046", "CVE_LOC": "0001", "CVE_ASEN": "0108", "CP": "66410", "FECHA_ACT": "11\/2022", "INSTITUCIO": "SECRETARÍA OBRAS PÚBLICAS Y DESARROLLO URBANO DEL MUNICIPIO DE SAN NICOLÁS DE LOS GARZA", "NOM_ASEN": "MIRAFLORES PRIMER SECTOR", "TIPO": "COLONIA", "Shape_Leng": 827.55863531600005, "Shape_Area": 41291.042409599999 }, "geometry": { "type": "MultiPolygon", "coordinates": [ [ [ [ -100.275007001653677, 25.754082666699144 ], [ -100.275583232307554, 25.753209157200022 ], [ -100.275614370988279, 25.753188505719219 ], [ -100.275614597323781, 25.753188355808859 ], [ -100.275875069409395, 25.752946679091234 ], [ -100.276357196282646, 25.752708200058763 ], [ -100.276770612799595, 25.752573076617718 ], [ -100.277149250119436, 25.752468683613678 ], [ -100.27718348084565, 25.752501733187639 ], [ -100.277505310594364, 25.752560451832363 ], [ -100.277516458691522, 25.752562490474354 ], [ -100.27791223415953, 25.75263450187192 ], [ -100.277873449937928, 25.752807750339002 ], [ -100.277828704790565, 25.753007559647333 ], [ -100.277585971315844, 25.754034647088378 ], [ -100.277500953616311, 25.754408927050854 ], [ -100.277464556654564, 25.754470895957812 ], [ -100.277083054135389, 25.754408380911769 ], [ -100.275610229556264, 25.754174935302043 ], [ -100.275180545531995, 25.754110741832715 ], [ -100.275007001653677, 25.754082666699144 ] ] ] ] } },
{ "type": "Feature", "properties": { "CVEGEO": "1904600010109", "CVE_ENT": "19", "CVE_MUN": "046", "CVE_LOC": "0001", "CVE_ASEN": "0109", "CP": "66478", "FECHA_ACT": "11\/2022", "INSTITUCIO": "SECRETARÍA OBRAS PÚBLICAS Y DESARROLLO URBANO DEL MUNICIPIO DE SAN NICOLÁS DE LOS GARZA", "NOM_ASEN": "MISIONES DE SAN CRISTÓBAL", "TIPO": "COLONIA", "Shape_Leng": 1056.2656278, "Shape_Area": 40152.0268584 }, "geometry": { "type": "MultiPolygon", "coordinates": [ [ [ [ -100.214912355232187, 25.735962414922732 ], [ -100.214831982159907, 25.735894188631846 ], [ -100.214569039625545, 25.735691919134762 ], [ -100.214489619147216, 25.735515369988782 ], [ -100.214529246613381, 25.735062394647514 ], [ -100.21454632005765, 25.734705014183007 ], [ -100.214513051525643, 25.734608259964979 ], [ -100.214636365232934, 25.734576130938446 ], [ -100.216397513414719, 25.7343548648353 ], [ -100.217770466432881, 25.734193060134757 ], [ -100.217748173374147, 25.73429756725146 ], [ -100.217710913879358, 25.734686230438644 ], [ -100.217674819005495, 25.735069404677379 ], [ -100.217628920209052, 25.735507453246928 ], [ -100.217586450727495, 25.735940335828992 ], [ -100.217580196899291, 25.735993390851728 ], [ -100.216836948401109, 25.735609960713248 ], [ -100.21649938508034, 25.735439149059669 ], [ -100.216534326654767, 25.735340948718154 ], [ -100.216530464042222, 25.735190352244636 ], [ -100.216462999325003, 25.735200995271512 ], [ -100.216111494736822, 25.735255588498525 ], [ -100.215726974403921, 25.735305007185158 ], [ -100.215525613058375, 25.735317417028941 ], [ -100.215359481352138, 25.735304451881486 ], [ -100.215312963338363, 25.735278112211802 ], [ -100.214947508815669, 25.735902371665041 ], [ -100.214912355232187, 25.735962414922732 ] ] ] ] } },
{ "type": "Feature", "properties": { "CVEGEO": "1904600010110", "CVE_ENT": "19", "CVE_MUN": "046", "CVE_LOC": "0001", "CVE_ASEN": "0110", "CP": "66478", "FECHA_ACT": "11\/2022", "INSTITUCIO": "SECRETARÍA OBRAS PÚBLICAS Y DESARROLLO URBANO DEL MUNICIPIO DE SAN NICOLÁS DE LOS GARZA", "NOM_ASEN": "MISIÓN DE CASA BLANCA", "TIPO": "COLONIA", "Shape_Leng": 761.30348500299999, "Shape_Area": 21616.851327600001 }, "geometry": { "type": "MultiPolygon", "coordinates": [ [ [ [ -100.233877089814555, 25.731508592026184 ], [ -100.23403202893671, 25.731162986981673 ], [ -100.23424894906114, 25.730438667522449 ], [ -100.234358794991024, 25.730423802098475 ], [ -100.234757200265761, 25.730334437496001 ], [ -100.234415099653475, 25.731133004875311 ], [ -100.234915093376316, 25.731094564071164 ], [ -100.234959900678433, 25.731257739930459 ], [ -100.235311907970001, 25.731270127847569 ], [ -100.235286571202664, 25.731406341774118 ], [ -100.235194192143069, 25.731529438595782 ], [ -100.235172185029484, 25.731640206171996 ], [ -100.235123290550192, 25.731639115150042 ], [ -100.235122621339599, 25.731811601471879 ], [ -100.23507583831713, 25.731882102675868 ], [ -100.235058476279562, 25.732013150168175 ], [ -100.234982882767767, 25.732015454841736 ], [ -100.234978076447064, 25.732331591982852 ], [ -100.234366490904875, 25.732362436838493 ], [ -100.233526531145444, 25.732407735364188 ], [ -100.233519691994758, 25.732263239176042 ], [ -100.233647955604553, 25.731956855606466 ], [ -100.233712869568393, 25.731917642204564 ], [ -100.233877089814555, 25.731508592026184 ] ] ] ] } },
{ "type": "Feature", "properties": { "CVEGEO": "1904600010111", "CVE_ENT": "19", "CVE_MUN": "046", "CVE_LOC": "0001", "CVE_ASEN": "0111", "CP": "66478", "FECHA_ACT": "11\/2022", "INSTITUCIO": "SECRETARÍA OBRAS PÚBLICAS Y DESARROLLO URBANO DEL MUNICIPIO DE SAN NICOLÁS DE LOS GARZA", "NOM_ASEN": "MISIÓN DE CASA BLANCA SEGUNDO SECTOR", "TIPO": "COLONIA", "Shape_Leng": 1021.17885913, "Shape_Area": 58288.800642499999 }, "geometry": { "type": "MultiPolygon", "coordinates": [ [ [ [ -100.233426118883742, 25.732412998619616 ], [ -100.233526531145444, 25.732407735364188 ], [ -100.234366490904875, 25.732362436838493 ], [ -100.234978076447064, 25.732331591982852 ], [ -100.235047724471016, 25.732328068223634 ], [ -100.235096742364206, 25.732324959362206 ], [ -100.235274062806184, 25.732316887927329 ], [ -100.235238497007188, 25.732417917208803 ], [ -100.235002208246271, 25.733098752873484 ], [ -100.234984270033593, 25.733145427253216 ], [ -100.234970191071668, 25.733187391911336 ], [ -100.234844059102542, 25.733538375953309 ], [ -100.234605818923427, 25.734160309208118 ], [ -100.234582979820857, 25.73421993357907 ], [ -100.234560197147772, 25.734273488859266 ], [ -100.234288156174202, 25.734915218136734 ], [ -100.234275586735507, 25.734949239591817 ], [ -100.234215557579503, 25.734996460282577 ], [ -100.233965368705157, 25.735193273826621 ], [ -100.233876407406271, 25.735264158463245 ], [ -100.233673699248953, 25.735424076081255 ], [ -100.232714947578245, 25.735221545322975 ], [ -100.232471230491456, 25.734988475183393 ], [ -100.232365996507937, 25.73499130395858 ], [ -100.232748532409403, 25.734113684181665 ], [ -100.232769008576781, 25.734112388944681 ], [ -100.232940322106586, 25.733696150780641 ], [ -100.23311360766165, 25.73329019079382 ], [ -100.233160610767698, 25.733239552608001 ], [ -100.233292723152076, 25.732906838413108 ], [ -100.233426118883742, 25.732412998619616 ] ] ] ] } },
{ "type": "Feature", "properties": { "CVEGEO": "1904600010112", "CVE_ENT": "19", "CVE_MUN": "046", "CVE_LOC": "0001", "CVE_ASEN": "0112", "CP": "66635", "FECHA_ACT": "11\/2022", "INSTITUCIO": "SECRETARÍA OBRAS PÚBLICAS Y DESARROLLO URBANO DEL MUNICIPIO DE SAN NICOLÁS DE LOS GARZA", "NOM_ASEN": "MUJERES ILUSTRES (FOMERREY 4)", "TIPO": "COLONIA", "Shape_Leng": 1200.65373555, "Shape_Area": 87215.205618399996 }, "geometry": { "type": "MultiPolygon", "coordinates": [ [ [ [ -100.260895078598409, 25.763026078569681 ], [ -100.260981121104024, 25.762674792086951 ], [ -100.261081509418005, 25.762309952949053 ], [ -100.261175562940579, 25.76193950693207 ], [ -100.261221420643992, 25.761770291160492 ], [ -100.261253969559334, 25.761709721576906 ], [ -100.261320907685928, 25.761663137069238 ], [ -100.261443887361139, 25.761597123300337 ], [ -100.262005602504672, 25.761324095784605 ], [ -100.262044318500642, 25.761308530444335 ], [ -100.26272063310978, 25.760985288117997 ], [ -100.262964325975659, 25.760820162782885 ], [ -100.263002272259683, 25.76085388722942 ], [ -100.263478285098941, 25.760935829496962 ], [ -100.264679913162695, 25.761260625423322 ], [ -100.26433164610755, 25.762337936827265 ], [ -100.264264148135041, 25.762518638115456 ], [ -100.264219841660733, 25.762654505376833 ], [ -100.264143045913002, 25.762877952554881 ], [ -100.264088666840749, 25.76302446620916 ], [ -100.264017531846704, 25.763223932900924 ], [ -100.263959397581161, 25.763385493943648 ], [ -100.26385208617782, 25.763687559541061 ], [ -100.26383119994739, 25.763733065378716 ], [ -100.263691389980607, 25.764118078497631 ], [ -100.262175141160355, 25.763747831575056 ], [ -100.2622961344115, 25.763377967558874 ], [ -100.260895078598409, 25.763026078569681 ] ] ] ] } },
{ "type": "Feature", "properties": { "CVEGEO": "1904600010113", "CVE_ENT": "19", "CVE_MUN": "046", "CVE_LOC": "0001", "CVE_ASEN": "0113", "CP": "66410", "FECHA_ACT": "11\/2022", "INSTITUCIO": "SECRETARÍA OBRAS PÚBLICAS Y DESARROLLO URBANO DEL MUNICIPIO DE SAN NICOLÁS DE LOS GARZA", "NOM_ASEN": "MÉXICO LINDO", "TIPO": "COLONIA", "Shape_Leng": 2038.38562692, "Shape_Area": 96535.526411 }, "geometry": { "type": "MultiPolygon", "coordinates": [ [ [ [ -100.272768410939719, 25.762392445750372 ], [ -100.272668222292126, 25.762687137768637 ], [ -100.272542796829001, 25.763054991268369 ], [ -100.272433430426361, 25.763393344967163 ], [ -100.27242811023234, 25.763425388801391 ], [ -100.272599581224597, 25.763457942459439 ], [ -100.273025601047962, 25.76352567296826 ], [ -100.273421328172134, 25.763586480108501 ], [ -100.273955497124064, 25.763670546437595 ], [ -100.274194733634118, 25.763704674928114 ], [ -100.274179376609027, 25.763740260962933 ], [ -100.273786656599242, 25.764662564607722 ], [ -100.273723446619201, 25.764810938640441 ], [ -100.273707599156623, 25.764848135501815 ], [ -100.27363237524753, 25.765031181350338 ], [ -100.273097073757143, 25.764932901978341 ], [ -100.27304712244063, 25.76513806874388 ], [ -100.272785151540702, 25.766192665154904 ], [ -100.272779670924137, 25.766237219930009 ], [ -100.272382889487545, 25.766184604480369 ], [ -100.27236289086521, 25.766278404298916 ], [ -100.27170233842844, 25.766272055502196 ], [ -100.27138001329179, 25.766261278347713 ], [ -100.271246671334026, 25.766229631258142 ], [ -100.271289142761688, 25.766055533032535 ], [ -100.271390891192937, 25.765814605741781 ], [ -100.271493254255205, 25.765842025484147 ], [ -100.271549452693691, 25.765852824242508 ], [ -100.271851401493748, 25.76481828923724 ], [ -100.271570385656261, 25.764765635977078 ], [ -100.271744621801446, 25.764014021118339 ], [ -100.271853070798628, 25.763589880736113 ], [ -100.271086659509734, 25.763450605316173 ], [ -100.271146028239798, 25.763234924479878 ], [ -100.271157072690116, 25.76320132328927 ], [ -100.271167877886327, 25.763168388841336 ], [ -100.27126733782616, 25.76286446583849 ], [ -100.271279832322406, 25.762826517851984 ], [ -100.271292134238578, 25.762788740088816 ], [ -100.271380870249146, 25.76251763075134 ], [ -100.271391812282275, 25.762484189851886 ], [ -100.271402284046346, 25.762452216764768 ], [ -100.271504572539698, 25.762139631755467 ], [ -100.271515586856665, 25.762106022927195 ], [ -100.271526299083689, 25.762073286949871 ], [ -100.271581190007225, 25.761909777554852 ], [ -100.270693598521873, 25.761695880092127 ], [ -100.270656531868184, 25.761688899691929 ], [ -100.270618446868227, 25.761681672346228 ], [ -100.270223155405645, 25.761598460194865 ], [ -100.270262483681478, 25.761477600090654 ], [ -100.270314121585756, 25.761266349764462 ], [ -100.270365763617704, 25.761055077664306 ], [ -100.270384113237895, 25.760998052560957 ], [ -100.270828399534466, 25.761090878270181 ], [ -100.271482025083159, 25.761230836365588 ], [ -100.272231582528917, 25.76138819312818 ], [ -100.273088886904773, 25.761569617207538 ], [ -100.273285958086021, 25.761610800879829 ], [ -100.273027087030442, 25.762248601434546 ], [ -100.272831812900321, 25.762217430251752 ], [ -100.272785447807749, 25.762342331875402 ], [ -100.272768410939719, 25.762392445750372 ] ] ] ] } },
{ "type": "Feature", "properties": { "CVEGEO": "1904600010114", "CVE_ENT": "19", "CVE_MUN": "046", "CVE_LOC": "0001", "CVE_ASEN": "0114", "CP": "66410", "FECHA_ACT": "11\/2022", "INSTITUCIO": "SECRETARÍA OBRAS PÚBLICAS Y DESARROLLO URBANO DEL MUNICIPIO DE SAN NICOLÁS DE LOS GARZA", "NOM_ASEN": "NICOLÁS BRAVO", "TIPO": "COLONIA", "Shape_Leng": 1794.6173680899999, "Shape_Area": 151532.68655000001 }, "geometry": { "type": "MultiPolygon", "coordinates": [ [ [ [ -100.271441722359086, 25.757827605692725 ], [ -100.271384576317146, 25.757823548080371 ], [ -100.269337770719716, 25.757736302126467 ], [ -100.269289140129089, 25.757732247928779 ], [ -100.269239478865316, 25.757727070481742 ], [ -100.268943451091573, 25.757708127743101 ], [ -100.26998010368672, 25.756079036949004 ], [ -100.269999940670488, 25.756047908016136 ], [ -100.270016735723075, 25.756009498985918 ], [ -100.270728191629473, 25.754382381182474 ], [ -100.271113851222538, 25.753460693371618 ], [ -100.271198172077092, 25.753262742849813 ], [ -100.271547115637233, 25.752748718156319 ], [ -100.273393614811582, 25.752750641475803 ], [ -100.273474807602739, 25.752784080519216 ], [ -100.273028329527946, 25.753768997946416 ], [ -100.272882969807682, 25.754158323093641 ], [ -100.273891465290887, 25.75436130352842 ], [ -100.273813454418601, 25.754607871732681 ], [ -100.273688822608037, 25.754817091434852 ], [ -100.272865528197102, 25.756191045173132 ], [ -100.272830222303924, 25.756273492021243 ], [ -100.271895831546544, 25.757775798463648 ], [ -100.27182654585242, 25.757873091687564 ], [ -100.271441722359086, 25.757827605692725 ] ] ] ] } },
{ "type": "Feature", "properties": { "CVEGEO": "1904600010115", "CVE_ENT": "19", "CVE_MUN": "046", "CVE_LOC": "0001", "CVE_ASEN": "0115", "CP": "66436", "FECHA_ACT": "11\/2022", "INSTITUCIO": "SECRETARÍA OBRAS PÚBLICAS Y DESARROLLO URBANO DEL MUNICIPIO DE SAN NICOLÁS DE LOS GARZA", "NOM_ASEN": "LAS NUEVAS PUENTES PRIMER SECTOR", "TIPO": "COLONIA", "Shape_Leng": 776.65637021199996, "Shape_Area": 21459.218084 }, "geometry": { "type": "MultiPolygon", "coordinates": [ [ [ [ -100.261250514962782, 25.746887877372728 ], [ -100.261235523236508, 25.746791775827795 ], [ -100.260019088790642, 25.746749575428417 ], [ -100.260265352136571, 25.74653317006327 ], [ -100.260709003792854, 25.746130720946212 ], [ -100.261788534836057, 25.746195849806011 ], [ -100.261803234774874, 25.746196740391781 ], [ -100.263404802190408, 25.746285569780554 ], [ -100.263343362391964, 25.746662800868226 ], [ -100.263338232545493, 25.746697569748601 ], [ -100.263302238120119, 25.746886073875938 ], [ -100.262152251584155, 25.746837271923869 ], [ -100.2620881551575, 25.746928799410426 ], [ -100.261250514962782, 25.746887877372728 ] ] ] ] } },
{ "type": "Feature", "properties": { "CVEGEO": "1904600010116", "CVE_ENT": "19", "CVE_MUN": "046", "CVE_LOC": "0001", "CVE_ASEN": "0116", "CP": "66459", "FECHA_ACT": "11\/2022", "INSTITUCIO": "SECRETARÍA OBRAS PÚBLICAS Y DESARROLLO URBANO DEL MUNICIPIO DE SAN NICOLÁS DE LOS GARZA", "NOM_ASEN": "LA JOROBA (FOMERREY 91)", "TIPO": "COLONIA", "Shape_Leng": 635.57697469699997, "Shape_Area": 21081.349457 }, "geometry": { "type": "MultiPolygon", "coordinates": [ [ [ [ -100.296561143382192, 25.749918594523585 ], [ -100.296602252872432, 25.74990886932255 ], [ -100.296865226815697, 25.749846662698893 ], [ -100.296894924594326, 25.749837275441902 ], [ -100.296928223006077, 25.749827643920419 ], [ -100.297228809073289, 25.749751713846827 ], [ -100.297268288349812, 25.749741350559376 ], [ -100.297312803305786, 25.749730522605788 ], [ -100.297621828782525, 25.749644573167515 ], [ -100.297658778431227, 25.749635871411982 ], [ -100.297690703650602, 25.749627081170651 ], [ -100.297919308872082, 25.749564550498111 ], [ -100.298015678913231, 25.749448333672685 ], [ -100.298671615788649, 25.749634428279702 ], [ -100.299078597101143, 25.749749048967381 ], [ -100.298920347270879, 25.750188336883333 ], [ -100.29889690933372, 25.750250615082479 ], [ -100.298857845177693, 25.75023891788533 ], [ -100.298776747685181, 25.750229646110313 ], [ -100.298441196967332, 25.750346974097198 ], [ -100.298402243252553, 25.750355743383185 ], [ -100.298367397312802, 25.750364393540497 ], [ -100.298057598422659, 25.750445378456568 ], [ -100.298024758698091, 25.75045531082122 ], [ -100.297991899297472, 25.750465215757838 ], [ -100.297659956954078, 25.750545390493812 ], [ -100.297623058504712, 25.750555514962514 ], [ -100.297579683096245, 25.750566948423359 ], [ -100.297243252210123, 25.750628117863556 ], [ -100.297209107652762, 25.750635968082999 ], [ -100.297178877594831, 25.750642400127639 ], [ -100.296806965870189, 25.750725305062282 ], [ -100.296780739619805, 25.75063232098082 ], [ -100.296690213780394, 25.750355153182028 ], [ -100.296561143382192, 25.749918594523585 ] ] ] ] } },
{ "type": "Feature", "properties": { "CVEGEO": "1904600010117", "CVE_ENT": "19", "CVE_MUN": "046", "CVE_LOC": "0001", "CVE_ASEN": "0117", "CP": "66440", "FECHA_ACT": "11\/2022", "INSTITUCIO": "SECRETARÍA OBRAS PÚBLICAS Y DESARROLLO URBANO DEL MUNICIPIO DE SAN NICOLÁS DE LOS GARZA", "NOM_ASEN": "NUEVO MEZQUITAL", "TIPO": "COLONIA", "Shape_Leng": 1846.5710149700001, "Shape_Area": 103874.65708800001 }, "geometry": { "type": "MultiPolygon", "coordinates": [ [ [ [ -100.244976572621695, 25.75566380266762 ], [ -100.244855570396751, 25.755606402176667 ], [ -100.244625291054632, 25.755330764802927 ], [ -100.244462458281532, 25.755137171339587 ], [ -100.24425639964204, 25.754889655604927 ], [ -100.244189371047696, 25.754808863838807 ], [ -100.24363821015487, 25.754144533145791 ], [ -100.243348010061865, 25.75378479625769 ], [ -100.242081846885355, 25.752270454869976 ], [ -100.240936420647557, 25.750850778800771 ], [ -100.240501135526657, 25.750311263136961 ], [ -100.241094157612736, 25.750209489226769 ], [ -100.241655934108636, 25.750111726102954 ], [ -100.242700807219919, 25.749923157254099 ], [ -100.242722009815409, 25.749931414031941 ], [ -100.244313984751912, 25.750551412998476 ], [ -100.244356066943695, 25.750568735195319 ], [ -100.24435788759763, 25.75056948460621 ], [ -100.244511311112689, 25.750624449810143 ], [ -100.244261199230252, 25.75214108226244 ], [ -100.244257820018859, 25.752170866845148 ], [ -100.244210540411771, 25.752162059956984 ], [ -100.244021428682643, 25.752111674608415 ], [ -100.244006696723687, 25.752192814429101 ], [ -100.243981107234305, 25.752333721012693 ], [ -100.24388287654844, 25.752842722822642 ], [ -100.243741541450362, 25.753449722494896 ], [ -100.243717966017172, 25.753563856770604 ], [ -100.243598938506068, 25.75363493306682 ], [ -100.243635721666692, 25.753664678702538 ], [ -100.243782999308181, 25.753783764342497 ], [ -100.245297347669307, 25.755008230942295 ], [ -100.245045127573249, 25.755657057011749 ], [ -100.245007432760929, 25.755670324916991 ], [ -100.244976572621695, 25.75566380266762 ] ] ] ] } },
{ "type": "Feature", "properties": { "CVEGEO": "1904600010118", "CVE_ENT": "19", "CVE_MUN": "046", "CVE_LOC": "0001", "CVE_ASEN": "0118", "CP": "66490", "FECHA_ACT": "11\/2022", "INSTITUCIO": "SECRETARÍA OBRAS PÚBLICAS Y DESARROLLO URBANO DEL MUNICIPIO DE SAN NICOLÁS DE LOS GARZA", "NOM_ASEN": "NUEVO MUNDO", "TIPO": "COLONIA", "Shape_Leng": 1286.33070761, "Shape_Area": 67251.934197099996 }, "geometry": { "type": "MultiPolygon", "coordinates": [ [ [ [ -100.245568450765617, 25.708713843711283 ], [ -100.245496907044554, 25.708292352897846 ], [ -100.245410675971925, 25.707804457889488 ], [ -100.245296345522235, 25.707037207222005 ], [ -100.245126213362738, 25.707047760272058 ], [ -100.245293184518687, 25.706898081026054 ], [ -100.245373012531303, 25.706816279247974 ], [ -100.245403627960798, 25.70678490702425 ], [ -100.245503718026399, 25.706659494828276 ], [ -100.245709582373678, 25.706401545903987 ], [ -100.246020052252149, 25.706145450536685 ], [ -100.246253497507411, 25.705958092187146 ], [ -100.24641623187533, 25.705870655924961 ], [ -100.246510826769537, 25.705856445729975 ], [ -100.246510901004839, 25.705856434760886 ], [ -100.246633549698629, 25.705838010071727 ], [ -100.246666697995337, 25.705834204891246 ], [ -100.246752190743067, 25.705831226170591 ], [ -100.246796733300883, 25.706462616886878 ], [ -100.246803818566775, 25.706693298575566 ], [ -100.246838809118259, 25.707098625752963 ], [ -100.24686811357931, 25.70761729383085 ], [ -100.246908315799544, 25.70812954269703 ], [ -100.24693430200773, 25.708527321147709 ], [ -100.246956054728287, 25.708955564097007 ], [ -100.246960227439857, 25.709426101016724 ], [ -100.24698399762714, 25.709831504371149 ], [ -100.246985260459297, 25.709873999884419 ], [ -100.247014799639388, 25.710267690133506 ], [ -100.247017060456855, 25.710287199921694 ], [ -100.247036517749777, 25.710550202828152 ], [ -100.246960646301076, 25.710559806164657 ], [ -100.245844096139649, 25.710701124356831 ], [ -100.24588948978699, 25.710634937302125 ], [ -100.245860289544197, 25.710432256051295 ], [ -100.245788690898834, 25.709999937268901 ], [ -100.245719088170432, 25.709590379598851 ], [ -100.245643535204877, 25.709149051565333 ], [ -100.245568450765617, 25.708713843711283 ] ] ] ] } },
{ "type": "Feature", "properties": { "CVEGEO": "1904600010119", "CVE_ENT": "19", "CVE_MUN": "046", "CVE_LOC": "0001", "CVE_ASEN": "0119", "CP": "66423", "FECHA_ACT": "11\/2022", "INSTITUCIO": "SECRETARÍA OBRAS PÚBLICAS Y DESARROLLO URBANO DEL MUNICIPIO DE SAN NICOLÁS DE LOS GARZA", "NOM_ASEN": "NUEVO PERIFERICO PRIMER SECTOR", "TIPO": "COLONIA", "Shape_Leng": 854.701386297, "Shape_Area": 34939.635535000001 }, "geometry": { "type": "MultiPolygon", "coordinates": [ [ [ [ -100.302654777114313, 25.752920866161229 ], [ -100.302666160037703, 25.753112110322611 ], [ -100.302091533411115, 25.753077889003301 ], [ -100.30199731956543, 25.753073078551562 ], [ -100.301404814137186, 25.753042814333995 ], [ -100.300272154785205, 25.752985085040951 ], [ -100.299848600865161, 25.75296258359268 ], [ -100.299732223785995, 25.752974708644913 ], [ -100.299789938215014, 25.751980156578259 ], [ -100.299986329282518, 25.75199797045136 ], [ -100.300435482725987, 25.751998158584936 ], [ -100.302688365384114, 25.751866764555295 ], [ -100.302705578740841, 25.752086167265748 ], [ -100.302606727945133, 25.752091668945781 ], [ -100.302626060303353, 25.752336983518823 ], [ -100.302696877900232, 25.75233519934558 ], [ -100.30270355036933, 25.752647241606461 ], [ -100.302728993873956, 25.752919263522372 ], [ -100.302654777114313, 25.752920866161229 ] ] ] ] } },
{ "type": "Feature", "properties": { "CVEGEO": "1904600010120", "CVE_ENT": "19", "CVE_MUN": "046", "CVE_LOC": "0001", "CVE_ASEN": "0120", "CP": "66423", "FECHA_ACT": "11\/2022", "INSTITUCIO": "SECRETARÍA OBRAS PÚBLICAS Y DESARROLLO URBANO DEL MUNICIPIO DE SAN NICOLÁS DE LOS GARZA", "NOM_ASEN": "NUEVO PERIFERICO SEGUNDO SECTOR", "TIPO": "COLONIA", "Shape_Leng": 902.77772878799999, "Shape_Area": 41201.203087800001 }, "geometry": { "type": "MultiPolygon", "coordinates": [ [ [ [ -100.302666160037703, 25.753112110322611 ], [ -100.302654777114313, 25.752920866161229 ], [ -100.302728993873956, 25.752919263522372 ], [ -100.30270355036933, 25.752647241606461 ], [ -100.302696877900232, 25.75233519934558 ], [ -100.302626060303353, 25.752336983518823 ], [ -100.302606727945133, 25.752091668945781 ], [ -100.302705578740841, 25.752086167265748 ], [ -100.302688365384114, 25.751866764555295 ], [ -100.304410932397758, 25.751755630240563 ], [ -100.304773061207698, 25.751723510479096 ], [ -100.304979331083231, 25.751757015108932 ], [ -100.305935402259038, 25.752051295541303 ], [ -100.305747570094809, 25.752253620493647 ], [ -100.305428629010436, 25.75259409022425 ], [ -100.305341879566754, 25.752690081233474 ], [ -100.305210489715748, 25.752772860293366 ], [ -100.305018829975907, 25.752783680152366 ], [ -100.304930005295716, 25.752780498219636 ], [ -100.304928467794383, 25.752815040859804 ], [ -100.304912135339734, 25.753181640646716 ], [ -100.304909686940761, 25.753236632525756 ], [ -100.304186116658357, 25.753197413286383 ], [ -100.303275275080139, 25.753148387889631 ], [ -100.302980349300952, 25.753130824703078 ], [ -100.302666160037703, 25.753112110322611 ] ] ] ] } },
{ "type": "Feature", "properties": { "CVEGEO": "1904600010121", "CVE_ENT": "19", "CVE_MUN": "046", "CVE_LOC": "0001", "CVE_ASEN": "0121", "CP": "66423", "FECHA_ACT": "11\/2022", "INSTITUCIO": "SECRETARÍA OBRAS PÚBLICAS Y DESARROLLO URBANO DEL MUNICIPIO DE SAN NICOLÁS DE LOS GARZA", "NOM_ASEN": "NUEVO PERIFERICO TERCER SECTOR", "TIPO": "COLONIA", "Shape_Leng": 911.498809585, "Shape_Area": 36836.915163899997 }, "geometry": { "type": "MultiPolygon", "coordinates": [ [ [ [ -100.306414911463065, 25.753111730791655 ], [ -100.306370819876989, 25.753111799821042 ], [ -100.306128679486662, 25.753140493972019 ], [ -100.305824583421881, 25.753227187331575 ], [ -100.305618764549848, 25.753253343316512 ], [ -100.305240805900894, 25.753252881559899 ], [ -100.304909686940761, 25.753236632525756 ], [ -100.304912135339734, 25.753181640646716 ], [ -100.304928467794383, 25.752815040859804 ], [ -100.304930005295716, 25.752780498219636 ], [ -100.305018829975907, 25.752783680152366 ], [ -100.305210489715748, 25.752772860293366 ], [ -100.305341879566754, 25.752690081233474 ], [ -100.305428629010436, 25.75259409022425 ], [ -100.305747570094809, 25.752253620493647 ], [ -100.305935402259038, 25.752051295541303 ], [ -100.306147952275325, 25.751822344224845 ], [ -100.306753994991922, 25.75200176700508 ], [ -100.306928486468493, 25.752053848234816 ], [ -100.308325631109923, 25.752476185368923 ], [ -100.308628395791061, 25.752693715985206 ], [ -100.308381399540394, 25.7533238500808 ], [ -100.308173297717488, 25.753269189338525 ], [ -100.307668830228195, 25.753180453972451 ], [ -100.307594944316023, 25.75317226514559 ], [ -100.306675124878382, 25.75311127362086 ], [ -100.306414911463065, 25.753111730791655 ] ] ] ] } },
{ "type": "Feature", "properties": { "CVEGEO": "1904600010122", "CVE_ENT": "19", "CVE_MUN": "046", "CVE_LOC": "0001", "CVE_ASEN": "0122", "CP": "66423", "FECHA_ACT": "11\/2022", "INSTITUCIO": "SECRETARÍA OBRAS PÚBLICAS Y DESARROLLO URBANO DEL MUNICIPIO DE SAN NICOLÁS DE LOS GARZA", "NOM_ASEN": "NUEVO PERIFERICO NORTE SECCIÓN 4", "TIPO": "COLONIA", "Shape_Leng": 1652.18831849, "Shape_Area": 56180.483969300003 }, "geometry": { "type": "MultiPolygon", "coordinates": [ [ [ [ -100.302043496251159, 25.750602997043423 ], [ -100.303697849019571, 25.751096937934047 ], [ -100.304406771801624, 25.751307030750493 ], [ -100.304795280153172, 25.75142179966943 ], [ -100.305184479433933, 25.751537090183451 ], [ -100.306147952275325, 25.751822344224845 ], [ -100.305935402259038, 25.752051295541303 ], [ -100.304979331083231, 25.751757015108932 ], [ -100.304773061207698, 25.751723510479096 ], [ -100.304410932397758, 25.751755630240563 ], [ -100.302688365384114, 25.751866764555295 ], [ -100.300435482725987, 25.751998158584936 ], [ -100.299986329282518, 25.75199797045136 ], [ -100.299789938215014, 25.751980156578259 ], [ -100.299991742850992, 25.751442379463509 ], [ -100.299989653803166, 25.751298370096887 ], [ -100.299967973964684, 25.751132554897016 ], [ -100.298800134118977, 25.751282885919689 ], [ -100.298867409202799, 25.751103601315677 ], [ -100.300172030996464, 25.75093139568936 ], [ -100.30016472079312, 25.750983514681035 ], [ -100.300201955705674, 25.750979662372977 ], [ -100.300796326966875, 25.750917483313081 ], [ -100.30084384235326, 25.750908509627152 ], [ -100.301876920175943, 25.750713415036859 ], [ -100.302043496251159, 25.750602997043423 ] ] ] ] } },
{ "type": "Feature", "properties": { "CVEGEO": "1904600010123", "CVE_ENT": "19", "CVE_MUN": "046", "CVE_LOC": "0001", "CVE_ASEN": "0123", "CP": "00000", "FECHA_ACT": "11\/2022", "INSTITUCIO": "SECRETARÍA OBRAS PÚBLICAS Y DESARROLLO URBANO DEL MUNICIPIO DE SAN NICOLÁS DE LOS GARZA", "NOM_ASEN": "PARQUE INDUSTRIAL STIVA PRIMER ETAPA", "TIPO": "COLONIA", "Shape_Leng": 2812.76866849, "Shape_Area": 273862.17486600002 }, "geometry": { "type": "MultiPolygon", "coordinates": [ [ [ [ -100.306891599492317, 25.758298970671255 ], [ -100.306931696205638, 25.758123070107853 ], [ -100.307003411741775, 25.757825991140628 ], [ -100.307074490127263, 25.75766935050925 ], [ -100.307260794163668, 25.757258743180639 ], [ -100.307600143140306, 25.756321984509913 ], [ -100.308137325565752, 25.756383368902224 ], [ -100.308385927169454, 25.756435983308581 ], [ -100.308413348955867, 25.756357166856109 ], [ -100.308914638055583, 25.755010101883869 ], [ -100.309360162869325, 25.753657038426653 ], [ -100.309375018945502, 25.753616783339996 ], [ -100.309787716522919, 25.7535871909703 ], [ -100.310001143019392, 25.753712944602697 ], [ -100.310376139337933, 25.753927959107056 ], [ -100.310762819525394, 25.754154476400238 ], [ -100.311135634508304, 25.754365830518783 ], [ -100.311522941234941, 25.754595046288415 ], [ -100.311936365845483, 25.754657814822195 ], [ -100.312351431105071, 25.754717829807195 ], [ -100.312557124663826, 25.754747788269427 ], [ -100.31409741893583, 25.754972908728863 ], [ -100.314094680424574, 25.755227151255422 ], [ -100.314068549277778, 25.755885310651504 ], [ -100.314046478665333, 25.756262139796821 ], [ -100.313462399656331, 25.756268970433844 ], [ -100.312246200172851, 25.756240420822103 ], [ -100.312005306618133, 25.756225476612126 ], [ -100.312018108990003, 25.756674080681744 ], [ -100.314465574209848, 25.756761566030704 ], [ -100.314508289436546, 25.756758210395045 ], [ -100.314551252347698, 25.756760388195847 ], [ -100.314749006946712, 25.756765512973782 ], [ -100.314849170753988, 25.756768732013938 ], [ -100.314926489744593, 25.75684097004083 ], [ -100.314916654120495, 25.757074261436966 ], [ -100.314884208679757, 25.75766929175084 ], [ -100.314840837614099, 25.758525149201663 ], [ -100.314554393385436, 25.758531150900005 ], [ -100.311282681181339, 25.758415850096195 ], [ -100.306891599492317, 25.758298970671255 ] ] ] ] } },
{ "type": "Feature", "properties": { "CVEGEO": "1904600010124", "CVE_ENT": "19", "CVE_MUN": "046", "CVE_LOC": "0001", "CVE_ASEN": "0124", "CP": "66456", "FECHA_ACT": "11\/2022", "INSTITUCIO": "SECRETARÍA OBRAS PÚBLICAS Y DESARROLLO URBANO DEL MUNICIPIO DE SAN NICOLÁS DE LOS GARZA", "NOM_ASEN": "PARQUES DE ANÁHUAC", "TIPO": "COLONIA", "Shape_Leng": 1018.52291515, "Shape_Area": 44186.785556900002 }, "geometry": { "type": "MultiPolygon", "coordinates": [ [ [ [ -100.298990190469155, 25.736290205892782 ], [ -100.298533703721688, 25.736797731296598 ], [ -100.298246595512111, 25.737120543168494 ], [ -100.298165559233595, 25.737206742738614 ], [ -100.29792662849097, 25.737414534036226 ], [ -100.29779205256493, 25.73753110482248 ], [ -100.29763271667079, 25.737665451394626 ], [ -100.297465339837487, 25.737824949604494 ], [ -100.297296214025792, 25.738010122393234 ], [ -100.297179129621583, 25.738167189726315 ], [ -100.297079163187675, 25.738347331989353 ], [ -100.295314662124753, 25.73588276413729 ], [ -100.295492793256585, 25.735673429524937 ], [ -100.295527245746371, 25.735618926609877 ], [ -100.295643277664283, 25.735686142075817 ], [ -100.295810149949972, 25.735758475954324 ], [ -100.296234705053379, 25.735942499322825 ], [ -100.296354466595901, 25.735992631944132 ], [ -100.296909223954813, 25.736142766392977 ], [ -100.297187669360227, 25.736224498131531 ], [ -100.297364396157334, 25.736273980024787 ], [ -100.297506008340321, 25.736290711371005 ], [ -100.297695323670013, 25.736327309106102 ], [ -100.298990190469155, 25.736290205892782 ] ] ] ] } },
{ "type": "Feature", "properties": { "CVEGEO": "1904600010125", "CVE_ENT": "19", "CVE_MUN": "046", "CVE_LOC": "0001", "CVE_ASEN": "0125", "CP": "66473", "FECHA_ACT": "11\/2022", "INSTITUCIO": "SECRETARÍA OBRAS PÚBLICAS Y DESARROLLO URBANO DEL MUNICIPIO DE SAN NICOLÁS DE LOS GARZA", "NOM_ASEN": "PARQUE LA TALAVERNA", "TIPO": "COLONIA", "Shape_Leng": 3280.3999886400002, "Shape_Area": 373584.77190300002 }, "geometry": { "type": "MultiPolygon", "coordinates": [ [ [ [ -100.234307830732945, 25.717412645999634 ], [ -100.233039934756775, 25.717168368248863 ], [ -100.232990298515148, 25.717159052400849 ], [ -100.23295161244279, 25.717152510895509 ], [ -100.231289068474936, 25.716871345758399 ], [ -100.231187862751042, 25.716856631448923 ], [ -100.230474605911525, 25.716741671843106 ], [ -100.228823425099236, 25.716487489986889 ], [ -100.228747461821968, 25.716471741328562 ], [ -100.228657362578801, 25.716453068045116 ], [ -100.228341015091331, 25.716387496779092 ], [ -100.228371152611203, 25.716201034255306 ], [ -100.228390252198679, 25.716082854130299 ], [ -100.228554502261318, 25.715055001553296 ], [ -100.228823461185186, 25.715100318159777 ], [ -100.228861466284727, 25.714924669861663 ], [ -100.229035074218189, 25.713936666452987 ], [ -100.229101761590812, 25.713617390165943 ], [ -100.229141965080871, 25.713441412453097 ], [ -100.22832966071735, 25.712671938202341 ], [ -100.227999737827233, 25.712352819750166 ], [ -100.22769151094262, 25.712060138353287 ], [ -100.227382487981501, 25.71175325600759 ], [ -100.22729398677447, 25.711640758671194 ], [ -100.227988893814981, 25.711556986972138 ], [ -100.228303665335346, 25.711530498357725 ], [ -100.228443721867336, 25.711511306615083 ], [ -100.228446187482504, 25.711510968674993 ], [ -100.228446220873579, 25.711511310090991 ], [ -100.228471158592015, 25.711758962745815 ], [ -100.228776424556159, 25.71182591217076 ], [ -100.228810189725735, 25.711852804172075 ], [ -100.228988150573855, 25.711994051045128 ], [ -100.229079289059825, 25.712066417356809 ], [ -100.229213049136575, 25.712348344589127 ], [ -100.22944482576203, 25.712566695101259 ], [ -100.22947058935334, 25.712590946890906 ], [ -100.22965358358806, 25.712736934906285 ], [ -100.230358286251445, 25.712975311172904 ], [ -100.231124898272867, 25.713146887809494 ], [ -100.231494849024585, 25.713155409262129 ], [ -100.231709614314553, 25.713182758794684 ], [ -100.231978518007949, 25.713221477258244 ], [ -100.232289479707887, 25.71313451753889 ], [ -100.232509475627268, 25.71290531038645 ], [ -100.23264058978971, 25.712707281044693 ], [ -100.232700992874754, 25.712562669711158 ], [ -100.232770289178148, 25.712468815046872 ], [ -100.232777363055746, 25.711627260240078 ], [ -100.232657049204974, 25.711286984603007 ], [ -100.232566610583021, 25.711031328769764 ], [ -100.232860835267545, 25.711039251971968 ], [ -100.233430242391236, 25.710953420515946 ], [ -100.233923802960504, 25.710942238218337 ], [ -100.234379132045433, 25.7109124057991 ], [ -100.234835707541805, 25.710882195948116 ], [ -100.235318352739725, 25.710850642742951 ], [ -100.235461835784335, 25.710835269836956 ], [ -100.235615107493203, 25.710828980030307 ], [ -100.235728193216801, 25.710881460222815 ], [ -100.235821879459735, 25.710932020744135 ], [ -100.235929092094821, 25.711991325939408 ], [ -100.235879745608059, 25.712172571368242 ], [ -100.235764088278557, 25.71254915145542 ], [ -100.235117676521369, 25.714138732295638 ], [ -100.23496151029164, 25.714543060854567 ], [ -100.234882998357804, 25.714747356293127 ], [ -100.234876740605145, 25.714835637975309 ], [ -100.234958957203744, 25.714946177636492 ], [ -100.23501491375788, 25.714999334543482 ], [ -100.235093764146015, 25.715054466376927 ], [ -100.235175394895236, 25.715128406381449 ], [ -100.235193567073253, 25.715250650896213 ], [ -100.235186832046395, 25.715412113199296 ], [ -100.235187375126586, 25.71580169694926 ], [ -100.235244949672335, 25.716795859654059 ], [ -100.235265339271763, 25.717283091151945 ], [ -100.235233769789644, 25.71740320093188 ], [ -100.235300729596531, 25.717677186079626 ], [ -100.234307830732945, 25.717412645999634 ] ] ] ] } },
{ "type": "Feature", "properties": { "CVEGEO": "1904600010126", "CVE_ENT": "19", "CVE_MUN": "046", "CVE_LOC": "0001", "CVE_ASEN": "0126", "CP": "66436", "FECHA_ACT": "11\/2022", "INSTITUCIO": "SECRETARÍA OBRAS PÚBLICAS Y DESARROLLO URBANO DEL MUNICIPIO DE SAN NICOLÁS DE LOS GARZA", "NOM_ASEN": "PRADOS DE SANTO DOMINGO PRIMER SECTOR", "TIPO": "COLONIA", "Shape_Leng": 1966.6018951900001, "Shape_Area": 49054.602622699997 }, "geometry": { "type": "MultiPolygon", "coordinates": [ [ [ [ -100.263908409239193, 25.736323130182786 ], [ -100.263910317843042, 25.736132677874494 ], [ -100.263884618794876, 25.735982295527844 ], [ -100.263887400977765, 25.735887721576884 ], [ -100.263861228500048, 25.735733056559415 ], [ -100.263817117648415, 25.735459511105983 ], [ -100.264725013903487, 25.735204608384787 ], [ -100.26505547973683, 25.735098454603552 ], [ -100.265016456625673, 25.734969012444825 ], [ -100.265616000254369, 25.734790980263085 ], [ -100.265642412887061, 25.734783651619885 ], [ -100.265759193914306, 25.734746688578699 ], [ -100.265969962735994, 25.735276863523513 ], [ -100.267780012111402, 25.734710901439044 ], [ -100.2695891185016, 25.734153933000712 ], [ -100.270786235937237, 25.733794026167832 ], [ -100.270594915961595, 25.733235566878413 ], [ -100.270822369311873, 25.733166416434781 ], [ -100.270918023411767, 25.733142144622345 ], [ -100.271318059002581, 25.733036520646184 ], [ -100.271718122479214, 25.732954867291355 ], [ -100.271346794332047, 25.733411209342883 ], [ -100.270906028959899, 25.73395858313383 ], [ -100.270705704725785, 25.73420993672617 ], [ -100.270563656436963, 25.734254947412325 ], [ -100.269930451658936, 25.734455587777735 ], [ -100.269767135548307, 25.73450733480837 ], [ -100.267985531187847, 25.735071838483186 ], [ -100.26786422962482, 25.73511027112384 ], [ -100.266034960607286, 25.735689846359442 ], [ -100.265922397917535, 25.735708943301447 ], [ -100.264249687363034, 25.736255455818899 ], [ -100.26391063522135, 25.736375514270716 ], [ -100.263908409239193, 25.736323130182786 ] ] ] ] } },
{ "type": "Feature", "properties": { "CVEGEO": "1904600010127", "CVE_ENT": "19", "CVE_MUN": "046", "CVE_LOC": "0001", "CVE_ASEN": "0127", "CP": "66446", "FECHA_ACT": "11\/2022", "INSTITUCIO": "SECRETARÍA OBRAS PÚBLICAS Y DESARROLLO URBANO DEL MUNICIPIO DE SAN NICOLÁS DE LOS GARZA", "NOM_ASEN": "PASEO DE SAN NICOLÁS PRIMER SECTOR", "TIPO": "AMPLIACIÓN", "Shape_Leng": 1561.80944972, "Shape_Area": 73593.0884812 }, "geometry": { "type": "MultiPolygon", "coordinates": [ [ [ [ -100.259193443355286, 25.742208098787827 ], [ -100.25923298022083, 25.741838269463212 ], [ -100.259190358456379, 25.741825556359501 ], [ -100.258665062069184, 25.741786524389305 ], [ -100.258748133441586, 25.741035709882933 ], [ -100.259296426228914, 25.741081755241172 ], [ -100.259330016876689, 25.740702733922689 ], [ -100.259367161573238, 25.740316305047841 ], [ -100.258437667099358, 25.740250975114396 ], [ -100.257956977994468, 25.740583755161502 ], [ -100.257502117659769, 25.740914749950491 ], [ -100.256912063533221, 25.74074395189853 ], [ -100.257027658944111, 25.740687348420902 ], [ -100.258074446300753, 25.740000046044404 ], [ -100.258283916582485, 25.739863154096085 ], [ -100.258521149073744, 25.739706335548394 ], [ -100.258840647276259, 25.739493468610693 ], [ -100.259569389479182, 25.739534656654659 ], [ -100.260795522634552, 25.739640402109639 ], [ -100.261055552065557, 25.73970651247614 ], [ -100.261164159250086, 25.739749957063736 ], [ -100.260968694336171, 25.740106906163295 ], [ -100.261214083788119, 25.740236298568149 ], [ -100.261361145298025, 25.740272976345643 ], [ -100.261315028860508, 25.740470184135638 ], [ -100.261285015876524, 25.740865765329854 ], [ -100.261240114581867, 25.741248372395344 ], [ -100.261218114593547, 25.741451562569981 ], [ -100.261196719464621, 25.741451721270625 ], [ -100.26117403451191, 25.741461002954374 ], [ -100.261149992259021, 25.741583639675039 ], [ -100.261146765698172, 25.741620883882266 ], [ -100.261135276012638, 25.74177864878736 ], [ -100.261132392163816, 25.741843703646101 ], [ -100.261093631255832, 25.742204450111114 ], [ -100.260009245598454, 25.742243229589317 ], [ -100.259602479853697, 25.742242609573442 ], [ -100.259193443355286, 25.742208098787827 ] ] ] ] } },
{ "type": "Feature", "properties": { "CVEGEO": "1904600010128", "CVE_ENT": "19", "CVE_MUN": "046", "CVE_LOC": "0001", "CVE_ASEN": "0128", "CP": "66446", "FECHA_ACT": "11\/2022", "INSTITUCIO": "SECRETARÍA OBRAS PÚBLICAS Y DESARROLLO URBANO DEL MUNICIPIO DE SAN NICOLÁS DE LOS GARZA", "NOM_ASEN": "PASEO DE SAN NICOLÁS SEGUNDO SECTOR", "TIPO": "COLONIA", "Shape_Leng": 1497.3633084200001, "Shape_Area": 42526.402733499999 }, "geometry": { "type": "MultiPolygon", "coordinates": [ [ [ [ -100.264249687363034, 25.736255455818899 ], [ -100.265922397917535, 25.735708943301447 ], [ -100.266034960607286, 25.735689846359442 ], [ -100.26786422962482, 25.73511027112384 ], [ -100.267985531187847, 25.735071838483186 ], [ -100.269767135548307, 25.73450733480837 ], [ -100.269930451658936, 25.734455587777735 ], [ -100.270563656436963, 25.734254947412325 ], [ -100.270705704725785, 25.73420993672617 ], [ -100.270670722099652, 25.734253856539706 ], [ -100.26964795956404, 25.735537187193614 ], [ -100.269523984171954, 25.735692742679145 ], [ -100.269091723271089, 25.735411825269484 ], [ -100.269063449917837, 25.735384599851738 ], [ -100.267718708818478, 25.735795769620402 ], [ -100.266192539658633, 25.736287353833987 ], [ -100.265338026750186, 25.736550461236323 ], [ -100.265028011895254, 25.736650575822893 ], [ -100.264949671741121, 25.736459968033152 ], [ -100.264863811289231, 25.73625106325521 ], [ -100.264293731193078, 25.736442226912068 ], [ -100.264286264336619, 25.736409726831241 ], [ -100.264249687363034, 25.736255455818899 ] ] ] ] } },
{ "type": "Feature", "properties": { "CVEGEO": "1904600010129", "CVE_ENT": "19", "CVE_MUN": "046", "CVE_LOC": "0001", "CVE_ASEN": "0129", "CP": "66460", "FECHA_ACT": "11\/2022", "INSTITUCIO": "SECRETARÍA OBRAS PÚBLICAS Y DESARROLLO URBANO DEL MUNICIPIO DE SAN NICOLÁS DE LOS GARZA", "NOM_ASEN": "PASEO DE LAS PUENTES", "TIPO": "COLONIA", "Shape_Leng": 1087.9278990800001, "Shape_Area": 57756.780684199999 }, "geometry": { "type": "MultiPolygon", "coordinates": [ [ [ [ -100.282269861466503, 25.740552879536764 ], [ -100.281874143405588, 25.740419632336788 ], [ -100.281644231154829, 25.74033827727596 ], [ -100.28219013516069, 25.738971009017071 ], [ -100.282451400726188, 25.739063527667113 ], [ -100.284287448688872, 25.739893230133774 ], [ -100.285768854761884, 25.74048890171521 ], [ -100.285829778060773, 25.740543417215655 ], [ -100.285793308055389, 25.74062487388538 ], [ -100.285626570036385, 25.741004831216667 ], [ -100.28543987747311, 25.741430208880953 ], [ -100.28538526554631, 25.741549609273537 ], [ -100.285352830098319, 25.741619665834804 ], [ -100.284879603453135, 25.741455178886991 ], [ -100.284471067041522, 25.741319693433358 ], [ -100.284064501370167, 25.741175789514955 ], [ -100.282888916281394, 25.740774605928976 ], [ -100.282685032223753, 25.740705073546117 ], [ -100.282269861466503, 25.740552879536764 ] ] ] ] } },
{ "type": "Feature", "properties": { "CVEGEO": "1904600010130", "CVE_ENT": "19", "CVE_MUN": "046", "CVE_LOC": "0001", "CVE_ASEN": "0130", "CP": "66444", "FECHA_ACT": "11\/2022", "INSTITUCIO": "SECRETARÍA OBRAS PÚBLICAS Y DESARROLLO URBANO DEL MUNICIPIO DE SAN NICOLÁS DE LOS GARZA", "NOM_ASEN": "PASEO DE LOS ANDES PRIMER SECTOR", "TIPO": "COLONIA", "Shape_Leng": 1334.5413757399999, "Shape_Area": 60648.3948122 }, "geometry": { "type": "MultiPolygon", "coordinates": [ [ [ [ -100.264390188424613, 25.736873974420789 ], [ -100.264615434777369, 25.736788683133522 ], [ -100.264561950363273, 25.736598665033554 ], [ -100.264911841856147, 25.736473501443598 ], [ -100.264949671741121, 25.736459968033152 ], [ -100.265028011895254, 25.736650575822893 ], [ -100.265338026750186, 25.736550461236323 ], [ -100.266192539658633, 25.736287353833987 ], [ -100.267718708818478, 25.735795769620402 ], [ -100.269063449917837, 25.735384599851738 ], [ -100.269091723271089, 25.735411825269484 ], [ -100.269523984171954, 25.735692742679145 ], [ -100.269046458593152, 25.736291888777703 ], [ -100.268322334117741, 25.73740000926167 ], [ -100.268257950368152, 25.737340405993699 ], [ -100.268023158386569, 25.737242116196818 ], [ -100.267811966419373, 25.737157774562721 ], [ -100.267317795221601, 25.737063002268101 ], [ -100.267253533167008, 25.737059933579484 ], [ -100.266897450805331, 25.737078434115052 ], [ -100.266504237065206, 25.737119799302604 ], [ -100.266424765084608, 25.737133116618484 ], [ -100.265821071306902, 25.737287867782694 ], [ -100.265064657323919, 25.737690047040271 ], [ -100.264887949387116, 25.737785180316784 ], [ -100.26461840416286, 25.737919819138128 ], [ -100.264610811117976, 25.737860773306945 ], [ -100.264458615527175, 25.737184833480264 ], [ -100.264402665625838, 25.736918075592651 ], [ -100.264390188424613, 25.736873974420789 ] ] ] ] } },
{ "type": "Feature", "properties": { "CVEGEO": "1904600010131", "CVE_ENT": "19", "CVE_MUN": "046", "CVE_LOC": "0001", "CVE_ASEN": "0131", "CP": "66444", "FECHA_ACT": "11\/2022", "INSTITUCIO": "SECRETARÍA OBRAS PÚBLICAS Y DESARROLLO URBANO DEL MUNICIPIO DE SAN NICOLÁS DE LOS GARZA", "NOM_ASEN": "PASEO DE LOS ANDES SEGUNDO SECTOR SECCIÓN A Y B", "TIPO": "COLONIA", "Shape_Leng": 1576.3712171699999, "Shape_Area": 83601.931641599993 }, "geometry": { "type": "MultiPolygon", "coordinates": [ [ [ [ -100.26461840416286, 25.737919819138128 ], [ -100.264474059228363, 25.737967913780434 ], [ -100.264309964281153, 25.738022588897241 ], [ -100.263398518987785, 25.738214233503079 ], [ -100.26260533053528, 25.738356690181448 ], [ -100.261487967230934, 25.738557851686323 ], [ -100.261327457291358, 25.738587843549215 ], [ -100.261210776436556, 25.738608963512974 ], [ -100.260461378709124, 25.738745653759494 ], [ -100.260196536934515, 25.738793311364002 ], [ -100.260099507730075, 25.73881981817566 ], [ -100.259910608418281, 25.738898558374711 ], [ -100.259504582160133, 25.739073418041922 ], [ -100.259463580742306, 25.73909693949485 ], [ -100.259539795475064, 25.738731205675119 ], [ -100.25962643217585, 25.738334414299331 ], [ -100.259699429917902, 25.737989123205868 ], [ -100.25977737134744, 25.737632242175955 ], [ -100.259843840187017, 25.737318558989582 ], [ -100.259919623041611, 25.736978625888817 ], [ -100.259954356497104, 25.736817282873012 ], [ -100.26000196667097, 25.736824693876304 ], [ -100.262331742358057, 25.737175917460483 ], [ -100.262371620796813, 25.737176070291156 ], [ -100.262406478400194, 25.737176202480569 ], [ -100.262880223318106, 25.737261269683867 ], [ -100.263780389939271, 25.736421636893851 ], [ -100.26391063522135, 25.736375514270716 ], [ -100.264249687363034, 25.736255455818899 ], [ -100.264286264336619, 25.736409726831241 ], [ -100.264293731193078, 25.736442226912068 ], [ -100.264863811289231, 25.73625106325521 ], [ -100.264949671741121, 25.736459968033152 ], [ -100.264911841856147, 25.736473501443598 ], [ -100.264561950363273, 25.736598665033554 ], [ -100.264615434777369, 25.736788683133522 ], [ -100.264390188424613, 25.736873974420789 ], [ -100.264402665625838, 25.736918075592651 ], [ -100.264458615527175, 25.737184833480264 ], [ -100.264610811117976, 25.737860773306945 ], [ -100.26461840416286, 25.737919819138128 ] ] ] ] } },
{ "type": "Feature", "properties": { "CVEGEO": "1904600010132", "CVE_ENT": "19", "CVE_MUN": "046", "CVE_LOC": "0001", "CVE_ASEN": "0132", "CP": "66444", "FECHA_ACT": "11\/2022", "INSTITUCIO": "SECRETARÍA OBRAS PÚBLICAS Y DESARROLLO URBANO DEL MUNICIPIO DE SAN NICOLÁS DE LOS GARZA", "NOM_ASEN": "PASEO DE LOS ANDES TERCER SECTOR", "TIPO": "COLONIA", "Shape_Leng": 1242.09672972, "Shape_Area": 78309.258617400003 }, "geometry": { "type": "MultiPolygon", "coordinates": [ [ [ [ -100.256777366614017, 25.74079875049032 ], [ -100.256808133909573, 25.740663626340478 ], [ -100.25681429949185, 25.740021250373548 ], [ -100.256967033725701, 25.739613903455911 ], [ -100.257302046730729, 25.738426067192002 ], [ -100.257357151075624, 25.73797763139752 ], [ -100.257274718264355, 25.73752871390419 ], [ -100.257522838040117, 25.737427594141021 ], [ -100.259342381119936, 25.736695862792487 ], [ -100.259385093050128, 25.736679752242246 ], [ -100.259457649266452, 25.736713179397128 ], [ -100.259954356497104, 25.736817282873012 ], [ -100.259919623041611, 25.736978625888817 ], [ -100.259843840187017, 25.737318558989582 ], [ -100.25977737134744, 25.737632242175955 ], [ -100.259699429917902, 25.737989123205868 ], [ -100.25962643217585, 25.738334414299331 ], [ -100.259539795475064, 25.738731205675119 ], [ -100.259463580742306, 25.73909693949485 ], [ -100.259290063990704, 25.739201285892623 ], [ -100.259007856497277, 25.739387123264162 ], [ -100.258840647276259, 25.739493468610693 ], [ -100.258521149073744, 25.739706335548394 ], [ -100.258283916582485, 25.739863154096085 ], [ -100.258074446300753, 25.740000046044404 ], [ -100.257027658944111, 25.740687348420902 ], [ -100.256912063533221, 25.74074395189853 ], [ -100.256777366614017, 25.74079875049032 ] ] ] ] } },
{ "type": "Feature", "properties": { "CVEGEO": "1904600010133", "CVE_ENT": "19", "CVE_MUN": "046", "CVE_LOC": "0001", "CVE_ASEN": "0133", "CP": "66470", "FECHA_ACT": "11\/2022", "INSTITUCIO": "SECRETARÍA OBRAS PÚBLICAS Y DESARROLLO URBANO DEL MUNICIPIO DE SAN NICOLÁS DE LOS GARZA", "NOM_ASEN": "PASEO DE LOS ÁNGELES", "TIPO": "COLONIA", "Shape_Leng": 1743.95346685, "Shape_Area": 104960.621467 }, "geometry": { "type": "MultiPolygon", "coordinates": [ [ [ [ -100.228823425099236, 25.716487489986889 ], [ -100.230474605911525, 25.716741671843106 ], [ -100.230435720905305, 25.717003357914919 ], [ -100.230320160724915, 25.717778537816397 ], [ -100.23030719148953, 25.717856360520649 ], [ -100.230117312311194, 25.718995680156677 ], [ -100.23011179259673, 25.719028800939622 ], [ -100.230106610979306, 25.71905988833004 ], [ -100.230032483978064, 25.719504670321033 ], [ -100.229837576717088, 25.720685783709168 ], [ -100.229322030948154, 25.720608024658905 ], [ -100.229203567415993, 25.721038668283274 ], [ -100.229438122545815, 25.721809236616295 ], [ -100.229198481733818, 25.721930810894396 ], [ -100.229263761142633, 25.722088571555808 ], [ -100.229092513172674, 25.722168253444124 ], [ -100.22826833555898, 25.722569928589426 ], [ -100.227910262564123, 25.722744262861379 ], [ -100.227618326267574, 25.722881824210152 ], [ -100.227643194711348, 25.722656664751085 ], [ -100.228100493009606, 25.720410689760143 ], [ -100.228116856942364, 25.720330316733225 ], [ -100.228344762602987, 25.719171888788328 ], [ -100.228710400515169, 25.717455548785182 ], [ -100.228733020201318, 25.717379833228453 ], [ -100.228823425099236, 25.716487489986889 ] ] ] ] } },
{ "type": "Feature", "properties": { "CVEGEO": "1904600010134", "CVE_ENT": "19", "CVE_MUN": "046", "CVE_LOC": "0001", "CVE_ASEN": "0134", "CP": "66444", "FECHA_ACT": "11\/2022", "INSTITUCIO": "SECRETARÍA OBRAS PÚBLICAS Y DESARROLLO URBANO DEL MUNICIPIO DE SAN NICOLÁS DE LOS GARZA", "NOM_ASEN": "PEDREGAL DE SANTO DOMINGO PRIMER SECTOR", "TIPO": "COLONIA", "Shape_Leng": 1385.8777461899999, "Shape_Area": 85923.015091900001 }, "geometry": { "type": "MultiPolygon", "coordinates": [ [ [ [ -100.267606320912307, 25.731237970749159 ], [ -100.267817347277742, 25.731177654127272 ], [ -100.268231805641605, 25.731053218231892 ], [ -100.268400630629145, 25.731009505549437 ], [ -100.268652744782656, 25.730936541747706 ], [ -100.269065641493981, 25.730814504675795 ], [ -100.26941897677294, 25.730717819511217 ], [ -100.269494580752209, 25.730697020909226 ], [ -100.269908480180689, 25.730577319980938 ], [ -100.270340701999942, 25.730461065225121 ], [ -100.270422856293024, 25.730434725155231 ], [ -100.270753775484692, 25.730344618296382 ], [ -100.271179862527788, 25.730231287377514 ], [ -100.271198669017366, 25.730370267151159 ], [ -100.271413210566095, 25.730309835360469 ], [ -100.271555582805448, 25.731258351791446 ], [ -100.271328229833728, 25.731327690386777 ], [ -100.271382863557903, 25.731731412737961 ], [ -100.271136903973414, 25.731829350893829 ], [ -100.270963837209678, 25.731897727081456 ], [ -100.27055818695149, 25.732056612882211 ], [ -100.270136684703189, 25.732224458028458 ], [ -100.269728773097171, 25.732384559581128 ], [ -100.270044041661549, 25.733403177664552 ], [ -100.269855832012013, 25.733460516638832 ], [ -100.269384699031434, 25.733610423630726 ], [ -100.268910708983086, 25.73375033630726 ], [ -100.268563649580003, 25.733008027090495 ], [ -100.268486850290941, 25.732872130916753 ], [ -100.268468609540648, 25.732879307235251 ], [ -100.268065881138895, 25.733037892022153 ], [ -100.267855748408152, 25.733120639949021 ], [ -100.267606320912307, 25.731237970749159 ] ] ] ] } },
{ "type": "Feature", "properties": { "CVEGEO": "1904600010135", "CVE_ENT": "19", "CVE_MUN": "046", "CVE_LOC": "0001", "CVE_ASEN": "0135", "CP": "66424", "FECHA_ACT": "11\/2022", "INSTITUCIO": "SECRETARÍA OBRAS PÚBLICAS Y DESARROLLO URBANO DEL MUNICIPIO DE SAN NICOLÁS DE LOS GARZA", "NOM_ASEN": "PERIFÉRICO NORTE", "TIPO": "COLONIA", "Shape_Leng": 790.07717634200003, "Shape_Area": 24723.139555000002 }, "geometry": { "type": "MultiPolygon", "coordinates": [ [ [ [ -100.300429234162252, 25.750129130625453 ], [ -100.301012432189879, 25.750298647549027 ], [ -100.302043496251159, 25.750602997043423 ], [ -100.301876920175943, 25.750713415036859 ], [ -100.30084384235326, 25.750908509627152 ], [ -100.300796326966875, 25.750917483313081 ], [ -100.300201955705674, 25.750979662372977 ], [ -100.30016472079312, 25.750983514681035 ], [ -100.300172030996464, 25.75093139568936 ], [ -100.298867409202799, 25.751103601315677 ], [ -100.298599633243754, 25.751079201635349 ], [ -100.298738508813102, 25.75068739773041 ], [ -100.298755070908044, 25.750640684091312 ], [ -100.29889690933372, 25.750250615082479 ], [ -100.298942406836588, 25.750242614352313 ], [ -100.299742593660497, 25.75008795615291 ], [ -100.29982597955231, 25.749958830218947 ], [ -100.300429234162252, 25.750129130625453 ] ] ] ] } },
{ "type": "Feature", "properties": { "CVEGEO": "1904600010136", "CVE_ENT": "19", "CVE_MUN": "046", "CVE_LOC": "0001", "CVE_ASEN": "0136", "CP": "66490", "FECHA_ACT": "11\/2022", "INSTITUCIO": "SECRETARÍA OBRAS PÚBLICAS Y DESARROLLO URBANO DEL MUNICIPIO DE SAN NICOLÁS DE LOS GARZA", "NOM_ASEN": "PEÑA GUERRA", "TIPO": "COLONIA", "Shape_Leng": 2288.84347458, "Shape_Area": 249794.42967300001 }, "geometry": { "type": "MultiPolygon", "coordinates": [ [ [ [ -100.255203880637069, 25.717670891149563 ], [ -100.255064596128804, 25.717239271998515 ], [ -100.254978633674469, 25.716917086537769 ], [ -100.254964965634457, 25.716865861496817 ], [ -100.254947214912448, 25.716812813687703 ], [ -100.25465896776106, 25.715951397465336 ], [ -100.254629763694481, 25.715864159179237 ], [ -100.254565794043131, 25.715672964693692 ], [ -100.254501824580061, 25.715481770153065 ], [ -100.254237670584487, 25.714659895559979 ], [ -100.254201567272958, 25.714547565314497 ], [ -100.254773630496459, 25.714332301541216 ], [ -100.254964941744845, 25.714254944326971 ], [ -100.255571997868628, 25.714037135495222 ], [ -100.256688784683817, 25.713636437035742 ], [ -100.257056204447665, 25.71453375379788 ], [ -100.257254778328502, 25.714992557011477 ], [ -100.257257096956494, 25.715074232720841 ], [ -100.257471106533771, 25.715533792211563 ], [ -100.257610905801073, 25.715860074798034 ], [ -100.257742365075615, 25.716164349016175 ], [ -100.257989733807975, 25.716751695581177 ], [ -100.258134777049207, 25.71712414710877 ], [ -100.258404892911287, 25.717771638826026 ], [ -100.258528443720721, 25.71807562896776 ], [ -100.258775908270835, 25.718689530110737 ], [ -100.25879117410301, 25.718732233616802 ], [ -100.258959879975365, 25.719180300997557 ], [ -100.259016945858264, 25.719226554358023 ], [ -100.259404120925367, 25.720097028524791 ], [ -100.259038664549777, 25.720435242853984 ], [ -100.258580739606288, 25.720837495994324 ], [ -100.258543483147434, 25.720867774249264 ], [ -100.256927833853453, 25.722181030622803 ], [ -100.256888397760704, 25.722220936947338 ], [ -100.256847268448809, 25.722262558835727 ], [ -100.256779024305459, 25.722331602428866 ], [ -100.256745511493136, 25.722270800665296 ], [ -100.256487083397744, 25.721801940118343 ], [ -100.255845506200714, 25.719764733446905 ], [ -100.255833497514814, 25.719715905090663 ], [ -100.255821488837839, 25.719667076731596 ], [ -100.255203880637069, 25.717670891149563 ] ] ] ] } },
{ "type": "Feature", "properties": { "CVEGEO": "1904600010137", "CVE_ENT": "19", "CVE_MUN": "046", "CVE_LOC": "0001", "CVE_ASEN": "0137", "CP": "00000", "FECHA_ACT": "11\/2022", "INSTITUCIO": "SECRETARÍA OBRAS PÚBLICAS Y DESARROLLO URBANO DEL MUNICIPIO DE SAN NICOLÁS DE LOS GARZA", "NOM_ASEN": "PORTAL DEL ROBLE", "TIPO": "FRACCIONAMIENTO", "Shape_Leng": 1494.9030834299999, "Shape_Area": 70419.960579799998 }, "geometry": { "type": "MultiPolygon", "coordinates": [ [ [ [ -100.280454945566291, 25.762740465760288 ], [ -100.280052142296356, 25.763310553092175 ], [ -100.280028251670416, 25.763334755042482 ], [ -100.280010207323159, 25.76338914328548 ], [ -100.279716662596257, 25.763707486862362 ], [ -100.279693978918559, 25.76375080841877 ], [ -100.279478424174201, 25.764144215367512 ], [ -100.279583475929002, 25.764301524858855 ], [ -100.279557546699536, 25.764379483338651 ], [ -100.278999854467045, 25.76424876998794 ], [ -100.27892574224839, 25.764421835461764 ], [ -100.278735803073971, 25.764794435816853 ], [ -100.27850326029079, 25.765174068086896 ], [ -100.278286628985086, 25.765547894045547 ], [ -100.278081023005413, 25.765929233208585 ], [ -100.278009762042359, 25.766059033264217 ], [ -100.277897206313824, 25.76627033024354 ], [ -100.277856621850646, 25.76634948220401 ], [ -100.277680936419515, 25.766615427589617 ], [ -100.277509687925942, 25.766962296671728 ], [ -100.277443920862069, 25.767002237825132 ], [ -100.277359274682553, 25.767156650731003 ], [ -100.27733622215294, 25.767147634913762 ], [ -100.277139719890499, 25.767072055452353 ], [ -100.276838953553721, 25.766956533401583 ], [ -100.27667627069836, 25.766893841290432 ], [ -100.276918446106905, 25.766485344260325 ], [ -100.27699842479619, 25.766454128911136 ], [ -100.277113041570374, 25.766210969086533 ], [ -100.277120638703991, 25.766094047198891 ], [ -100.277132352861415, 25.765917610267131 ], [ -100.277099515167436, 25.765699272146001 ], [ -100.277063576762444, 25.765459248718766 ], [ -100.277030500767907, 25.765238430025466 ], [ -100.276828611930725, 25.764783528545976 ], [ -100.277040899313334, 25.764407725181904 ], [ -100.277115190576595, 25.764303041931836 ], [ -100.277275500599757, 25.76407715243359 ], [ -100.277295669655416, 25.764048736479417 ], [ -100.277500974971574, 25.763675969129661 ], [ -100.277577746976107, 25.763533714407004 ], [ -100.277856597780726, 25.763609416304803 ], [ -100.27834475368202, 25.763741935601029 ], [ -100.278383213771548, 25.76375237587121 ], [ -100.278557272221889, 25.763503433764921 ], [ -100.278925935815508, 25.762990317091493 ], [ -100.279401284196709, 25.762364558871521 ], [ -100.27974093893603, 25.762482332914598 ], [ -100.280454945566291, 25.762740465760288 ] ] ] ] } },
{ "type": "Feature", "properties": { "CVEGEO": "1904600010138", "CVE_ENT": "19", "CVE_MUN": "046", "CVE_LOC": "0001", "CVE_ASEN": "0138", "CP": "00000", "FECHA_ACT": "11\/2022", "INSTITUCIO": "SECRETARÍA OBRAS PÚBLICAS Y DESARROLLO URBANO DEL MUNICIPIO DE SAN NICOLÁS DE LOS GARZA", "NOM_ASEN": "RESERVA DE ANÁHUAC", "TIPO": "COLONIA", "Shape_Leng": 965.67380118999995, "Shape_Area": 26419.230891399999 }, "geometry": { "type": "MultiPolygon", "coordinates": [ [ [ [ -100.312018108990003, 25.756674080681744 ], [ -100.312005306618133, 25.756225476612126 ], [ -100.312246200172851, 25.756240420822103 ], [ -100.313462399656331, 25.756268970433844 ], [ -100.314046478665333, 25.756262139796821 ], [ -100.314068549277778, 25.755885310651504 ], [ -100.314094680424574, 25.755227151255422 ], [ -100.31409741893583, 25.754972908728863 ], [ -100.314483651157445, 25.755027621792106 ], [ -100.314919686361321, 25.755091868430021 ], [ -100.314916875753738, 25.756142231185954 ], [ -100.31491790829493, 25.756242430816481 ], [ -100.314923035635147, 25.756525542759338 ], [ -100.314926489744593, 25.75684097004083 ], [ -100.314849170753988, 25.756768732013938 ], [ -100.314749006946712, 25.756765512973782 ], [ -100.314551252347698, 25.756760388195847 ], [ -100.314508289436546, 25.756758210395045 ], [ -100.314465574209848, 25.756761566030704 ], [ -100.312018108990003, 25.756674080681744 ] ] ] ] } },
{ "type": "Feature", "properties": { "CVEGEO": "1904600010139", "CVE_ENT": "19", "CVE_MUN": "046", "CVE_LOC": "0001", "CVE_ASEN": "0139", "CP": "66436", "FECHA_ACT": "11\/2022", "INSTITUCIO": "SECRETARÍA OBRAS PÚBLICAS Y DESARROLLO URBANO DEL MUNICIPIO DE SAN NICOLÁS DE LOS GARZA", "NOM_ASEN": "PRADERAS DE SANTO DOMINGO", "TIPO": "COLONIA", "Shape_Leng": 1341.7089525199999, "Shape_Area": 88251.340940599999 }, "geometry": { "type": "MultiPolygon", "coordinates": [ [ [ [ -100.264793236247627, 25.752057160311953 ], [ -100.264701268447013, 25.752050342355293 ], [ -100.264628222929872, 25.752043575699975 ], [ -100.263484033113571, 25.751938309195591 ], [ -100.26349562891194, 25.752238377835255 ], [ -100.263295668346871, 25.752206488211627 ], [ -100.263197186694498, 25.752191269917631 ], [ -100.262114712521367, 25.752008654274036 ], [ -100.261878702960487, 25.751970965169264 ], [ -100.261432542322666, 25.751901981122625 ], [ -100.261650002139362, 25.751475979834602 ], [ -100.261684922766676, 25.751406290482286 ], [ -100.261831432464476, 25.751112179894864 ], [ -100.262014862813132, 25.75075272071755 ], [ -100.262205142422303, 25.750378000899659 ], [ -100.262295752729941, 25.750193801024682 ], [ -100.262401663199512, 25.749986751192118 ], [ -100.264864599404561, 25.749987678891227 ], [ -100.264898747844924, 25.749987624951306 ], [ -100.266108178009546, 25.749979940191341 ], [ -100.266250220759858, 25.750071347893471 ], [ -100.266428508925287, 25.750293892136817 ], [ -100.266552240277377, 25.750709027281072 ], [ -100.266569924720201, 25.750909113678624 ], [ -100.266577461924683, 25.750996178889455 ], [ -100.266332743941533, 25.751025250276346 ], [ -100.265857334543412, 25.751048773115897 ], [ -100.265708064519146, 25.751061278500888 ], [ -100.265461935954619, 25.751133702003628 ], [ -100.265335933475868, 25.751212926534151 ], [ -100.265163713299884, 25.751342467242605 ], [ -100.265056751727599, 25.751458860201559 ], [ -100.264961552542175, 25.751625585961772 ], [ -100.264891993005463, 25.75177411707929 ], [ -100.264793236247627, 25.752057160311953 ] ] ] ] } },
{ "type": "Feature", "properties": { "CVEGEO": "1904600010140", "CVE_ENT": "19", "CVE_MUN": "046", "CVE_LOC": "0001", "CVE_ASEN": "0140", "CP": "66444", "FECHA_ACT": "11\/2022", "INSTITUCIO": "SECRETARÍA OBRAS PÚBLICAS Y DESARROLLO URBANO DEL MUNICIPIO DE SAN NICOLÁS DE LOS GARZA", "NOM_ASEN": "PRADOS DE SANTO DOMINGO SEGUNDO SECTOR", "TIPO": "COLONIA", "Shape_Leng": 1145.51108258, "Shape_Area": 32167.308230400002 }, "geometry": { "type": "MultiPolygon", "coordinates": [ [ [ [ -100.265759193914306, 25.734746688578699 ], [ -100.266212089515321, 25.734603335418534 ], [ -100.267581229604744, 25.734173739866851 ], [ -100.268910708983086, 25.73375033630726 ], [ -100.269384699031434, 25.733610423630726 ], [ -100.269855832012013, 25.733460516638832 ], [ -100.270044041661549, 25.733403177664552 ], [ -100.27025415424454, 25.733339165436142 ], [ -100.270594915961595, 25.733235566878413 ], [ -100.270786235937237, 25.733794026167832 ], [ -100.2695891185016, 25.734153933000712 ], [ -100.267780012111402, 25.734710901439044 ], [ -100.265969962735994, 25.735276863523513 ], [ -100.265759193914306, 25.734746688578699 ] ] ] ] } },
{ "type": "Feature", "properties": { "CVEGEO": "1904600010141", "CVE_ENT": "19", "CVE_MUN": "046", "CVE_LOC": "0001", "CVE_ASEN": "0141", "CP": "66480", "FECHA_ACT": "11\/2022", "INSTITUCIO": "SECRETARÍA OBRAS PÚBLICAS Y DESARROLLO URBANO DEL MUNICIPIO DE SAN NICOLÁS DE LOS GARZA", "NOM_ASEN": "PASEO DEL NOGALAR (FOMERREY 11)", "TIPO": "COLONIA", "Shape_Leng": 2263.6927468, "Shape_Area": 232271.93629899999 }, "geometry": { "type": "MultiPolygon", "coordinates": [ [ [ [ -100.266172458893578, 25.726793026536861 ], [ -100.266155067007944, 25.726629751415079 ], [ -100.266142324693519, 25.726383027501665 ], [ -100.266146073988921, 25.726276323918075 ], [ -100.266146104909993, 25.726275432662074 ], [ -100.266150306543167, 25.726148567474805 ], [ -100.266163142659551, 25.72574111676867 ], [ -100.266159747829363, 25.725719534374832 ], [ -100.266180873907174, 25.725648485288826 ], [ -100.266223461746577, 25.725546502577831 ], [ -100.266604480371001, 25.725049637005018 ], [ -100.266668343339461, 25.725028737446799 ], [ -100.266976628792747, 25.724916921377297 ], [ -100.267114959822564, 25.725265128239258 ], [ -100.267503948679419, 25.725101398946961 ], [ -100.26778758925856, 25.724970112847693 ], [ -100.268841497989328, 25.724544489792368 ], [ -100.268863714694291, 25.724535517443293 ], [ -100.2690696570439, 25.724449863042292 ], [ -100.269541310112729, 25.724276561845784 ], [ -100.27000105938086, 25.724080618859123 ], [ -100.270482273172618, 25.723878077362581 ], [ -100.270938211080903, 25.723686309423162 ], [ -100.271421351842307, 25.723483060472606 ], [ -100.271856928063812, 25.723298686475367 ], [ -100.272332730775389, 25.723098866578979 ], [ -100.272782195377545, 25.722913072425218 ], [ -100.273739228013511, 25.722522824283462 ], [ -100.273747431164537, 25.722694291669825 ], [ -100.273742938726599, 25.723018199695883 ], [ -100.273743801548065, 25.723099151177987 ], [ -100.273747849079129, 25.723278773500777 ], [ -100.273752102734804, 25.723467600622431 ], [ -100.273771419325556, 25.723965289089417 ], [ -100.27377885378263, 25.724399275146876 ], [ -100.27378001201761, 25.724430568895933 ], [ -100.273800672156852, 25.724862884961055 ], [ -100.273795267275517, 25.724914257370067 ], [ -100.273813192279363, 25.725319418283664 ], [ -100.273859747819884, 25.725352734372436 ], [ -100.273869354098935, 25.725820136229601 ], [ -100.273869904637877, 25.725931077246759 ], [ -100.273871283658437, 25.726342440986571 ], [ -100.273877323695302, 25.726495418372942 ], [ -100.273590471884248, 25.726480753559045 ], [ -100.272891988691825, 25.726601256722656 ], [ -100.271716302327562, 25.726692610516039 ], [ -100.271282138769664, 25.726716987553488 ], [ -100.270409990943776, 25.726773794136296 ], [ -100.270368784760308, 25.726771473725815 ], [ -100.269919069696016, 25.726800975908489 ], [ -100.269403202599634, 25.726818107702162 ], [ -100.269028198876356, 25.726819060328598 ], [ -100.268906370090889, 25.726844759147475 ], [ -100.268376860915367, 25.72688033221316 ], [ -100.267864420086724, 25.726898795314053 ], [ -100.267749254881096, 25.726907599555126 ], [ -100.267373299688856, 25.72701229654486 ], [ -100.266845669657997, 25.727135995952811 ], [ -100.266377020627829, 25.727236359818122 ], [ -100.266303890400067, 25.727068690390823 ], [ -100.26629789998988, 25.727058215910805 ], [ -100.266172458893578, 25.726793026536861 ] ] ] ] } },
{ "type": "Feature", "properties": { "CVEGEO": "1904600010142", "CVE_ENT": "19", "CVE_MUN": "046", "CVE_LOC": "0001", "CVE_ASEN": "0142", "CP": "66482", "FECHA_ACT": "11\/2022", "INSTITUCIO": "SECRETARÍA OBRAS PÚBLICAS Y DESARROLLO URBANO DEL MUNICIPIO DE SAN NICOLÁS DE LOS GARZA", "NOM_ASEN": "PREDIO ALDAPE", "TIPO": "COLONIA", "Shape_Leng": 3652.1281082800001, "Shape_Area": 878085.99985200004 }, "geometry": { "type": "MultiPolygon", "coordinates": [ [ [ [ -100.289660822943986, 25.719979947907447 ], [ -100.288022875778964, 25.718792552221732 ], [ -100.287659811869673, 25.718528785117865 ], [ -100.286489494230906, 25.717654591349699 ], [ -100.285068272949246, 25.716625185958694 ], [ -100.283692001284706, 25.71561554817243 ], [ -100.28401503757145, 25.715166267202925 ], [ -100.284268204069932, 25.714796499566678 ], [ -100.285371851463793, 25.713084840449572 ], [ -100.286310481841141, 25.711632261521444 ], [ -100.287746460999386, 25.709305753836244 ], [ -100.292498400286121, 25.71127303090109 ], [ -100.293718277436923, 25.71178903080629 ], [ -100.294833067861177, 25.712250091834946 ], [ -100.296033720020262, 25.71276255014963 ], [ -100.295899369539882, 25.71311122147516 ], [ -100.295595408200072, 25.713864177910796 ], [ -100.295271013705701, 25.714634400667279 ], [ -100.29487763419759, 25.715615570424099 ], [ -100.294570152474009, 25.716457473215581 ], [ -100.294501075568846, 25.716700488547303 ], [ -100.294507928349091, 25.717153824918114 ], [ -100.294514532301434, 25.718298518222543 ], [ -100.2935166533602, 25.718664179286222 ], [ -100.28989029655844, 25.720133181111585 ], [ -100.289660822943986, 25.719979947907447 ] ] ] ] } },
{ "type": "Feature", "properties": { "CVEGEO": "1904600010143", "CVE_ENT": "19", "CVE_MUN": "046", "CVE_LOC": "0001", "CVE_ASEN": "0143", "CP": "66428", "FECHA_ACT": "11\/2022", "INSTITUCIO": "SECRETARÍA OBRAS PÚBLICAS Y DESARROLLO URBANO DEL MUNICIPIO DE SAN NICOLÁS DE LOS GARZA", "NOM_ASEN": "PRIVADA CASABELLA", "TIPO": "COLONIA", "Shape_Leng": 488.36794255000001, "Shape_Area": 13623.4566407 }, "geometry": { "type": "MultiPolygon", "coordinates": [ [ [ [ -100.301525148793402, 25.760035665983299 ], [ -100.301533677285803, 25.760215257303212 ], [ -100.301534977506975, 25.760242662233097 ], [ -100.301567047991725, 25.760253423814742 ], [ -100.301548171416243, 25.760879613135483 ], [ -100.301144778213057, 25.760927824538392 ], [ -100.300072106633749, 25.761058508046141 ], [ -100.299958428758515, 25.760691890405194 ], [ -100.299873925369255, 25.760418350501801 ], [ -100.300948661661053, 25.760139875282835 ], [ -100.301387565457617, 25.760024696062469 ], [ -100.301525148793402, 25.760035665983299 ] ] ] ] } },
{ "type": "Feature", "properties": { "CVEGEO": "1904600010144", "CVE_ENT": "19", "CVE_MUN": "046", "CVE_LOC": "0001", "CVE_ASEN": "0144", "CP": "66486", "FECHA_ACT": "11\/2022", "INSTITUCIO": "SECRETARÍA OBRAS PÚBLICAS Y DESARROLLO URBANO DEL MUNICIPIO DE SAN NICOLÁS DE LOS GARZA", "NOM_ASEN": "PRIVADAS NOGALAR", "TIPO": "COLONIA", "Shape_Leng": 843.70903384300004, "Shape_Area": 42990.375469600003 }, "geometry": { "type": "MultiPolygon", "coordinates": [ [ [ [ -100.27674016222818, 25.716611157924138 ], [ -100.277249973876579, 25.716591313540402 ], [ -100.277285182456168, 25.71661922654588 ], [ -100.277476580028605, 25.716772298959881 ], [ -100.278277551998826, 25.717476267799409 ], [ -100.278304926128513, 25.717504256800254 ], [ -100.278462292422446, 25.717651640841158 ], [ -100.278488813398212, 25.717674503125899 ], [ -100.278183715593045, 25.717971843889721 ], [ -100.277900424396506, 25.718248463639906 ], [ -100.277623426815254, 25.718514599051066 ], [ -100.277338720661618, 25.718790672609124 ], [ -100.276997141695176, 25.719124502349548 ], [ -100.276954977409602, 25.719061727675232 ], [ -100.276594404557102, 25.718746445291035 ], [ -100.276353067478624, 25.718535421342185 ], [ -100.276049677401119, 25.718275273768917 ], [ -100.275926836509882, 25.718167149091965 ], [ -100.275801701670517, 25.71805700569691 ], [ -100.275495486860279, 25.717785646253617 ], [ -100.275694253535477, 25.717761279143851 ], [ -100.276019146801303, 25.717595286441835 ], [ -100.275986946300876, 25.717521931606164 ], [ -100.27674016222818, 25.716611157924138 ] ] ] ] } },
{ "type": "Feature", "properties": { "CVEGEO": "1904600010145", "CVE_ENT": "19", "CVE_MUN": "046", "CVE_LOC": "0001", "CVE_ASEN": "0145", "CP": "66059", "FECHA_ACT": "11\/2022", "INSTITUCIO": "SECRETARÍA OBRAS PÚBLICAS Y DESARROLLO URBANO DEL MUNICIPIO DE SAN NICOLÁS DE LOS GARZA", "NOM_ASEN": "PRIVAL DE ANÁHUAC", "TIPO": "FRACCIONAMIENTO", "Shape_Leng": 1523.7664319800001, "Shape_Area": 78910.389056 }, "geometry": { "type": "MultiPolygon", "coordinates": [ [ [ [ -100.288844320844973, 25.72974324947759 ], [ -100.289658200336987, 25.730451370196668 ], [ -100.289773886166358, 25.730560800598358 ], [ -100.289961460298741, 25.73073823029614 ], [ -100.290004740134606, 25.730826029972054 ], [ -100.290035290328831, 25.730938119708892 ], [ -100.290009140165807, 25.731041150105128 ], [ -100.289867049600105, 25.73136543013883 ], [ -100.289792880043208, 25.73162364972417 ], [ -100.289765950063114, 25.731768999856865 ], [ -100.289751265708063, 25.731887359981467 ], [ -100.289597030425796, 25.732007174036308 ], [ -100.289369233284219, 25.732203895643341 ], [ -100.288739201627109, 25.732765839398599 ], [ -100.288323594340866, 25.733984369777801 ], [ -100.287866639793805, 25.735409212773625 ], [ -100.287703901047919, 25.735411249701141 ], [ -100.287705128852394, 25.735568948605422 ], [ -100.287392105563569, 25.735575820546732 ], [ -100.28723300165386, 25.735577100863317 ], [ -100.287212360427105, 25.735552137195107 ], [ -100.287086202667552, 25.735555092532998 ], [ -100.286949286351529, 25.735566587835507 ], [ -100.286827784324487, 25.735421619915559 ], [ -100.286866489996001, 25.735371016906367 ], [ -100.287015090523241, 25.734561816636489 ], [ -100.287047401683424, 25.734385862311516 ], [ -100.287133061651971, 25.734109843642578 ], [ -100.28742565748901, 25.733092676670264 ], [ -100.287517234844358, 25.732845987029574 ], [ -100.287908138646017, 25.732021960344774 ], [ -100.288038343999816, 25.731671203268981 ], [ -100.288469023410656, 25.730631932354459 ], [ -100.288624930234391, 25.730255682314127 ], [ -100.288844320844973, 25.72974324947759 ] ] ] ] } },
{ "type": "Feature", "properties": { "CVEGEO": "1904600010146", "CVE_ENT": "19", "CVE_MUN": "046", "CVE_LOC": "0001", "CVE_ASEN": "0146", "CP": "66478", "FECHA_ACT": "11\/2022", "INSTITUCIO": "SECRETARÍA OBRAS PÚBLICAS Y DESARROLLO URBANO DEL MUNICIPIO DE SAN NICOLÁS DE LOS GARZA", "NOM_ASEN": "PRIVADAS DE CASA BLANCA", "TIPO": "COLONIA", "Shape_Leng": 878.81216435600004, "Shape_Area": 38889.383898100001 }, "geometry": { "type": "MultiPolygon", "coordinates": [ [ [ [ -100.237319627627386, 25.736025105184304 ], [ -100.237518513514701, 25.73623075395718 ], [ -100.236275577049554, 25.737291174767787 ], [ -100.23593318937516, 25.736968480083757 ], [ -100.235067060047513, 25.7361630839975 ], [ -100.234641892315736, 25.735729673571466 ], [ -100.235202442875817, 25.735234990018437 ], [ -100.235380506268413, 25.735351203368776 ], [ -100.235683553073585, 25.7356039989671 ], [ -100.235919918428536, 25.735076866387431 ], [ -100.236101547683376, 25.734703093896453 ], [ -100.236130316418254, 25.734779753785268 ], [ -100.236246583629722, 25.734868074743144 ], [ -100.236409914269657, 25.734992144448192 ], [ -100.236428915648673, 25.735006841034046 ], [ -100.23659148821524, 25.735128355207394 ], [ -100.236771491769844, 25.73531934614013 ], [ -100.237071180557109, 25.735749953481676 ], [ -100.237319627627386, 25.736025105184304 ] ] ] ] } },
{ "type": "Feature", "properties": { "CVEGEO": "1904600010147", "CVE_ENT": "19", "CVE_MUN": "046", "CVE_LOC": "0001", "CVE_ASEN": "0147", "CP": "66446", "FECHA_ACT": "11\/2022", "INSTITUCIO": "SECRETARÍA OBRAS PÚBLICAS Y DESARROLLO URBANO DEL MUNICIPIO DE SAN NICOLÁS DE LOS GARZA", "NOM_ASEN": "REAL ANÁHUAC", "TIPO": "FRACCIONAMIENTO", "Shape_Leng": 1161.8646783300001, "Shape_Area": 68849.867665500002 }, "geometry": { "type": "MultiPolygon", "coordinates": [ [ [ [ -100.262880223318106, 25.737261269683867 ], [ -100.262406478400194, 25.737176202480569 ], [ -100.262371620796813, 25.737176070291156 ], [ -100.262331742358057, 25.737175917460483 ], [ -100.26000196667097, 25.736824693876304 ], [ -100.259954356497104, 25.736817282873012 ], [ -100.259457649266452, 25.736713179397128 ], [ -100.259385093050128, 25.736679752242246 ], [ -100.259895907221647, 25.736487076917516 ], [ -100.259930189671991, 25.736474214087785 ], [ -100.25983987837688, 25.73631648171618 ], [ -100.260170968625374, 25.735146918679391 ], [ -100.260173471828821, 25.735117559130291 ], [ -100.260457581141623, 25.735032436077141 ], [ -100.260449796458559, 25.735097250594251 ], [ -100.261513952559298, 25.735172535748116 ], [ -100.261744596295699, 25.735196885117695 ], [ -100.262295612820111, 25.735303068745626 ], [ -100.262443667931805, 25.735387920538958 ], [ -100.262532879542903, 25.735440664225493 ], [ -100.262630922465902, 25.735403725536806 ], [ -100.262680409502138, 25.735440291234269 ], [ -100.263672450698209, 25.736169549826627 ], [ -100.263703553741848, 25.736194329287031 ], [ -100.263910317843042, 25.736132677874494 ], [ -100.263908409239193, 25.736323130182786 ], [ -100.26391063522135, 25.736375514270716 ], [ -100.263780389939271, 25.736421636893851 ], [ -100.262880223318106, 25.737261269683867 ] ] ] ] } },
{ "type": "Feature", "properties": { "CVEGEO": "1904600010148", "CVE_ENT": "19", "CVE_MUN": "046", "CVE_LOC": "0001", "CVE_ASEN": "0148", "CP": "66457", "FECHA_ACT": "11\/2022", "INSTITUCIO": "SECRETARÍA OBRAS PÚBLICAS Y DESARROLLO URBANO DEL MUNICIPIO DE SAN NICOLÁS DE LOS GARZA", "NOM_ASEN": "RESIDENCIAL ANÁHUAC PRIMER SECTOR", "TIPO": "COLONIA", "Shape_Leng": 1786.5068255399999, "Shape_Area": 173260.979727 }, "geometry": { "type": "MultiPolygon", "coordinates": [ [ [ [ -100.310127546298745, 25.748364351598578 ], [ -100.310190467186302, 25.748205272293568 ], [ -100.310303503541178, 25.747911271675353 ], [ -100.310491376634815, 25.747409433317273 ], [ -100.310641162787007, 25.747029006779361 ], [ -100.310808320920927, 25.746600447833533 ], [ -100.310987115410015, 25.746146919739925 ], [ -100.311069669110381, 25.7459391748373 ], [ -100.311516293472806, 25.744747146791418 ], [ -100.311603646303638, 25.74450752082678 ], [ -100.312367338670512, 25.744754867688844 ], [ -100.312507322083903, 25.744792361836069 ], [ -100.312639991609259, 25.744776450138282 ], [ -100.312951351564962, 25.744653388495415 ], [ -100.313114691927964, 25.744596148419827 ], [ -100.313604273854679, 25.744379664009116 ], [ -100.313691498406627, 25.744351543603003 ], [ -100.313895170186441, 25.744268770323426 ], [ -100.314264049535225, 25.744234250084848 ], [ -100.314660156084997, 25.744289298121107 ], [ -100.316053861002231, 25.744471909749493 ], [ -100.315983773789796, 25.744920859688143 ], [ -100.31590319601338, 25.745404844876809 ], [ -100.315783804984932, 25.746546091285868 ], [ -100.315192630951131, 25.746750356997055 ], [ -100.314638538203809, 25.746959560099381 ], [ -100.314537787860203, 25.747005441103759 ], [ -100.313041212216064, 25.747699807236284 ], [ -100.312900923714963, 25.747768198430936 ], [ -100.312617057202459, 25.747900521069575 ], [ -100.312529654384818, 25.74794031013667 ], [ -100.312011168723032, 25.748178466397142 ], [ -100.311639372221364, 25.748343952933883 ], [ -100.310886753370767, 25.748685047087744 ], [ -100.310551512739295, 25.748747681450588 ], [ -100.31040584945174, 25.748727865936925 ], [ -100.310326350607284, 25.748685179875565 ], [ -100.310276281580698, 25.748622509272824 ], [ -100.310127546298745, 25.748364351598578 ] ] ] ] } },
{ "type": "Feature", "properties": { "CVEGEO": "1904600010149", "CVE_ENT": "19", "CVE_MUN": "046", "CVE_LOC": "0001", "CVE_ASEN": "0149", "CP": "66457", "FECHA_ACT": "11\/2022", "INSTITUCIO": "SECRETARÍA OBRAS PÚBLICAS Y DESARROLLO URBANO DEL MUNICIPIO DE SAN NICOLÁS DE LOS GARZA", "NOM_ASEN": "RESIDENCIAL ANÁHUAC SEGUNDO SECTOR", "TIPO": "COLONIA", "Shape_Leng": 1082.69567927, "Shape_Area": 66231.733878200001 }, "geometry": { "type": "MultiPolygon", "coordinates": [ [ [ [ -100.315128962275509, 25.742021058364699 ], [ -100.314722550400262, 25.74200491982818 ], [ -100.314589710082274, 25.741936449735661 ], [ -100.314450450355935, 25.741783419716064 ], [ -100.314363600373156, 25.741657350213167 ], [ -100.314330004174934, 25.741610094373957 ], [ -100.314004462745672, 25.741126874904616 ], [ -100.313754032641867, 25.74091897603072 ], [ -100.313739499835364, 25.740913566112997 ], [ -100.31394373251085, 25.740324895847731 ], [ -100.314110619034878, 25.739841220883193 ], [ -100.314743020193461, 25.740080240962214 ], [ -100.315161411772664, 25.740109771879421 ], [ -100.315197664862808, 25.739638118420004 ], [ -100.315216804677078, 25.739400444864859 ], [ -100.31657510605433, 25.739509825303035 ], [ -100.316717284273011, 25.73952126663632 ], [ -100.316722380390758, 25.739739659363423 ], [ -100.316696751761995, 25.740226635500065 ], [ -100.316670538990067, 25.740687888168914 ], [ -100.316643281719365, 25.741177020691335 ], [ -100.316569081312849, 25.741622731147263 ], [ -100.316489155794443, 25.742096125629992 ], [ -100.316304687439796, 25.742082910266436 ], [ -100.315128962275509, 25.742021058364699 ] ] ] ] } },
{ "type": "Feature", "properties": { "CVEGEO": "1904600010150", "CVE_ENT": "19", "CVE_MUN": "046", "CVE_LOC": "0001", "CVE_ASEN": "0150", "CP": "66457", "FECHA_ACT": "11\/2022", "INSTITUCIO": "SECRETARÍA OBRAS PÚBLICAS Y DESARROLLO URBANO DEL MUNICIPIO DE SAN NICOLÁS DE LOS GARZA", "NOM_ASEN": "RESIDENCIAL ANÁHUAC TERCER SECTOR", "TIPO": "COLONIA", "Shape_Leng": 1207.1261053799999, "Shape_Area": 70325.727421999996 }, "geometry": { "type": "MultiPolygon", "coordinates": [ [ [ [ -100.314743020193461, 25.740080240962214 ], [ -100.314785218220919, 25.73968848139101 ], [ -100.314234650674763, 25.739484430405099 ], [ -100.314472814937957, 25.738799315846361 ], [ -100.313708637558705, 25.738566732991394 ], [ -100.313833932450436, 25.738219232726177 ], [ -100.314042803004781, 25.73763796990421 ], [ -100.31424353655774, 25.737081988780488 ], [ -100.314446467532136, 25.737094445419089 ], [ -100.31540630307228, 25.737164023337748 ], [ -100.316393313470925, 25.737235337387343 ], [ -100.316751909820809, 25.737250490103211 ], [ -100.316741075614985, 25.73739730743662 ], [ -100.316736536300866, 25.737861882622589 ], [ -100.3167281529375, 25.738341878420403 ], [ -100.3167274882897, 25.738811767745627 ], [ -100.31671163335281, 25.739279539011594 ], [ -100.316717284273011, 25.73952126663632 ], [ -100.31657510605433, 25.739509825303035 ], [ -100.315216804677078, 25.739400444864859 ], [ -100.315197664862808, 25.739638118420004 ], [ -100.315161411772664, 25.740109771879421 ], [ -100.314743020193461, 25.740080240962214 ] ] ] ] } },
{ "type": "Feature", "properties": { "CVEGEO": "1904600010151", "CVE_ENT": "19", "CVE_MUN": "046", "CVE_LOC": "0001", "CVE_ASEN": "0151", "CP": "66457", "FECHA_ACT": "11\/2022", "INSTITUCIO": "SECRETARÍA OBRAS PÚBLICAS Y DESARROLLO URBANO DEL MUNICIPIO DE SAN NICOLÁS DE LOS GARZA", "NOM_ASEN": "RESIDENCIAL ANÁHUAC CUARTO SECTOR", "TIPO": "COLONIA", "Shape_Leng": 778.56175292800003, "Shape_Area": 22359.033187100002 }, "geometry": { "type": "MultiPolygon", "coordinates": [ [ [ [ -100.314110619034878, 25.739841220883193 ], [ -100.31394373251085, 25.740324895847731 ], [ -100.313739499835364, 25.740913566112997 ], [ -100.312974031474027, 25.740661859622644 ], [ -100.313190291977705, 25.740032512381095 ], [ -100.313401994245737, 25.739438303993538 ], [ -100.313606676993302, 25.738853318874412 ], [ -100.313708637558705, 25.738566732991394 ], [ -100.314472814937957, 25.738799315846361 ], [ -100.314234650674763, 25.739484430405099 ], [ -100.314785218220919, 25.73968848139101 ], [ -100.314743020193461, 25.740080240962214 ], [ -100.314110619034878, 25.739841220883193 ] ] ] ] } },
{ "type": "Feature", "properties": { "CVEGEO": "1904600010152", "CVE_ENT": "19", "CVE_MUN": "046", "CVE_LOC": "0001", "CVE_ASEN": "0152", "CP": "66457", "FECHA_ACT": "11\/2022", "INSTITUCIO": "SECRETARÍA OBRAS PÚBLICAS Y DESARROLLO URBANO DEL MUNICIPIO DE SAN NICOLÁS DE LOS GARZA", "NOM_ASEN": "RESIDENCIAL ANÁHUAC QUINTO SECTOR", "TIPO": "COLONIA", "Shape_Leng": 808.79030324300004, "Shape_Area": 34845.959295699999 }, "geometry": { "type": "MultiPolygon", "coordinates": [ [ [ [ -100.314660156084997, 25.744289298121107 ], [ -100.314685337509715, 25.744101554698659 ], [ -100.314733551946134, 25.743840380985652 ], [ -100.314773584225264, 25.743813080121285 ], [ -100.314881094677716, 25.743826729934995 ], [ -100.31497170969314, 25.743178569643238 ], [ -100.315065314332344, 25.742506617563755 ], [ -100.315128962275509, 25.742021058364699 ], [ -100.316304687439796, 25.742082910266436 ], [ -100.316489155794443, 25.742096125629992 ], [ -100.31640954181016, 25.742574181552239 ], [ -100.316149879521376, 25.743998949614703 ], [ -100.316053861002231, 25.744471909749493 ], [ -100.314660156084997, 25.744289298121107 ] ] ] ] } },
{ "type": "Feature", "properties": { "CVEGEO": "1904600010153", "CVE_ENT": "19", "CVE_MUN": "046", "CVE_LOC": "0001", "CVE_ASEN": "0153", "CP": "66457", "FECHA_ACT": "11\/2022", "INSTITUCIO": "SECRETARÍA OBRAS PÚBLICAS Y DESARROLLO URBANO DEL MUNICIPIO DE SAN NICOLÁS DE LOS GARZA", "NOM_ASEN": "RESIDENCIAL ANÁHUAC ZONA NORTE", "TIPO": "COLONIA", "Shape_Leng": 1105.0184594100001, "Shape_Area": 46321.631633600002 }, "geometry": { "type": "MultiPolygon", "coordinates": [ [ [ [ -100.310886753370767, 25.748685047087744 ], [ -100.311639372221364, 25.748343952933883 ], [ -100.312011168723032, 25.748178466397142 ], [ -100.312529654384818, 25.74794031013667 ], [ -100.312617057202459, 25.747900521069575 ], [ -100.312900923714963, 25.747768198430936 ], [ -100.313041212216064, 25.747699807236284 ], [ -100.314537787860203, 25.747005441103759 ], [ -100.314638538203809, 25.746959560099381 ], [ -100.315192630951131, 25.746750356997055 ], [ -100.315194711677051, 25.747006936301243 ], [ -100.315175750964556, 25.747239899378339 ], [ -100.315141458141483, 25.747430415189029 ], [ -100.314936841386313, 25.748393219204569 ], [ -100.314874884201501, 25.748687649464298 ], [ -100.314815563236465, 25.748689653016068 ], [ -100.312773521627264, 25.748766394067015 ], [ -100.312720161763792, 25.748728600686459 ], [ -100.312690696906131, 25.748727416023424 ], [ -100.312253948933048, 25.748723442063316 ], [ -100.312214940656744, 25.748726657916734 ], [ -100.312181699513445, 25.748728757950531 ], [ -100.311724599958723, 25.748759379672027 ], [ -100.311695669357974, 25.748761318764895 ], [ -100.311615781887411, 25.748768833144602 ], [ -100.311339045290822, 25.748779857326095 ], [ -100.3111028435099, 25.748777788244873 ], [ -100.310929199233541, 25.748782990807499 ], [ -100.310921844925446, 25.748786322661985 ], [ -100.310886753370767, 25.748685047087744 ] ] ] ] } },
{ "type": "Feature", "properties": { "CVEGEO": "1904600010154", "CVE_ENT": "19", "CVE_MUN": "046", "CVE_LOC": "0001", "CVE_ASEN": "0154", "CP": "66448", "FECHA_ACT": "11\/2022", "INSTITUCIO": "SECRETARÍA OBRAS PÚBLICAS Y DESARROLLO URBANO DEL MUNICIPIO DE SAN NICOLÁS DE LOS GARZA", "NOM_ASEN": "ARBOLEDAS DE SANTO DOMINGO", "TIPO": "COLONIA", "Shape_Leng": 1492.4890322599999, "Shape_Area": 142682.42117399999 }, "geometry": { "type": "MultiPolygon", "coordinates": [ [ [ [ -100.250518583760496, 25.750175012293354 ], [ -100.250323323551939, 25.750075613074245 ], [ -100.250078944832993, 25.749865114149067 ], [ -100.249816755514018, 25.74956962452606 ], [ -100.24976668151821, 25.749441369387558 ], [ -100.249237170591371, 25.748789827543654 ], [ -100.249129119121463, 25.748516484289834 ], [ -100.249358230073028, 25.748091909647115 ], [ -100.2495787491996, 25.747665510830309 ], [ -100.24979591850331, 25.747240551147073 ], [ -100.249980264423556, 25.746888061307033 ], [ -100.25005751387954, 25.746705192154398 ], [ -100.250160032944791, 25.746513834204993 ], [ -100.25021602934126, 25.746519260070311 ], [ -100.251141969315654, 25.746913821098211 ], [ -100.251196738639521, 25.746916379639135 ], [ -100.251613819432862, 25.747118110709128 ], [ -100.251677477891391, 25.747106848409228 ], [ -100.252538782570397, 25.747523521979684 ], [ -100.253467428736641, 25.747940416413016 ], [ -100.253870131978033, 25.74813415351084 ], [ -100.253644251268696, 25.748492836776165 ], [ -100.253497823522963, 25.748851632238321 ], [ -100.253424515457894, 25.749093345966468 ], [ -100.253381904795219, 25.749233828936386 ], [ -100.253372859371936, 25.749278643710394 ], [ -100.253298993083888, 25.749646128155948 ], [ -100.253265263246078, 25.74984367569763 ], [ -100.253201888759122, 25.750054448559105 ], [ -100.253054757800655, 25.750438645866456 ], [ -100.253017841768695, 25.750483167631028 ], [ -100.252886104230583, 25.750794475875367 ], [ -100.252752661288724, 25.7511236637949 ], [ -100.252722350851229, 25.751164029932909 ], [ -100.252395882614138, 25.751033663790423 ], [ -100.252018280212837, 25.750872114136325 ], [ -100.251842369464867, 25.75079241909571 ], [ -100.251518573791344, 25.750643104394243 ], [ -100.250929629570606, 25.750378545363979 ], [ -100.250518583760496, 25.750175012293354 ] ] ] ] } },
{ "type": "Feature", "properties": { "CVEGEO": "1904600010155", "CVE_ENT": "19", "CVE_MUN": "046", "CVE_LOC": "0001", "CVE_ASEN": "0155", "CP": "66470", "FECHA_ACT": "11\/2022", "INSTITUCIO": "SECRETARÍA OBRAS PÚBLICAS Y DESARROLLO URBANO DEL MUNICIPIO DE SAN NICOLÁS DE LOS GARZA", "NOM_ASEN": "LOS MORALES", "TIPO": "RESIDENCIAL", "Shape_Leng": 910.46973186499997, "Shape_Area": 41243.900364699999 }, "geometry": { "type": "MultiPolygon", "coordinates": [ [ [ [ -100.233116240119017, 25.720385503101156 ], [ -100.233109988039232, 25.719745159993508 ], [ -100.233090175560903, 25.719321632025743 ], [ -100.233062533589262, 25.718919130179696 ], [ -100.233050646680809, 25.718720047712495 ], [ -100.233032422211664, 25.718274902815175 ], [ -100.232987330149399, 25.717799693024588 ], [ -100.232988163330972, 25.717361528705382 ], [ -100.232982607487145, 25.717319480602914 ], [ -100.232990298515148, 25.717159052400849 ], [ -100.233039934756775, 25.717168368248863 ], [ -100.234307830732945, 25.717412645999634 ], [ -100.23431383891409, 25.717552135099034 ], [ -100.23441827086927, 25.719620059867221 ], [ -100.234514542118589, 25.71980383835924 ], [ -100.23440586079461, 25.719848753813071 ], [ -100.234205377480066, 25.719933586413912 ], [ -100.233116240119017, 25.720385503101156 ] ] ] ] } },
{ "type": "Feature", "properties": { "CVEGEO": "1904600010156", "CVE_ENT": "19", "CVE_MUN": "046", "CVE_LOC": "0001", "CVE_ASEN": "0156", "CP": "66480", "FECHA_ACT": "11\/2022", "INSTITUCIO": "SECRETARÍA OBRAS PÚBLICAS Y DESARROLLO URBANO DEL MUNICIPIO DE SAN NICOLÁS DE LOS GARZA", "NOM_ASEN": "RESIDENCIAL NOGALAR", "TIPO": "COLONIA", "Shape_Leng": 1472.0738538099999, "Shape_Area": 95004.931893800007 }, "geometry": { "type": "MultiPolygon", "coordinates": [ [ [ [ -100.278618303629187, 25.72435116797838 ], [ -100.27782451430015, 25.723497547885387 ], [ -100.277800094419021, 25.72347095342089 ], [ -100.276662899172024, 25.722232466441618 ], [ -100.276629758654664, 25.72219543867045 ], [ -100.276591497370504, 25.722152684484207 ], [ -100.276453341281041, 25.721994839959397 ], [ -100.277122958196898, 25.721707222848501 ], [ -100.277155030936683, 25.721692789316265 ], [ -100.277188522415059, 25.721677834262252 ], [ -100.277505865737353, 25.721539179522388 ], [ -100.277441262590898, 25.72130308407759 ], [ -100.277432728252592, 25.721268597150665 ], [ -100.277425124179231, 25.721237957024428 ], [ -100.277135731532823, 25.720352226080255 ], [ -100.27713066407776, 25.720324361782833 ], [ -100.27712473347745, 25.720296651354619 ], [ -100.27682623707841, 25.71934934056145 ], [ -100.276919672015083, 25.719284303011229 ], [ -100.277025462053018, 25.719236522554557 ], [ -100.277088580900227, 25.719208268334842 ], [ -100.277723615320653, 25.719762820855486 ], [ -100.278462220906405, 25.720399985023885 ], [ -100.279388559747659, 25.721244538829758 ], [ -100.279416974081443, 25.721274279412143 ], [ -100.280070742584513, 25.721859544253768 ], [ -100.280151422271402, 25.721950376736775 ], [ -100.279867010448712, 25.72238298100255 ], [ -100.278776301392625, 25.724111316969548 ], [ -100.278618303629187, 25.72435116797838 ] ] ] ] } },
{ "type": "Feature", "properties": { "CVEGEO": "1904600010157", "CVE_ENT": "19", "CVE_MUN": "046", "CVE_LOC": "0001", "CVE_ASEN": "0157", "CP": "66464", "FECHA_ACT": "11\/2022", "INSTITUCIO": "SECRETARÍA OBRAS PÚBLICAS Y DESARROLLO URBANO DEL MUNICIPIO DE SAN NICOLÁS DE LOS GARZA", "NOM_ASEN": "RESIDENCIAL NOVA PRIMER SECTOR", "TIPO": "COLONIA", "Shape_Leng": 963.04530747199999, "Shape_Area": 29893.405579800001 }, "geometry": { "type": "MultiPolygon", "coordinates": [ [ [ [ -100.292051323810981, 25.739486111059858 ], [ -100.292397478136678, 25.739296529572513 ], [ -100.292793711403931, 25.739902666943063 ], [ -100.293641669779291, 25.739392854932021 ], [ -100.294182907541213, 25.740215835340713 ], [ -100.293966571952097, 25.740798701928441 ], [ -100.293561517148859, 25.741055653389129 ], [ -100.294220762834158, 25.741444553005646 ], [ -100.294088744142513, 25.741572784710804 ], [ -100.293742857301723, 25.742208745401967 ], [ -100.293311664521411, 25.741512331147241 ], [ -100.29326957756372, 25.74144435313363 ], [ -100.292275753591355, 25.739839193194442 ], [ -100.29221974012853, 25.739751230281556 ], [ -100.292203980456804, 25.739726482367615 ], [ -100.292185639330299, 25.739697603332012 ], [ -100.292051323810981, 25.739486111059858 ] ] ] ] } },
{ "type": "Feature", "properties": { "CVEGEO": "1904600010158", "CVE_ENT": "19", "CVE_MUN": "046", "CVE_LOC": "0001", "CVE_ASEN": "0158", "CP": "66420", "FECHA_ACT": "11\/2022", "INSTITUCIO": "SECRETARÍA OBRAS PÚBLICAS Y DESARROLLO URBANO DEL MUNICIPIO DE SAN NICOLÁS DE LOS GARZA", "NOM_ASEN": "RESIDENCIAL PERIFÉRICO PRIMER SECTOR", "TIPO": "COLONIA", "Shape_Leng": 2184.4013617000001, "Shape_Area": 107456.053567 }, "geometry": { "type": "MultiPolygon", "coordinates": [ [ [ [ -100.300429234162252, 25.750129130625453 ], [ -100.300585435328486, 25.749861935884127 ], [ -100.301207484976771, 25.749701296985851 ], [ -100.303716208629737, 25.749174694644324 ], [ -100.304583382183154, 25.74907538680522 ], [ -100.305530859246446, 25.748867675168853 ], [ -100.306182108336458, 25.748735701757823 ], [ -100.307282235720564, 25.748502745360973 ], [ -100.308064308402038, 25.748325855963028 ], [ -100.310303503541178, 25.747911271675353 ], [ -100.310190467186302, 25.748205272293568 ], [ -100.310127546298745, 25.748364351598578 ], [ -100.309991731181341, 25.748726220526805 ], [ -100.30984028629905, 25.749177170616498 ], [ -100.309576630238112, 25.749280077383197 ], [ -100.3093138283065, 25.74939304231582 ], [ -100.309236709662216, 25.749432006946805 ], [ -100.308909014342902, 25.749597579620879 ], [ -100.30883969094026, 25.749233379720945 ], [ -100.302043496251159, 25.750602997043423 ], [ -100.301012432189879, 25.750298647549027 ], [ -100.300429234162252, 25.750129130625453 ] ] ] ] } },
{ "type": "Feature", "properties": { "CVEGEO": "1904600010159", "CVE_ENT": "19", "CVE_MUN": "046", "CVE_LOC": "0001", "CVE_ASEN": "0159", "CP": "66635", "FECHA_ACT": "11\/2022", "INSTITUCIO": "SECRETARÍA OBRAS PÚBLICAS Y DESARROLLO URBANO DEL MUNICIPIO DE SAN NICOLÁS DE LOS GARZA", "NOM_ASEN": "POTRERO DE ANÁHUAC PRIMER SECTOR", "TIPO": "COLONIA", "Shape_Leng": 1061.28712668, "Shape_Area": 37752.985525299999 }, "geometry": { "type": "MultiPolygon", "coordinates": [ [ [ [ -100.294416204090382, 25.735960776154123 ], [ -100.295201882977793, 25.735495835243167 ], [ -100.295257389788219, 25.735468132495338 ], [ -100.295311268740548, 25.735509375415223 ], [ -100.295527245746371, 25.735618926609877 ], [ -100.295492793256585, 25.735673429524937 ], [ -100.295314662124753, 25.73588276413729 ], [ -100.297079163187675, 25.738347331989353 ], [ -100.296923171304186, 25.738693319247055 ], [ -100.296652153628543, 25.739294420392948 ], [ -100.296585055475546, 25.739433568269696 ], [ -100.296375989905343, 25.739072760282202 ], [ -100.296160140736774, 25.738728525123527 ], [ -100.296004240869578, 25.738473383806859 ], [ -100.295930881619157, 25.738355436794787 ], [ -100.295731456525289, 25.738057881440508 ], [ -100.295707858547189, 25.738019297500845 ], [ -100.295507066408447, 25.737697789427404 ], [ -100.295308062456741, 25.737372109900409 ], [ -100.295091879505478, 25.737043052402495 ], [ -100.294888745394474, 25.736714044328796 ], [ -100.294682183620324, 25.736380754199999 ], [ -100.294416204090382, 25.735960776154123 ] ] ] ] } },
{ "type": "Feature", "properties": { "CVEGEO": "1904600010160", "CVE_ENT": "19", "CVE_MUN": "046", "CVE_LOC": "0001", "CVE_ASEN": "0160", "CP": "66490", "FECHA_ACT": "11\/2022", "INSTITUCIO": "SECRETARÍA OBRAS PÚBLICAS Y DESARROLLO URBANO DEL MUNICIPIO DE SAN NICOLÁS DE LOS GARZA", "NOM_ASEN": "RESIDENCIAL RIVIERA PRIMER SECTOR", "TIPO": "COLONIA", "Shape_Leng": 875.71963780199997, "Shape_Area": 37033.6800745 }, "geometry": { "type": "MultiPolygon", "coordinates": [ [ [ [ -100.24428420405377, 25.707982505035861 ], [ -100.245410675971925, 25.707804457889488 ], [ -100.245496907044554, 25.708292352897846 ], [ -100.245568450765617, 25.708713843711283 ], [ -100.245643535204877, 25.709149051565333 ], [ -100.245719088170432, 25.709590379598851 ], [ -100.245788690898834, 25.709999937268901 ], [ -100.245860289544197, 25.710432256051295 ], [ -100.24588948978699, 25.710634937302125 ], [ -100.245844096139649, 25.710701124356831 ], [ -100.244756355378229, 25.710847265669631 ], [ -100.244725794937764, 25.710850251980691 ], [ -100.244690085759615, 25.710637403149398 ], [ -100.2447006144385, 25.710589463794125 ], [ -100.244678003256752, 25.71055135468054 ], [ -100.244621538979857, 25.710207870535225 ], [ -100.244662165306295, 25.710163841313872 ], [ -100.244606834731186, 25.709756545728965 ], [ -100.244566199104554, 25.709713165510987 ], [ -100.244502925058171, 25.709348431914737 ], [ -100.244515481864326, 25.709310664655366 ], [ -100.24445837641295, 25.70888807288155 ], [ -100.244418038050966, 25.708843315391551 ], [ -100.244293618842732, 25.708069963584023 ], [ -100.24428420405377, 25.707982505035861 ] ] ] ] } },
{ "type": "Feature", "properties": { "CVEGEO": "1904600010161", "CVE_ENT": "19", "CVE_MUN": "046", "CVE_LOC": "0001", "CVE_ASEN": "0161", "CP": "66414", "FECHA_ACT": "11\/2022", "INSTITUCIO": "SECRETARÍA OBRAS PÚBLICAS Y DESARROLLO URBANO DEL MUNICIPIO DE SAN NICOLÁS DE LOS GARZA", "NOM_ASEN": "RESIDENCIAL ROBLE PRIMER SECTOR", "TIPO": "COLONIA", "Shape_Leng": 678.08079624699997, "Shape_Area": 27241.617539399998 }, "geometry": { "type": "MultiPolygon", "coordinates": [ [ [ [ -100.277565737150169, 25.761633129045215 ], [ -100.277375557292416, 25.761559053968675 ], [ -100.27660797280241, 25.761275298243053 ], [ -100.276631998031903, 25.761236595501256 ], [ -100.276775683799556, 25.760926523511756 ], [ -100.276796563598623, 25.760887842743628 ], [ -100.276909086271615, 25.760552603587357 ], [ -100.276928363411784, 25.760514074053965 ], [ -100.277006703922126, 25.760258636954006 ], [ -100.27701320869582, 25.760200928950354 ], [ -100.277055462631679, 25.760125081912346 ], [ -100.277228603319301, 25.759920384347321 ], [ -100.277309287567576, 25.759874026060402 ], [ -100.277373893597513, 25.759841607400478 ], [ -100.277557924901473, 25.759691115248742 ], [ -100.277718141935551, 25.7595451582328 ], [ -100.277791955394491, 25.75959377374479 ], [ -100.278649695049538, 25.75981607431212 ], [ -100.278561290462662, 25.760011030127266 ], [ -100.27843111393635, 25.760298100801396 ], [ -100.278253908591495, 25.760671690955835 ], [ -100.278097197766471, 25.761011682074454 ], [ -100.277934453369497, 25.761348129958005 ], [ -100.277766248522141, 25.761711227164625 ], [ -100.277565737150169, 25.761633129045215 ] ] ] ] } },
{ "type": "Feature", "properties": { "CVEGEO": "1904600010162", "CVE_ENT": "19", "CVE_MUN": "046", "CVE_LOC": "0001", "CVE_ASEN": "0162", "CP": "66414", "FECHA_ACT": "11\/2022", "INSTITUCIO": "SECRETARÍA OBRAS PÚBLICAS Y DESARROLLO URBANO DEL MUNICIPIO DE SAN NICOLÁS DE LOS GARZA", "NOM_ASEN": "RESIDENCIAL ROBLE SEGUNDO SECTOR", "TIPO": "COLONIA", "Shape_Leng": 1267.22326481, "Shape_Area": 88766.247663000002 }, "geometry": { "type": "MultiPolygon", "coordinates": [ [ [ [ -100.281086769774262, 25.763512760523767 ], [ -100.281146701465985, 25.763535555927039 ], [ -100.283164178588848, 25.764302866020621 ], [ -100.283217873770482, 25.764311652658872 ], [ -100.283283602291647, 25.764316666051648 ], [ -100.284581910516849, 25.764316296235474 ], [ -100.284235062860077, 25.765003646607919 ], [ -100.284090145172399, 25.765391134608546 ], [ -100.283957206077844, 25.765740580843957 ], [ -100.283824760932831, 25.76608170067993 ], [ -100.283687839508943, 25.766433145881901 ], [ -100.283579233789268, 25.766677743162639 ], [ -100.283535255456698, 25.766665932891382 ], [ -100.282603784518656, 25.766417975314319 ], [ -100.282565521461336, 25.766345141426843 ], [ -100.282512258197059, 25.766313936835616 ], [ -100.282123029994807, 25.766168741303822 ], [ -100.281622268358532, 25.765980230731277 ], [ -100.280457545107353, 25.765531477233008 ], [ -100.279987146653369, 25.765351825715289 ], [ -100.280109800530894, 25.765107713268737 ], [ -100.280167192608388, 25.765016611362334 ], [ -100.280187863218345, 25.764979934257756 ], [ -100.280335193793775, 25.764740414033014 ], [ -100.280386845988787, 25.764659616533521 ], [ -100.280552181732574, 25.764395839236318 ], [ -100.280576872934972, 25.764354451300395 ], [ -100.280791394082769, 25.764011200708392 ], [ -100.280834200560321, 25.763973439581978 ], [ -100.281001452851527, 25.763674761744799 ], [ -100.281033814325326, 25.76359310700531 ], [ -100.281086769774262, 25.763512760523767 ] ] ] ] } },
{ "type": "Feature", "properties": { "CVEGEO": "1904600010163", "CVE_ENT": "19", "CVE_MUN": "046", "CVE_LOC": "0001", "CVE_ASEN": "0163", "CP": "66414", "FECHA_ACT": "11\/2022", "INSTITUCIO": "SECRETARÍA OBRAS PÚBLICAS Y DESARROLLO URBANO DEL MUNICIPIO DE SAN NICOLÁS DE LOS GARZA", "NOM_ASEN": "RESIDENCIAL ROBLE TERCER SECTOR", "TIPO": "COLONIA", "Shape_Leng": 1291.9056373400001, "Shape_Area": 57953.2324248 }, "geometry": { "type": "MultiPolygon", "coordinates": [ [ [ [ -100.283217873770482, 25.764311652658872 ], [ -100.283290012215545, 25.764126522699634 ], [ -100.283485219364565, 25.763767293910004 ], [ -100.28350498521317, 25.763730022443152 ], [ -100.283668683313181, 25.763430735506674 ], [ -100.283708255750454, 25.763360065774233 ], [ -100.283857046567931, 25.763089299524204 ], [ -100.283905349441241, 25.762994484231005 ], [ -100.284122055589222, 25.762605252036376 ], [ -100.284359714410982, 25.762617974074296 ], [ -100.284609520284619, 25.7626313443043 ], [ -100.28605505783645, 25.762711475828389 ], [ -100.286090606904096, 25.762664588447524 ], [ -100.287367954810506, 25.761178783041565 ], [ -100.287347597702038, 25.761720946235531 ], [ -100.287332252125381, 25.761762791890121 ], [ -100.287312908576695, 25.761815539816407 ], [ -100.287200874415603, 25.762228398179268 ], [ -100.287211808727676, 25.762308233232144 ], [ -100.286985183987639, 25.762716024496502 ], [ -100.286928128008171, 25.762818839985272 ], [ -100.286344735985651, 25.763868890578156 ], [ -100.286326381008095, 25.763901927522266 ], [ -100.286307569047452, 25.763933767740792 ], [ -100.286155020496892, 25.764188884381028 ], [ -100.285934578802127, 25.76412120494772 ], [ -100.284735445390211, 25.764012838614089 ], [ -100.284630058959351, 25.764220882348376 ], [ -100.284581910516849, 25.764316296235474 ], [ -100.283283602291647, 25.764316666051648 ], [ -100.283217873770482, 25.764311652658872 ] ] ] ] } },
{ "type": "Feature", "properties": { "CVEGEO": "1904600010164", "CVE_ENT": "19", "CVE_MUN": "046", "CVE_LOC": "0001", "CVE_ASEN": "0164", "CP": "66414", "FECHA_ACT": "11\/2022", "INSTITUCIO": "SECRETARÍA OBRAS PÚBLICAS Y DESARROLLO URBANO DEL MUNICIPIO DE SAN NICOLÁS DE LOS GARZA", "NOM_ASEN": "RESIDENCIAL ROBLE CUARTO SECTOR", "TIPO": "COLONIA", "Shape_Leng": 1181.03919455, "Shape_Area": 62503.413338699997 }, "geometry": { "type": "MultiPolygon", "coordinates": [ [ [ [ -100.287211808727676, 25.762308233232144 ], [ -100.287258945271702, 25.762809408134512 ], [ -100.287843980857815, 25.763724324309852 ], [ -100.28781795778923, 25.763770738181925 ], [ -100.287950510038073, 25.764171149993683 ], [ -100.287875766211087, 25.764171956431415 ], [ -100.288039520904022, 25.764610421364065 ], [ -100.288208579114809, 25.765086592174097 ], [ -100.287893272225347, 25.765657551207322 ], [ -100.287372923053695, 25.76568119908233 ], [ -100.286674137764962, 25.765684532313308 ], [ -100.286653163305829, 25.765745129529964 ], [ -100.286424927703194, 25.766207153603673 ], [ -100.285465690105212, 25.766177174239328 ], [ -100.28542379851892, 25.766168601425719 ], [ -100.285218160610611, 25.766139111201344 ], [ -100.285508104127146, 25.765387054066149 ], [ -100.285877764067379, 25.764661236183183 ], [ -100.285901577399486, 25.764620666926355 ], [ -100.286155020496892, 25.764188884381028 ], [ -100.286307569047452, 25.763933767740792 ], [ -100.286326381008095, 25.763901927522266 ], [ -100.286344735985651, 25.763868890578156 ], [ -100.286928128008171, 25.762818839985272 ], [ -100.286985183987639, 25.762716024496502 ], [ -100.287211808727676, 25.762308233232144 ] ] ] ] } },
{ "type": "Feature", "properties": { "CVEGEO": "1904600010165", "CVE_ENT": "19", "CVE_MUN": "046", "CVE_LOC": "0001", "CVE_ASEN": "0165", "CP": "66414", "FECHA_ACT": "11\/2022", "INSTITUCIO": "SECRETARÍA OBRAS PÚBLICAS Y DESARROLLO URBANO DEL MUNICIPIO DE SAN NICOLÁS DE LOS GARZA", "NOM_ASEN": "RESIDENCIAL ROBLE QUINTO SECTOR", "TIPO": "COLONIA", "Shape_Leng": 1228.1950820300001, "Shape_Area": 57401.3214467 }, "geometry": { "type": "MultiPolygon", "coordinates": [ [ [ [ -100.273715780034919, 25.762361059862741 ], [ -100.273914664023366, 25.762003414071764 ], [ -100.274108324498329, 25.761660542978461 ], [ -100.274322640202826, 25.761269191398757 ], [ -100.274517018937644, 25.760925620000222 ], [ -100.274708948522161, 25.760576334782446 ], [ -100.274915582834353, 25.760216316488329 ], [ -100.275118247740394, 25.759856445066937 ], [ -100.275305163302249, 25.759502850470181 ], [ -100.275483131936383, 25.759180311397255 ], [ -100.2755349099467, 25.759086480321386 ], [ -100.27566563581442, 25.758849553315169 ], [ -100.275876799966511, 25.759016650450938 ], [ -100.276010909833118, 25.759057199819015 ], [ -100.276066006326886, 25.759190201836091 ], [ -100.276486563061241, 25.759397411423329 ], [ -100.276551334975679, 25.759429322164006 ], [ -100.276452452352885, 25.759678502369599 ], [ -100.276438094161875, 25.759714378950861 ], [ -100.276425646704112, 25.759746051572147 ], [ -100.275516488833858, 25.762037049992831 ], [ -100.276242099540767, 25.762156037003027 ], [ -100.276147117573487, 25.762390952142201 ], [ -100.276141393462495, 25.762433425693835 ], [ -100.276013645361544, 25.762748464581357 ], [ -100.273715780034919, 25.762361059862741 ] ] ] ] } },
{ "type": "Feature", "properties": { "CVEGEO": "1904600010166", "CVE_ENT": "19", "CVE_MUN": "046", "CVE_LOC": "0001", "CVE_ASEN": "0166", "CP": "66414", "FECHA_ACT": "11\/2022", "INSTITUCIO": "SECRETARÍA OBRAS PÚBLICAS Y DESARROLLO URBANO DEL MUNICIPIO DE SAN NICOLÁS DE LOS GARZA", "NOM_ASEN": "VALLE DEL ROBLE", "TIPO": "COLONIA", "Shape_Leng": 1665.68808666, "Shape_Area": 98639.262739700003 }, "geometry": { "type": "MultiPolygon", "coordinates": [ [ [ [ -100.271152112904716, 25.758774505542277 ], [ -100.271393147151088, 25.75841639957768 ], [ -100.271663428326278, 25.75804744366495 ], [ -100.271720920874813, 25.758021407395166 ], [ -100.271759496010333, 25.75803312220236 ], [ -100.273435766894892, 25.758541989607632 ], [ -100.273471285655219, 25.75855278907467 ], [ -100.273365210036062, 25.75885247015739 ], [ -100.272911481363963, 25.758752065695166 ], [ -100.272821759538459, 25.759112495283759 ], [ -100.272722993758805, 25.759487617259971 ], [ -100.272677418182624, 25.759662415748174 ], [ -100.272624779368741, 25.759864314170859 ], [ -100.272577961372107, 25.760046806617702 ], [ -100.274344663954594, 25.760428858595251 ], [ -100.274304005536692, 25.760498474960887 ], [ -100.274708948522161, 25.760576334782446 ], [ -100.274517018937644, 25.760925620000222 ], [ -100.274322640202826, 25.761269191398757 ], [ -100.274108324498329, 25.761660542978461 ], [ -100.273914664023366, 25.762003414071764 ], [ -100.273715780034919, 25.762361059862741 ], [ -100.273473828120828, 25.76232087586736 ], [ -100.273324920854364, 25.762296146082154 ], [ -100.273027087030442, 25.762248601434546 ], [ -100.273285958086021, 25.761610800879829 ], [ -100.273088886904773, 25.761569617207538 ], [ -100.272231582528917, 25.76138819312818 ], [ -100.271482025083159, 25.761230836365588 ], [ -100.270828399534466, 25.761090878270181 ], [ -100.270384113237895, 25.760998052560957 ], [ -100.270473640541439, 25.760655093103075 ], [ -100.270498913753173, 25.760572147478499 ], [ -100.270531144481239, 25.760466454365755 ], [ -100.270586512860518, 25.760284884910892 ], [ -100.270613455012366, 25.7602025089185 ], [ -100.270647428167777, 25.760088855092565 ], [ -100.270700832292547, 25.759910204554448 ], [ -100.270727180981353, 25.759832068560971 ], [ -100.270757646380687, 25.759733307230192 ], [ -100.270816106310406, 25.759543818869599 ], [ -100.270836104441031, 25.759475788101462 ], [ -100.270873426352026, 25.759354624576883 ], [ -100.27094217002076, 25.759131450342569 ], [ -100.270973539644203, 25.759065254269302 ], [ -100.271152112904716, 25.758774505542277 ] ] ] ] } },
{ "type": "Feature", "properties": { "CVEGEO": "1904600010167", "CVE_ENT": "19", "CVE_MUN": "046", "CVE_LOC": "0001", "CVE_ASEN": "0167", "CP": "66414", "FECHA_ACT": "11\/2022", "INSTITUCIO": "SECRETARÍA OBRAS PÚBLICAS Y DESARROLLO URBANO DEL MUNICIPIO DE SAN NICOLÁS DE LOS GARZA", "NOM_ASEN": "RESIDENCIAL ROBLE SÉPTIMO SECTOR", "TIPO": "COLONIA", "Shape_Leng": 1170.2927610500001, "Shape_Area": 52458.287737600003 }, "geometry": { "type": "MultiPolygon", "coordinates": [ [ [ [ -100.280454945566291, 25.762740465760288 ], [ -100.281439942458874, 25.76308546492438 ], [ -100.281223048865058, 25.763351816596938 ], [ -100.281086769774262, 25.763512760523767 ], [ -100.281033814325326, 25.76359310700531 ], [ -100.281001452851527, 25.763674761744799 ], [ -100.280834200560321, 25.763973439581978 ], [ -100.280791394082769, 25.764011200708392 ], [ -100.280576872934972, 25.764354451300395 ], [ -100.280552181732574, 25.764395839236318 ], [ -100.280386845988787, 25.764659616533521 ], [ -100.280335193793775, 25.764740414033014 ], [ -100.280187863218345, 25.764979934257756 ], [ -100.280167192608388, 25.765016611362334 ], [ -100.280109800530894, 25.765107713268737 ], [ -100.279987146653369, 25.765351825715289 ], [ -100.279908711650975, 25.76550435395739 ], [ -100.279733455885932, 25.765868928200682 ], [ -100.279548889320068, 25.766252445850363 ], [ -100.279493854491022, 25.766384949641591 ], [ -100.279479021290584, 25.766424026420513 ], [ -100.27943789921413, 25.766392626167864 ], [ -100.278028998272191, 25.766063811793934 ], [ -100.278009762042359, 25.766059033264217 ], [ -100.278081023005413, 25.765929233208585 ], [ -100.278286628985086, 25.765547894045547 ], [ -100.27850326029079, 25.765174068086896 ], [ -100.278735803073971, 25.764794435816853 ], [ -100.27892574224839, 25.764421835461764 ], [ -100.278999854467045, 25.76424876998794 ], [ -100.279557546699536, 25.764379483338651 ], [ -100.279583475929002, 25.764301524858855 ], [ -100.279478424174201, 25.764144215367512 ], [ -100.279693978918559, 25.76375080841877 ], [ -100.279716662596257, 25.763707486862362 ], [ -100.280010207323159, 25.76338914328548 ], [ -100.280028251670416, 25.763334755042482 ], [ -100.280052142296356, 25.763310553092175 ], [ -100.280454945566291, 25.762740465760288 ] ] ] ] } },
{ "type": "Feature", "properties": { "CVEGEO": "1904600010168", "CVE_ENT": "19", "CVE_MUN": "046", "CVE_LOC": "0001", "CVE_ASEN": "0168", "CP": "66478", "FECHA_ACT": "11\/2022", "INSTITUCIO": "SECRETARÍA OBRAS PÚBLICAS Y DESARROLLO URBANO DEL MUNICIPIO DE SAN NICOLÁS DE LOS GARZA", "NOM_ASEN": "RESIDENCIAL SAN CRISTÓBAL PRIMER SECTOR", "TIPO": "COLONIA", "Shape_Leng": 882.44424613800004, "Shape_Area": 39951.072800900001 }, "geometry": { "type": "MultiPolygon", "coordinates": [ [ [ [ -100.217394399547501, 25.731996040117309 ], [ -100.217437886197246, 25.731997599984599 ], [ -100.217573260045384, 25.732003512136224 ], [ -100.217581201702885, 25.732002585683702 ], [ -100.2179001778387, 25.731982160298625 ], [ -100.217891469889523, 25.732133829208653 ], [ -100.217889498829663, 25.732168159245862 ], [ -100.217888313648672, 25.7322088544766 ], [ -100.217876402596787, 25.732617932081997 ], [ -100.217829839600881, 25.732653294862107 ], [ -100.21786662872772, 25.73295370707249 ], [ -100.217852001607696, 25.733114488207356 ], [ -100.217834945318913, 25.733318898303409 ], [ -100.217818165533174, 25.733585918907561 ], [ -100.217807985649245, 25.733734060914621 ], [ -100.217770466432881, 25.734193060134757 ], [ -100.216397513414719, 25.7343548648353 ], [ -100.216337116582451, 25.733918352517005 ], [ -100.216279972522116, 25.733515251091969 ], [ -100.216235074515538, 25.733155561050538 ], [ -100.216188714795081, 25.73279090757282 ], [ -100.216370953564507, 25.732768293464513 ], [ -100.216311478843281, 25.732369555362304 ], [ -100.216262399525959, 25.732374909835418 ], [ -100.216027360097172, 25.732414741748734 ], [ -100.216057030505667, 25.731984005218866 ], [ -100.216058890069874, 25.731977078446558 ], [ -100.216464985789258, 25.731984430683806 ], [ -100.217331824456878, 25.731993757395582 ], [ -100.217336069935428, 25.731993785240928 ], [ -100.217394399547501, 25.731996040117309 ] ] ] ] } },
{ "type": "Feature", "properties": { "CVEGEO": "1904600010169", "CVE_ENT": "19", "CVE_MUN": "046", "CVE_LOC": "0001", "CVE_ASEN": "0169", "CP": "66478", "FECHA_ACT": "11\/2022", "INSTITUCIO": "SECRETARÍA OBRAS PÚBLICAS Y DESARROLLO URBANO DEL MUNICIPIO DE SAN NICOLÁS DE LOS GARZA", "NOM_ASEN": "RESIDENCIAL SAN CRISTÓBAL SEGUNDO SECTOR", "TIPO": "COLONIA", "Shape_Leng": 916.25003975000004, "Shape_Area": 42928.480691899997 }, "geometry": { "type": "MultiPolygon", "coordinates": [ [ [ [ -100.216058890069874, 25.731977078446558 ], [ -100.216057030505667, 25.731984005218866 ], [ -100.216027360097172, 25.732414741748734 ], [ -100.216262399525959, 25.732374909835418 ], [ -100.216311478843281, 25.732369555362304 ], [ -100.216370953564507, 25.732768293464513 ], [ -100.216188714795081, 25.73279090757282 ], [ -100.216235074515538, 25.733155561050538 ], [ -100.216279972522116, 25.733515251091969 ], [ -100.216337116582451, 25.733918352517005 ], [ -100.216397513414719, 25.7343548648353 ], [ -100.214636365232934, 25.734576130938446 ], [ -100.214513051525643, 25.734608259964979 ], [ -100.214576474364051, 25.734139658132513 ], [ -100.214629994639836, 25.733730529718365 ], [ -100.214691245118999, 25.733346917325477 ], [ -100.214742979332755, 25.732969475840484 ], [ -100.214798807467915, 25.73256780326928 ], [ -100.214854578658873, 25.73218511370359 ], [ -100.214895060657156, 25.731946686312945 ], [ -100.21499110464795, 25.731949350950217 ], [ -100.215371957594797, 25.731964707886494 ], [ -100.215407131949306, 25.731966617243614 ], [ -100.215451861838091, 25.73196777262919 ], [ -100.216058890069874, 25.731977078446558 ] ] ] ] } },
{ "type": "Feature", "properties": { "CVEGEO": "1904600010170", "CVE_ENT": "19", "CVE_MUN": "046", "CVE_LOC": "0001", "CVE_ASEN": "0170", "CP": "66478", "FECHA_ACT": "11\/2022", "INSTITUCIO": "SECRETARÍA OBRAS PÚBLICAS Y DESARROLLO URBANO DEL MUNICIPIO DE SAN NICOLÁS DE LOS GARZA", "NOM_ASEN": "RESIDENCIAL SAN CRISTÓBAL TERCER SECTOR", "TIPO": "COLONIA", "Shape_Leng": 786.75004422400002, "Shape_Area": 32245.6843634 }, "geometry": { "type": "MultiPolygon", "coordinates": [ [ [ [ -100.214912355232187, 25.735962414922732 ], [ -100.214947508815669, 25.735902371665041 ], [ -100.215312963338363, 25.735278112211802 ], [ -100.215359481352138, 25.735304451881486 ], [ -100.215525613058375, 25.735317417028941 ], [ -100.215726974403921, 25.735305007185158 ], [ -100.216111494736822, 25.735255588498525 ], [ -100.216462999325003, 25.735200995271512 ], [ -100.216530464042222, 25.735190352244636 ], [ -100.216534326654767, 25.735340948718154 ], [ -100.21649938508034, 25.735439149059669 ], [ -100.216836948401109, 25.735609960713248 ], [ -100.217580196899291, 25.735993390851728 ], [ -100.217542672448502, 25.736319410552866 ], [ -100.217531551485905, 25.736404444555284 ], [ -100.217493173065193, 25.736691971905135 ], [ -100.217478200546935, 25.736813203009785 ], [ -100.217447818506812, 25.737081519108717 ], [ -100.217438582640881, 25.737231676708117 ], [ -100.217116487412795, 25.737071362557192 ], [ -100.215824525865173, 25.736428313670213 ], [ -100.215479384627358, 25.73624965782135 ], [ -100.215026032397333, 25.736020001875318 ], [ -100.214912355232187, 25.735962414922732 ] ] ] ] } },
{ "type": "Feature", "properties": { "CVEGEO": "1904600010171", "CVE_ENT": "19", "CVE_MUN": "046", "CVE_LOC": "0001", "CVE_ASEN": "0171", "CP": "66499", "FECHA_ACT": "11\/2022", "INSTITUCIO": "SECRETARÍA OBRAS PÚBLICAS Y DESARROLLO URBANO DEL MUNICIPIO DE SAN NICOLÁS DE LOS GARZA", "NOM_ASEN": "RESIDENCIAL SAN FELIPE", "TIPO": "COLONIA", "Shape_Leng": 726.83540663099996, "Shape_Area": 26506.208545000001 }, "geometry": { "type": "MultiPolygon", "coordinates": [ [ [ [ -100.259038664549777, 25.720435242853984 ], [ -100.259404120925367, 25.720097028524791 ], [ -100.259426506847234, 25.720076465814234 ], [ -100.260597307284357, 25.718997803014641 ], [ -100.260606293993447, 25.718989185292187 ], [ -100.260761098335649, 25.718841496265707 ], [ -100.260875842934354, 25.718951726132694 ], [ -100.261197710805021, 25.719528722744478 ], [ -100.261004083262293, 25.719633110889067 ], [ -100.261108034968231, 25.719800039438645 ], [ -100.260854182174995, 25.72000206858689 ], [ -100.261051559028161, 25.720435524056271 ], [ -100.259795497214427, 25.720914084883656 ], [ -100.259312674410168, 25.721079922334894 ], [ -100.259295452996156, 25.721035769816233 ], [ -100.259038664549777, 25.720435242853984 ] ] ] ] } },
{ "type": "Feature", "properties": { "CVEGEO": "1904600010173", "CVE_ENT": "19", "CVE_MUN": "046", "CVE_LOC": "0001", "CVE_ASEN": "0173", "CP": "00000", "FECHA_ACT": "11\/2022", "INSTITUCIO": "SECRETARÍA OBRAS PÚBLICAS Y DESARROLLO URBANO DEL MUNICIPIO DE SAN NICOLÁS DE LOS GARZA", "NOM_ASEN": "VILLA LUIS RESIDENCIAL", "TIPO": "COLONIA", "Shape_Leng": 2147.27475147, "Shape_Area": 51532.700501300002 }, "geometry": { "type": "MultiPolygon", "coordinates": [ [ [ [ -100.238851860436213, 25.719333862505572 ], [ -100.23897974656218, 25.719330739099426 ], [ -100.239286240339041, 25.72033510064405 ], [ -100.239539512280786, 25.721341645319079 ], [ -100.239518414577702, 25.721448808171516 ], [ -100.239613726648116, 25.721839220533163 ], [ -100.239668082151155, 25.722061875874331 ], [ -100.239852114486069, 25.722765217962891 ], [ -100.240028438098378, 25.723410954275707 ], [ -100.240116569390011, 25.723777144680049 ], [ -100.240223469465889, 25.724151942521662 ], [ -100.240303772173377, 25.724448595273028 ], [ -100.240318571626716, 25.724505520895875 ], [ -100.240410920301827, 25.724859864865863 ], [ -100.240509706979154, 25.725225374849636 ], [ -100.240630108276491, 25.725682907642852 ], [ -100.240703507990304, 25.725971846022087 ], [ -100.240801659789867, 25.726347389088588 ], [ -100.240841563595538, 25.726498932210667 ], [ -100.240904405067639, 25.726716515990333 ], [ -100.240989793278388, 25.727098538102982 ], [ -100.241074840552585, 25.727471758214389 ], [ -100.241248583740969, 25.728176613774114 ], [ -100.240797185875564, 25.72820833115766 ], [ -100.240458251102169, 25.726883969278607 ], [ -100.240315321028405, 25.726446630546146 ], [ -100.240219455312939, 25.72608175280785 ], [ -100.240130290495159, 25.725712702732661 ], [ -100.239916710365819, 25.724959771410827 ], [ -100.239640014270066, 25.723880472006371 ], [ -100.239560399328127, 25.723500397996265 ], [ -100.239346479629077, 25.723546114734212 ], [ -100.239157491581409, 25.72288169285212 ], [ -100.238985769359218, 25.722232383787375 ], [ -100.239259794143493, 25.722159865092284 ], [ -100.239080465892016, 25.721532317628636 ], [ -100.238985403131139, 25.721148171480689 ], [ -100.238970053493219, 25.721082414147201 ], [ -100.238895058289529, 25.720796431034508 ], [ -100.238803277036837, 25.720438416013419 ], [ -100.238671240029277, 25.719962566381323 ], [ -100.238571910454098, 25.719587480309091 ], [ -100.238515248809051, 25.719340093019728 ], [ -100.238851860436213, 25.719333862505572 ] ] ] ] } },
{ "type": "Feature", "properties": { "CVEGEO": "1904600010174", "CVE_ENT": "19", "CVE_MUN": "046", "CVE_LOC": "0001", "CVE_ASEN": "0174", "CP": "66460", "FECHA_ACT": "11\/2022", "INSTITUCIO": "SECRETARÍA OBRAS PÚBLICAS Y DESARROLLO URBANO DEL MUNICIPIO DE SAN NICOLÁS DE LOS GARZA", "NOM_ASEN": "RESIDENCIAL LAS PUENTES PRIMER SECTOR SECCIÓN A", "TIPO": "COLONIA", "Shape_Leng": 1036.56855563, "Shape_Area": 57319.301144800003 }, "geometry": { "type": "MultiPolygon", "coordinates": [ [ [ [ -100.278280647648543, 25.739162480645032 ], [ -100.27840640143414, 25.738850895425234 ], [ -100.278480108633204, 25.738676962511899 ], [ -100.278551642147193, 25.7384985253107 ], [ -100.278655610255186, 25.738241603854682 ], [ -100.278822632968698, 25.737826324476373 ], [ -100.280633828627131, 25.7384236818326 ], [ -100.281162787052509, 25.738607197398899 ], [ -100.281671085822566, 25.738787203605963 ], [ -100.28219013516069, 25.738971009017071 ], [ -100.281644231154829, 25.74033827727596 ], [ -100.280069742011392, 25.739781148266559 ], [ -100.280032350757452, 25.739772648025379 ], [ -100.279817844451586, 25.739698129501352 ], [ -100.278853211175473, 25.739363008988676 ], [ -100.278320001531796, 25.739176261453395 ], [ -100.278280647648543, 25.739162480645032 ] ] ] ] } },
{ "type": "Feature", "properties": { "CVEGEO": "1904600010175", "CVE_ENT": "19", "CVE_MUN": "046", "CVE_LOC": "0001", "CVE_ASEN": "0175", "CP": "66460", "FECHA_ACT": "11\/2022", "INSTITUCIO": "SECRETARÍA OBRAS PÚBLICAS Y DESARROLLO URBANO DEL MUNICIPIO DE SAN NICOLÁS DE LOS GARZA", "NOM_ASEN": "RESIDENCIAL LAS PUENTES QUINTO SECTOR SECCIÓN B", "TIPO": "COLONIA", "Shape_Leng": 1292.25732464, "Shape_Area": 58006.519680500001 }, "geometry": { "type": "MultiPolygon", "coordinates": [ [ [ [ -100.278606006159293, 25.734114843602519 ], [ -100.278590288993982, 25.734090081042634 ], [ -100.278634067843313, 25.734048599745947 ], [ -100.279698130900925, 25.733081735293702 ], [ -100.279823073006867, 25.733187656220725 ], [ -100.280129248833973, 25.733303975465866 ], [ -100.280403976543028, 25.733412660223948 ], [ -100.280569878517028, 25.733476051345328 ], [ -100.280573325061397, 25.7334403617464 ], [ -100.280784535986754, 25.733113647272841 ], [ -100.280954883391558, 25.733171629718605 ], [ -100.280831369907105, 25.733358405699668 ], [ -100.281460472396361, 25.733570418310762 ], [ -100.281261095201344, 25.733921023783758 ], [ -100.282457810838864, 25.734318580508578 ], [ -100.282378032792195, 25.734509492599031 ], [ -100.282270441200822, 25.734472204790158 ], [ -100.282242775488825, 25.734426251380931 ], [ -100.281582480334436, 25.734199090317766 ], [ -100.280939225031929, 25.735185787952926 ], [ -100.280738107952558, 25.735451016940722 ], [ -100.281006094167537, 25.735629550111963 ], [ -100.281077376953064, 25.735661878707557 ], [ -100.28089191616175, 25.736023599943881 ], [ -100.280793524884757, 25.736215395515654 ], [ -100.280147356757951, 25.735762866149162 ], [ -100.279129852783811, 25.734808453609133 ], [ -100.278647609540897, 25.734076494129866 ], [ -100.278606006159293, 25.734114843602519 ] ] ] ] } },
{ "type": "Feature", "properties": { "CVEGEO": "1904600010176", "CVE_ENT": "19", "CVE_MUN": "046", "CVE_LOC": "0001", "CVE_ASEN": "0176", "CP": "66499", "FECHA_ACT": "11\/2022", "INSTITUCIO": "SECRETARÍA OBRAS PÚBLICAS Y DESARROLLO URBANO DEL MUNICIPIO DE SAN NICOLÁS DE LOS GARZA", "NOM_ASEN": "RESIDENCIAL LOS MEZQUITES", "TIPO": "COLONIA", "Shape_Leng": 929.94763674000001, "Shape_Area": 40174.440807899999 }, "geometry": { "type": "MultiPolygon", "coordinates": [ [ [ [ -100.254485482276095, 25.724299410378219 ], [ -100.25481368945178, 25.724040579740279 ], [ -100.25493948139335, 25.723941336449641 ], [ -100.255003733927666, 25.723890644924719 ], [ -100.255022953873592, 25.723873374926168 ], [ -100.255332333015772, 25.723603745304413 ], [ -100.255436050014524, 25.723511821037278 ], [ -100.25547693361861, 25.723475585426808 ], [ -100.255607868376998, 25.723363058743637 ], [ -100.255897685207273, 25.723110155470962 ], [ -100.256207064789024, 25.722839773009518 ], [ -100.25664791451166, 25.722454490897249 ], [ -100.256700363358931, 25.72240311991618 ], [ -100.256779024305459, 25.722331602428866 ], [ -100.256847268448809, 25.722262558835727 ], [ -100.25689657496784, 25.722331786511276 ], [ -100.256913855472064, 25.724895597251063 ], [ -100.25680069935872, 25.724892051214287 ], [ -100.256756659990245, 25.72488661401524 ], [ -100.256726785781808, 25.724867415526756 ], [ -100.25663442306913, 25.724851194209982 ], [ -100.256184637785623, 25.724727714722174 ], [ -100.255777138620871, 25.72471420109979 ], [ -100.25572706753907, 25.724732317667399 ], [ -100.255684660042334, 25.7247352608325 ], [ -100.255400714046132, 25.724749340137731 ], [ -100.255242698421227, 25.72477534628317 ], [ -100.255155035885949, 25.724846368229915 ], [ -100.255149410524481, 25.724898397961486 ], [ -100.25476927567307, 25.725017658409769 ], [ -100.254648052294357, 25.724702475594665 ], [ -100.254623615344101, 25.724641934993794 ], [ -100.254515992135651, 25.724375300286287 ], [ -100.254498135960702, 25.724330112702035 ], [ -100.254486578054568, 25.724302068225448 ], [ -100.254485482276095, 25.724299410378219 ] ] ] ] } },
{ "type": "Feature", "properties": { "CVEGEO": "1904600010177", "CVE_ENT": "19", "CVE_MUN": "046", "CVE_LOC": "0001", "CVE_ASEN": "0177", "CP": "66425", "FECHA_ACT": "11\/2022", "INSTITUCIO": "SECRETARÍA OBRAS PÚBLICAS Y DESARROLLO URBANO DEL MUNICIPIO DE SAN NICOLÁS DE LOS GARZA", "NOM_ASEN": "TABACHINES", "TIPO": "COLONIA", "Shape_Leng": 1446.6505927799999, "Shape_Area": 92725.125453500004 }, "geometry": { "type": "MultiPolygon", "coordinates": [ [ [ [ -100.303206722178032, 25.758601550950118 ], [ -100.302167771371032, 25.758336604708919 ], [ -100.302018635846764, 25.758300718039877 ], [ -100.301648011724481, 25.758217025125735 ], [ -100.30158744404514, 25.757697875063919 ], [ -100.301587408020168, 25.757697566301626 ], [ -100.301536961435346, 25.757279907712618 ], [ -100.301536865447915, 25.757279129394099 ], [ -100.301465471190255, 25.756712156966579 ], [ -100.301696765088025, 25.756845245693544 ], [ -100.301742773644236, 25.756853702435269 ], [ -100.302156036374399, 25.756903862084215 ], [ -100.302204917443021, 25.756920825295808 ], [ -100.302714691521714, 25.756997967052818 ], [ -100.302754250419611, 25.757017128491995 ], [ -100.303080277935535, 25.757080280308216 ], [ -100.303700289352321, 25.757197790997797 ], [ -100.305472257691051, 25.757458765246412 ], [ -100.306715783312356, 25.75761984877111 ], [ -100.307074490127263, 25.75766935050925 ], [ -100.307003411741775, 25.757825991140628 ], [ -100.306931696205638, 25.758123070107853 ], [ -100.306891599492317, 25.758298970671255 ], [ -100.306652275152118, 25.759348825121819 ], [ -100.306226566453716, 25.759368850270249 ], [ -100.305354264033426, 25.759144363224348 ], [ -100.303206722178032, 25.758601550950118 ] ] ] ] } },
{ "type": "Feature", "properties": { "CVEGEO": "1904600010178", "CVE_ENT": "19", "CVE_MUN": "046", "CVE_LOC": "0001", "CVE_ASEN": "0178", "CP": "66430", "FECHA_ACT": "11\/2022", "INSTITUCIO": "SECRETARÍA OBRAS PÚBLICAS Y DESARROLLO URBANO DEL MUNICIPIO DE SAN NICOLÁS DE LOS GARZA", "NOM_ASEN": "RESIDENCIAL LOS ÁLAMOS", "TIPO": "COLONIA", "Shape_Leng": 527.00263268499998, "Shape_Area": 12568.647102299999 }, "geometry": { "type": "MultiPolygon", "coordinates": [ [ [ [ -100.281589569389979, 25.74934925169423 ], [ -100.281521006523093, 25.749096248530329 ], [ -100.281258169085064, 25.748117212150664 ], [ -100.281318391237022, 25.748048500474514 ], [ -100.281410790335784, 25.747864682725375 ], [ -100.281646911055887, 25.747675039756079 ], [ -100.281818231618004, 25.747577958030408 ], [ -100.282033336207192, 25.747509429944049 ], [ -100.282144151349954, 25.747795075451744 ], [ -100.282181378419622, 25.748071959123394 ], [ -100.282206628858404, 25.74819958080516 ], [ -100.282221982729496, 25.748255854166477 ], [ -100.282230408522693, 25.748291053587881 ], [ -100.282283693329575, 25.748429413421469 ], [ -100.281883751145415, 25.748596409915937 ], [ -100.281980220034512, 25.749040843429711 ], [ -100.281977914597704, 25.749286601609835 ], [ -100.281984288660098, 25.749414823821795 ], [ -100.281640314003141, 25.74937982752876 ], [ -100.281589569389979, 25.74934925169423 ] ] ] ] } },
{ "type": "Feature", "properties": { "CVEGEO": "1904600010179", "CVE_ENT": "19", "CVE_MUN": "046", "CVE_LOC": "0001", "CVE_ASEN": "0179", "CP": "66434", "FECHA_ACT": "11\/2022", "INSTITUCIO": "SECRETARÍA OBRAS PÚBLICAS Y DESARROLLO URBANO DEL MUNICIPIO DE SAN NICOLÁS DE LOS GARZA", "NOM_ASEN": "RIBERAS SAN NICOLÁS", "TIPO": "COLONIA", "Shape_Leng": 707.50873775699995, "Shape_Area": 33235.415454200003 }, "geometry": { "type": "MultiPolygon", "coordinates": [ [ [ [ -100.27791223415953, 25.75263450187192 ], [ -100.277516458691522, 25.752562490474354 ], [ -100.277505310594364, 25.752560451832363 ], [ -100.27718348084565, 25.752501733187639 ], [ -100.277149250119436, 25.752468683613678 ], [ -100.277022543396185, 25.752212496933211 ], [ -100.276967401938691, 25.75187316640497 ], [ -100.276892077234081, 25.751478785606867 ], [ -100.276958572332987, 25.751059530652658 ], [ -100.276967953756113, 25.75101596092291 ], [ -100.276975136851377, 25.750975786643263 ], [ -100.277008945078506, 25.750757021769431 ], [ -100.277835480101515, 25.75090210351561 ], [ -100.278860816113223, 25.751133588827713 ], [ -100.279052996259693, 25.751229004458374 ], [ -100.279064740837669, 25.751262284556518 ], [ -100.278969658048979, 25.751443974355709 ], [ -100.278878007058751, 25.751619102081388 ], [ -100.27886771451891, 25.751660882471171 ], [ -100.27878039766675, 25.751957240704474 ], [ -100.278605764166031, 25.752320289683936 ], [ -100.278322602579976, 25.752715417969814 ], [ -100.27791223415953, 25.75263450187192 ] ] ] ] } },
{ "type": "Feature", "properties": { "CVEGEO": "1904600010180", "CVE_ENT": "19", "CVE_MUN": "046", "CVE_LOC": "0001", "CVE_ASEN": "0180", "CP": "66465", "FECHA_ACT": "11\/2022", "INSTITUCIO": "SECRETARÍA OBRAS PÚBLICAS Y DESARROLLO URBANO DEL MUNICIPIO DE SAN NICOLÁS DE LOS GARZA", "NOM_ASEN": "RIVERAS DE LAS PUENTES PRIMER SECTOR", "TIPO": "COLONIA", "Shape_Leng": 769.54906504300004, "Shape_Area": 33133.376598700001 }, "geometry": { "type": "MultiPolygon", "coordinates": [ [ [ [ -100.284306287463124, 25.738291425488818 ], [ -100.284482096993386, 25.737727806162869 ], [ -100.284803112834126, 25.737817262356391 ], [ -100.284845923560113, 25.737827882717969 ], [ -100.28497326505601, 25.737424331842956 ], [ -100.285087973300904, 25.737065881677815 ], [ -100.285133529911434, 25.736914161562211 ], [ -100.285689224124155, 25.73704896628325 ], [ -100.286453875180996, 25.737240234864313 ], [ -100.286431442703446, 25.737382848900175 ], [ -100.286369475717692, 25.737770978274124 ], [ -100.286315008711398, 25.738181143606326 ], [ -100.286290934704056, 25.73832989649171 ], [ -100.286253675686268, 25.738588112571318 ], [ -100.286227486367508, 25.738751145946644 ], [ -100.286169931203474, 25.739109464039888 ], [ -100.285806966606955, 25.739058308337082 ], [ -100.285115907461332, 25.738741078528562 ], [ -100.284276175829532, 25.738386858849633 ], [ -100.284306287463124, 25.738291425488818 ] ] ] ] } },
{ "type": "Feature", "properties": { "CVEGEO": "1904600010181", "CVE_ENT": "19", "CVE_MUN": "046", "CVE_LOC": "0001", "CVE_ASEN": "0181", "CP": "66422", "FECHA_ACT": "11\/2022", "INSTITUCIO": "SECRETARÍA OBRAS PÚBLICAS Y DESARROLLO URBANO DEL MUNICIPIO DE SAN NICOLÁS DE LOS GARZA", "NOM_ASEN": "RINCÓN DE ANÁHUAC", "TIPO": "COLONIA", "Shape_Leng": 1518.30456065, "Shape_Area": 68418.538975200005 }, "geometry": { "type": "MultiPolygon", "coordinates": [ [ [ [ -100.308806292660904, 25.752185524798833 ], [ -100.308946138749079, 25.7517838204379 ], [ -100.309071777636731, 25.751419710426891 ], [ -100.309304458267832, 25.751478757510156 ], [ -100.309793913482181, 25.751602959708578 ], [ -100.311893068658193, 25.750210930272665 ], [ -100.312125576323353, 25.750053101267692 ], [ -100.312220825222838, 25.75020623912302 ], [ -100.312165492324297, 25.750607692041935 ], [ -100.312031010495787, 25.751047628364343 ], [ -100.311697004311171, 25.752140263648482 ], [ -100.313602256820758, 25.75249384451643 ], [ -100.314209723521003, 25.752612946954599 ], [ -100.314046940774674, 25.752742220694063 ], [ -100.313760626856663, 25.752926996475448 ], [ -100.313459741570284, 25.753057953528511 ], [ -100.31315932507394, 25.753131024505546 ], [ -100.312812930970154, 25.753153726939743 ], [ -100.312472525469119, 25.753116342624288 ], [ -100.312283970812473, 25.753096480048804 ], [ -100.312179720110805, 25.753072568143459 ], [ -100.311730631756319, 25.752960333566492 ], [ -100.311275385326539, 25.752842429546497 ], [ -100.309504112910446, 25.752376184183586 ], [ -100.309064829839414, 25.75225982002295 ], [ -100.308806292660904, 25.752185524798833 ] ] ] ] } },
{ "type": "Feature", "properties": { "CVEGEO": "1904600010182", "CVE_ENT": "19", "CVE_MUN": "046", "CVE_LOC": "0001", "CVE_ASEN": "0182", "CP": "66478", "FECHA_ACT": "11\/2022", "INSTITUCIO": "SECRETARÍA OBRAS PÚBLICAS Y DESARROLLO URBANO DEL MUNICIPIO DE SAN NICOLÁS DE LOS GARZA", "NOM_ASEN": "RINCON DE CASA BLANCA PRIMER SECTOR", "TIPO": "COLONIA", "Shape_Leng": 957.18374550099998, "Shape_Area": 58478.804525899999 }, "geometry": { "type": "MultiPolygon", "coordinates": [ [ [ [ -100.230262605533639, 25.732799202876695 ], [ -100.230093613681646, 25.73236939290242 ], [ -100.229942572101237, 25.731988054464985 ], [ -100.229804681726733, 25.731636092183876 ], [ -100.229649409326186, 25.731278611156618 ], [ -100.229653382054124, 25.731222382672733 ], [ -100.229561554504031, 25.730977681373023 ], [ -100.229498376507962, 25.730799251096172 ], [ -100.229470359354124, 25.730720109262741 ], [ -100.229570320025374, 25.730690442995858 ], [ -100.230477492248426, 25.730285690809712 ], [ -100.230503323754235, 25.730276265386273 ], [ -100.23073974019205, 25.73016969748959 ], [ -100.230778614847623, 25.730166492948335 ], [ -100.231117694521544, 25.730144373589308 ], [ -100.231211677241276, 25.730121543684238 ], [ -100.231612969471044, 25.730179463818857 ], [ -100.231717219036483, 25.730193054227847 ], [ -100.23202005125134, 25.73024214409449 ], [ -100.232178991908398, 25.730255858728935 ], [ -100.232389402725673, 25.730287099908615 ], [ -100.232314198679106, 25.730518698837976 ], [ -100.232306134155522, 25.730543533529094 ], [ -100.232207305542772, 25.730903599167988 ], [ -100.232104733140574, 25.731267203731601 ], [ -100.232012275708357, 25.731629511577999 ], [ -100.231904676765168, 25.732026405085435 ], [ -100.231769930985891, 25.732501029104839 ], [ -100.231661544534035, 25.732505777707125 ], [ -100.231423528880995, 25.732518168416686 ], [ -100.231123015842883, 25.732561950657107 ], [ -100.230752954253205, 25.732642059243954 ], [ -100.230262605533639, 25.732799202876695 ] ] ] ] } },
{ "type": "Feature", "properties": { "CVEGEO": "1904600010183", "CVE_ENT": "19", "CVE_MUN": "046", "CVE_LOC": "0001", "CVE_ASEN": "0183", "CP": "66478", "FECHA_ACT": "11\/2022", "INSTITUCIO": "SECRETARÍA OBRAS PÚBLICAS Y DESARROLLO URBANO DEL MUNICIPIO DE SAN NICOLÁS DE LOS GARZA", "NOM_ASEN": "RINCON DE CASA BLANCA SEGUNDO SECTOR", "TIPO": "COLONIA", "Shape_Leng": 1004.39790163, "Shape_Area": 61241.868191399997 }, "geometry": { "type": "MultiPolygon", "coordinates": [ [ [ [ -100.227269934472773, 25.731621483190647 ], [ -100.227632426769702, 25.731468366853349 ], [ -100.228016577030871, 25.731308932545296 ], [ -100.228398345511465, 25.731138305312431 ], [ -100.228799507721334, 25.730948719836626 ], [ -100.229212357752246, 25.730786093503525 ], [ -100.229252779103049, 25.730770228400633 ], [ -100.229381657533139, 25.730745847023965 ], [ -100.229470359354124, 25.730720109262741 ], [ -100.229498376507962, 25.730799251096172 ], [ -100.229561554504031, 25.730977681373023 ], [ -100.229653382054124, 25.731222382672733 ], [ -100.229649409326186, 25.731278611156618 ], [ -100.229804681726733, 25.731636092183876 ], [ -100.229942572101237, 25.731988054464985 ], [ -100.230093613681646, 25.73236939290242 ], [ -100.230262605533639, 25.732799202876695 ], [ -100.229887958769794, 25.732921461451031 ], [ -100.22953120767076, 25.733028617953316 ], [ -100.227664852968672, 25.733639649148852 ], [ -100.22752416195037, 25.733682886064084 ], [ -100.227477058858582, 25.733242539766916 ], [ -100.227462622781189, 25.733210839544142 ], [ -100.227344999775028, 25.731851090408885 ], [ -100.227269934472773, 25.731621483190647 ] ] ] ] } },
{ "type": "Feature", "properties": { "CVEGEO": "1904600010184", "CVE_ENT": "19", "CVE_MUN": "046", "CVE_LOC": "0001", "CVE_ASEN": "0184", "CP": "66470", "FECHA_ACT": "11\/2022", "INSTITUCIO": "SECRETARÍA OBRAS PÚBLICAS Y DESARROLLO URBANO DEL MUNICIPIO DE SAN NICOLÁS DE LOS GARZA", "NOM_ASEN": "RINCÓN DE ORIENTE", "TIPO": "COLONIA", "Shape_Leng": 657.92613830400001, "Shape_Area": 19677.204665599998 }, "geometry": { "type": "MultiPolygon", "coordinates": [ [ [ [ -100.247833455243878, 25.729981566755843 ], [ -100.248015694316379, 25.72982217506204 ], [ -100.248291637424543, 25.729569882375809 ], [ -100.248280984993173, 25.729786263023009 ], [ -100.24830304836803, 25.730247450878498 ], [ -100.24829419830256, 25.730316806526332 ], [ -100.248287123530076, 25.73039203748197 ], [ -100.248257856826896, 25.730863913234241 ], [ -100.248250998420943, 25.730946709214233 ], [ -100.248247725832442, 25.731032556140249 ], [ -100.248254763584114, 25.73152946592641 ], [ -100.248336448892459, 25.731682954349811 ], [ -100.247949187853791, 25.73196896937031 ], [ -100.247264481328415, 25.731171271773487 ], [ -100.246834063321714, 25.730695509678519 ], [ -100.247017436013195, 25.730657081827143 ], [ -100.247676244770275, 25.73011906603087 ], [ -100.247833455243878, 25.729981566755843 ] ] ] ] } },
{ "type": "Feature", "properties": { "CVEGEO": "1904600010185", "CVE_ENT": "19", "CVE_MUN": "046", "CVE_LOC": "0001", "CVE_ASEN": "0185", "CP": "66460", "FECHA_ACT": "11\/2022", "INSTITUCIO": "SECRETARÍA OBRAS PÚBLICAS Y DESARROLLO URBANO DEL MUNICIPIO DE SAN NICOLÁS DE LOS GARZA", "NOM_ASEN": "RINCÓN DE LAS PUENTES", "TIPO": "COLONIA", "Shape_Leng": 1370.2504429600001, "Shape_Area": 93450.495104000001 }, "geometry": { "type": "MultiPolygon", "coordinates": [ [ [ [ -100.28065614007744, 25.747250571425919 ], [ -100.281119071124394, 25.746413897767091 ], [ -100.281255684346164, 25.745973873866664 ], [ -100.281075588023782, 25.745905568459406 ], [ -100.281021055570605, 25.745885261980977 ], [ -100.280403650867612, 25.745652726858808 ], [ -100.281024279970623, 25.744521411921411 ], [ -100.281039501017148, 25.744493666967355 ], [ -100.281229356546632, 25.744531790107487 ], [ -100.282180618762425, 25.744669475089211 ], [ -100.282238335556997, 25.744683194641137 ], [ -100.283705035944124, 25.744978771469547 ], [ -100.283654358598568, 25.745219439421692 ], [ -100.284115866807014, 25.745302002941038 ], [ -100.284145641948626, 25.745474832160877 ], [ -100.284322005934172, 25.745581105045968 ], [ -100.284354694925923, 25.745600313895512 ], [ -100.284326538598975, 25.746287255803104 ], [ -100.284310689208866, 25.747565258336852 ], [ -100.284210506435301, 25.74748748175255 ], [ -100.283989791791328, 25.747383479256595 ], [ -100.283713815813186, 25.74731329533402 ], [ -100.283225649378394, 25.747258808181307 ], [ -100.282740496757356, 25.747176754993347 ], [ -100.28239470099021, 25.747176604535355 ], [ -100.281998010933947, 25.747217896964237 ], [ -100.281837449970624, 25.74728508038816 ], [ -100.28065614007744, 25.747250571425919 ] ] ] ] } },
{ "type": "Feature", "properties": { "CVEGEO": "1904600010186", "CVE_ENT": "19", "CVE_MUN": "046", "CVE_LOC": "0001", "CVE_ASEN": "0186", "CP": "66435", "FECHA_ACT": "11\/2022", "INSTITUCIO": "SECRETARÍA OBRAS PÚBLICAS Y DESARROLLO URBANO DEL MUNICIPIO DE SAN NICOLÁS DE LOS GARZA", "NOM_ASEN": "RINCÓN DE LOS CEDROS", "TIPO": "COLONIA", "Shape_Leng": 1070.26710581, "Shape_Area": 36192.758942599998 }, "geometry": { "type": "MultiPolygon", "coordinates": [ [ [ [ -100.273028329527946, 25.753768997946416 ], [ -100.273474807602739, 25.752784080519216 ], [ -100.274162688063157, 25.753001117719691 ], [ -100.274492116634875, 25.752931143062661 ], [ -100.274948295927103, 25.752797647635138 ], [ -100.275065488814391, 25.752760625467474 ], [ -100.275447793407693, 25.752552019340559 ], [ -100.275531612203579, 25.752500556832061 ], [ -100.276189844052894, 25.752200025533156 ], [ -100.275950575563641, 25.752171827277518 ], [ -100.276450927422374, 25.752071445657762 ], [ -100.276684918440282, 25.752104120700853 ], [ -100.276812039875594, 25.752141186973674 ], [ -100.277022543396185, 25.752212496933211 ], [ -100.277149250119436, 25.752468683613678 ], [ -100.276770612799595, 25.752573076617718 ], [ -100.276357196282646, 25.752708200058763 ], [ -100.275875069409395, 25.752946679091234 ], [ -100.275614597323781, 25.753188355808859 ], [ -100.275614370988279, 25.753188505719219 ], [ -100.275583232307554, 25.753209157200022 ], [ -100.275007001653677, 25.754082666699144 ], [ -100.274574655370699, 25.754013250948265 ], [ -100.274024197386382, 25.753923694922658 ], [ -100.273368519472299, 25.753823159801065 ], [ -100.273241795839468, 25.753803728920541 ], [ -100.273232867353855, 25.753802275611207 ], [ -100.273232476541793, 25.753802216023239 ], [ -100.273028329527946, 25.753768997946416 ] ] ] ] } },
{ "type": "Feature", "properties": { "CVEGEO": "1904600010187", "CVE_ENT": "19", "CVE_MUN": "046", "CVE_LOC": "0001", "CVE_ASEN": "0187", "CP": "66635", "FECHA_ACT": "11\/2022", "INSTITUCIO": "SECRETARÍA OBRAS PÚBLICAS Y DESARROLLO URBANO DEL MUNICIPIO DE SAN NICOLÁS DE LOS GARZA", "NOM_ASEN": "RINCÓN DE LOS ÁLAMOS", "TIPO": "COLONIA", "Shape_Leng": 479.77152215799998, "Shape_Area": 12327.0466572 }, "geometry": { "type": "MultiPolygon", "coordinates": [ [ [ [ -100.281800989681315, 25.750392800980247 ], [ -100.28178005047512, 25.750182456583357 ], [ -100.281659482709372, 25.749607239763389 ], [ -100.281589569389979, 25.74934925169423 ], [ -100.281640314003141, 25.74937982752876 ], [ -100.281984288660098, 25.749414823821795 ], [ -100.282326603244073, 25.749452072475375 ], [ -100.283150379278155, 25.74945836269643 ], [ -100.283107947037877, 25.749595961891487 ], [ -100.283082664833884, 25.749623389239364 ], [ -100.283064626723188, 25.74968194157869 ], [ -100.282928700474628, 25.749890787318723 ], [ -100.282866781753043, 25.749974346760272 ], [ -100.282750408571275, 25.750061235706465 ], [ -100.282445540529253, 25.750275147475467 ], [ -100.282390923392143, 25.750332276253012 ], [ -100.282258841719738, 25.750436432324566 ], [ -100.282220891288517, 25.750484203864499 ], [ -100.282196256478997, 25.750505060550591 ], [ -100.281800286610263, 25.750504237638101 ], [ -100.281800989681315, 25.750392800980247 ] ] ] ] } },
{ "type": "Feature", "properties": { "CVEGEO": "1904600010188", "CVE_ENT": "19", "CVE_MUN": "046", "CVE_LOC": "0001", "CVE_ASEN": "0188", "CP": "66485", "FECHA_ACT": "11\/2022", "INSTITUCIO": "SECRETARÍA OBRAS PÚBLICAS Y DESARROLLO URBANO DEL MUNICIPIO DE SAN NICOLÁS DE LOS GARZA", "NOM_ASEN": "RINCÓN DEL NOGALAR", "TIPO": "COLONIA", "Shape_Leng": 1310.2762669700001, "Shape_Area": 108127.135832 }, "geometry": { "type": "MultiPolygon", "coordinates": [ [ [ [ -100.273632962988188, 25.720224464888545 ], [ -100.273560740146877, 25.719954884412353 ], [ -100.276353067478624, 25.718535421342185 ], [ -100.276594404557102, 25.718746445291035 ], [ -100.276954977409602, 25.719061727675232 ], [ -100.276997141695176, 25.719124502349548 ], [ -100.277088580900227, 25.719208268334842 ], [ -100.277025462053018, 25.719236522554557 ], [ -100.276919672015083, 25.719284303011229 ], [ -100.27682623707841, 25.71934934056145 ], [ -100.27712473347745, 25.720296651354619 ], [ -100.27713066407776, 25.720324361782833 ], [ -100.277135731532823, 25.720352226080255 ], [ -100.277425124179231, 25.721237957024428 ], [ -100.277432728252592, 25.721268597150665 ], [ -100.277441262590898, 25.72130308407759 ], [ -100.277505865737353, 25.721539179522388 ], [ -100.277188522415059, 25.721677834262252 ], [ -100.277155030936683, 25.721692789316265 ], [ -100.277122958196898, 25.721707222848501 ], [ -100.276453341281041, 25.721994839959397 ], [ -100.275202922920215, 25.722588117741058 ], [ -100.275068632656343, 25.722437091388677 ], [ -100.274063773101403, 25.721306990614892 ], [ -100.273715081192549, 25.720923221347704 ], [ -100.273750776077577, 25.720837257074944 ], [ -100.273781431205933, 25.720763440848813 ], [ -100.273632962988188, 25.720224464888545 ] ] ] ] } },
{ "type": "Feature", "properties": { "CVEGEO": "1904600010189", "CVE_ENT": "19", "CVE_MUN": "046", "CVE_LOC": "0001", "CVE_ASEN": "0189", "CP": "66414", "FECHA_ACT": "11\/2022", "INSTITUCIO": "SECRETARÍA OBRAS PÚBLICAS Y DESARROLLO URBANO DEL MUNICIPIO DE SAN NICOLÁS DE LOS GARZA", "NOM_ASEN": "EL ROBLE SEGUNDO SECTOR", "TIPO": "COLONIA", "Shape_Leng": 1877.2496969599999, "Shape_Area": 149675.484933 }, "geometry": { "type": "MultiPolygon", "coordinates": [ [ [ [ -100.303088354612342, 25.746038710286999 ], [ -100.303382664560459, 25.744198843590997 ], [ -100.303956459067692, 25.742324087549221 ], [ -100.304110831690082, 25.742367161779924 ], [ -100.306639483934759, 25.742748852476289 ], [ -100.30902467208918, 25.743099712609368 ], [ -100.310294794978759, 25.743292999825339 ], [ -100.309748307452566, 25.743558806106698 ], [ -100.309400102558797, 25.743711917931602 ], [ -100.308592461558348, 25.744085336993578 ], [ -100.30781239131899, 25.744401492076232 ], [ -100.306992219097793, 25.744747239769588 ], [ -100.306204383686421, 25.745079350417406 ], [ -100.306096171556291, 25.74511334447693 ], [ -100.305294861353218, 25.745425524806222 ], [ -100.305186976349447, 25.745452828104586 ], [ -100.304355625818957, 25.745755769973591 ], [ -100.303312345320265, 25.746145505718697 ], [ -100.303059448690064, 25.746243151368553 ], [ -100.303088354612342, 25.746038710286999 ] ] ] ] } },
{ "type": "Feature", "properties": { "CVEGEO": "1904600010190", "CVE_ENT": "19", "CVE_MUN": "046", "CVE_LOC": "0001", "CVE_ASEN": "0190", "CP": "66458", "FECHA_ACT": "11\/2022", "INSTITUCIO": "SECRETARÍA OBRAS PÚBLICAS Y DESARROLLO URBANO DEL MUNICIPIO DE SAN NICOLÁS DE LOS GARZA", "NOM_ASEN": "ROBLE NORTE", "TIPO": "COLONIA", "Shape_Leng": 2912.1674405899998, "Shape_Area": 152567.44299400001 }, "geometry": { "type": "MultiPolygon", "coordinates": [ [ [ [ -100.311603646303638, 25.74450752082678 ], [ -100.311446118379436, 25.744356348947353 ], [ -100.310744679215674, 25.744568936946845 ], [ -100.307030364767456, 25.745806178255087 ], [ -100.306972977115834, 25.745825291879044 ], [ -100.306330283153642, 25.746039361735129 ], [ -100.306238231600531, 25.746070022270754 ], [ -100.30581361664683, 25.746211451961017 ], [ -100.302909498754204, 25.747166090918078 ], [ -100.302686246585139, 25.747239475842754 ], [ -100.300814985737489, 25.747864435900208 ], [ -100.300719020430932, 25.747633249678888 ], [ -100.300335819809405, 25.74676665020289 ], [ -100.300222927867154, 25.746561264504432 ], [ -100.300328168612012, 25.746273174701706 ], [ -100.302536384448558, 25.746317536903852 ], [ -100.302580830400004, 25.746320140241416 ], [ -100.302757697390177, 25.746310280432802 ], [ -100.303059448690064, 25.746243151368553 ], [ -100.303312345320265, 25.746145505718697 ], [ -100.304355625818957, 25.745755769973591 ], [ -100.305186976349447, 25.745452828104586 ], [ -100.305294861353218, 25.745425524806222 ], [ -100.306096171556291, 25.74511334447693 ], [ -100.306204383686421, 25.745079350417406 ], [ -100.306992219097793, 25.744747239769588 ], [ -100.30781239131899, 25.744401492076232 ], [ -100.308592461558348, 25.744085336993578 ], [ -100.309400102558797, 25.743711917931602 ], [ -100.309748307452566, 25.743558806106698 ], [ -100.310294794978759, 25.743292999825339 ], [ -100.311111155550662, 25.742890098615689 ], [ -100.311363028750904, 25.742759115012255 ], [ -100.311633972516418, 25.742617241746522 ], [ -100.311864483472149, 25.742505840216882 ], [ -100.311946583855715, 25.742472006439296 ], [ -100.312429353846881, 25.742255216915819 ], [ -100.31206257547646, 25.743300797188919 ], [ -100.31173901903388, 25.74415341943973 ], [ -100.311603646303638, 25.74450752082678 ] ] ] ] } },
{ "type": "Feature", "properties": { "CVEGEO": "1904600010191", "CVE_ENT": "19", "CVE_MUN": "046", "CVE_LOC": "0001", "CVE_ASEN": "0191", "CP": "66414", "FECHA_ACT": "11\/2022", "INSTITUCIO": "SECRETARÍA OBRAS PÚBLICAS Y DESARROLLO URBANO DEL MUNICIPIO DE SAN NICOLÁS DE LOS GARZA", "NOM_ASEN": "ROBLE SAN NICOLÁS PRIMER SECTOR", "TIPO": "COLONIA", "Shape_Leng": 1581.5776999499999, "Shape_Area": 110969.73698099999 }, "geometry": { "type": "MultiPolygon", "coordinates": [ [ [ [ -100.284609520284619, 25.7626313443043 ], [ -100.284791230318575, 25.762245080646263 ], [ -100.284592035501817, 25.762227843675916 ], [ -100.284703561709563, 25.76193521167481 ], [ -100.284794888017004, 25.761213428637411 ], [ -100.284918231777993, 25.761169402381658 ], [ -100.285044767611808, 25.761132122297532 ], [ -100.285122587061338, 25.760995057594616 ], [ -100.285313243014173, 25.760635232268033 ], [ -100.285474236743795, 25.760288603240173 ], [ -100.285639663810443, 25.759920187128987 ], [ -100.28580347318784, 25.759554668294268 ], [ -100.285858368278838, 25.759430372031627 ], [ -100.286140965059701, 25.758783840056562 ], [ -100.286259769380763, 25.758496893789989 ], [ -100.286540306518503, 25.757867545765382 ], [ -100.286622402920585, 25.757726247098571 ], [ -100.286850389127565, 25.758477636045416 ], [ -100.288089773867171, 25.758168616355807 ], [ -100.288208025312827, 25.758548464375568 ], [ -100.288341112421719, 25.758961026147297 ], [ -100.288606447692928, 25.759782511896255 ], [ -100.288185891556168, 25.759899250912152 ], [ -100.288054651755616, 25.760222111144902 ], [ -100.287656124326546, 25.760879582199191 ], [ -100.287556235278075, 25.760936063168526 ], [ -100.287367954810506, 25.761178783041565 ], [ -100.286090606904096, 25.762664588447524 ], [ -100.28605505783645, 25.762711475828389 ], [ -100.284609520284619, 25.7626313443043 ] ] ] ] } },
{ "type": "Feature", "properties": { "CVEGEO": "1904600010192", "CVE_ENT": "19", "CVE_MUN": "046", "CVE_LOC": "0001", "CVE_ASEN": "0192", "CP": "66486", "FECHA_ACT": "11\/2022", "INSTITUCIO": "SECRETARÍA OBRAS PÚBLICAS Y DESARROLLO URBANO DEL MUNICIPIO DE SAN NICOLÁS DE LOS GARZA", "NOM_ASEN": "SALVADOR ALLENDE", "TIPO": "COLONIA", "Shape_Leng": 1019.38979532, "Shape_Area": 32876.719438200002 }, "geometry": { "type": "MultiPolygon", "coordinates": [ [ [ [ -100.272182805742744, 25.714754557281164 ], [ -100.272254066729673, 25.714844872572804 ], [ -100.2723677775776, 25.714909367408993 ], [ -100.273007131703864, 25.715519118906577 ], [ -100.273016582127951, 25.715528411937658 ], [ -100.273232262498524, 25.715737003045149 ], [ -100.273457284157161, 25.715937238630083 ], [ -100.273851409737944, 25.716296158852202 ], [ -100.273539164024214, 25.716545463506176 ], [ -100.273801263786041, 25.718492313210024 ], [ -100.273533598443393, 25.718613235221572 ], [ -100.273190896189547, 25.718763297168195 ], [ -100.273003270223597, 25.718000072882365 ], [ -100.272783442183908, 25.717191332408582 ], [ -100.272637239141929, 25.716598126078622 ], [ -100.272571877131327, 25.716394497901653 ], [ -100.272146613383498, 25.71492133725728 ], [ -100.272182805742744, 25.714754557281164 ] ] ] ] } },
{ "type": "Feature", "properties": { "CVEGEO": "1904600010193", "CVE_ENT": "19", "CVE_MUN": "046", "CVE_LOC": "0001", "CVE_ASEN": "0193", "CP": "66430", "FECHA_ACT": "11\/2022", "INSTITUCIO": "SECRETARÍA OBRAS PÚBLICAS Y DESARROLLO URBANO DEL MUNICIPIO DE SAN NICOLÁS DE LOS GARZA", "NOM_ASEN": "SAN ANTONIO", "TIPO": "COLONIA", "Shape_Leng": 1152.75021825, "Shape_Area": 63465.681698100001 }, "geometry": { "type": "MultiPolygon", "coordinates": [ [ [ [ -100.274213420961146, 25.75137393696523 ], [ -100.274589720246411, 25.751557156151179 ], [ -100.274662649531493, 25.751613397132978 ], [ -100.27517527433244, 25.751846996157198 ], [ -100.275442307390037, 25.751969257596528 ], [ -100.275734862680011, 25.752103386033504 ], [ -100.275840074967178, 25.752142516488032 ], [ -100.275950575563641, 25.752171827277518 ], [ -100.276189844052894, 25.752200025533156 ], [ -100.275531612203579, 25.752500556832061 ], [ -100.275447793407693, 25.752552019340559 ], [ -100.275065488814391, 25.752760625467474 ], [ -100.274948295927103, 25.752797647635138 ], [ -100.274492116634875, 25.752931143062661 ], [ -100.274162688063157, 25.753001117719691 ], [ -100.273474807602739, 25.752784080519216 ], [ -100.273393614811582, 25.752750641475803 ], [ -100.271547115637233, 25.752748718156319 ], [ -100.271584064229771, 25.752494963530268 ], [ -100.271605786197867, 25.752458639672184 ], [ -100.271606329240527, 25.752417382801191 ], [ -100.271610958189513, 25.752025602653777 ], [ -100.27161321341832, 25.751981367745291 ], [ -100.271615550565443, 25.751943319432822 ], [ -100.271617024698344, 25.75157682255881 ], [ -100.271618033950972, 25.751539817296965 ], [ -100.271617236171267, 25.751498467759586 ], [ -100.271622728200327, 25.751135900173466 ], [ -100.271622961866825, 25.751100580700626 ], [ -100.272677926188365, 25.751168497373499 ], [ -100.273565117499018, 25.751232528224062 ], [ -100.274014477931757, 25.751264190115268 ], [ -100.274213420961146, 25.75137393696523 ] ] ] ] } },
{ "type": "Feature", "properties": { "CVEGEO": "1904600010194", "CVE_ENT": "19", "CVE_MUN": "046", "CVE_LOC": "0001", "CVE_ASEN": "0194", "CP": "66413", "FECHA_ACT": "11\/2022", "INSTITUCIO": "SECRETARÍA OBRAS PÚBLICAS Y DESARROLLO URBANO DEL MUNICIPIO DE SAN NICOLÁS DE LOS GARZA", "NOM_ASEN": "SAN BARTOLO", "TIPO": "COLONIA", "Shape_Leng": 586.41930895400003, "Shape_Area": 20077.437940799999 }, "geometry": { "type": "MultiPolygon", "coordinates": [ [ [ [ -100.284812458014287, 25.758333322930437 ], [ -100.285532051428874, 25.757454875604953 ], [ -100.285814755401944, 25.757034036101608 ], [ -100.285986954864185, 25.757139245952484 ], [ -100.286409267062183, 25.757035093398439 ], [ -100.2866031467738, 25.757660494279804 ], [ -100.286622402920585, 25.757726247098571 ], [ -100.286540306518503, 25.757867545765382 ], [ -100.286259769380763, 25.758496893789989 ], [ -100.286140965059701, 25.758783840056562 ], [ -100.285701276661186, 25.758634022881793 ], [ -100.285073822142138, 25.758436480848438 ], [ -100.284812458014287, 25.758333322930437 ] ] ] ] } },
{ "type": "Feature", "properties": { "CVEGEO": "1904600010195", "CVE_ENT": "19", "CVE_MUN": "046", "CVE_LOC": "0001", "CVE_ASEN": "0195", "CP": "66470", "FECHA_ACT": "11\/2022", "INSTITUCIO": "SECRETARÍA OBRAS PÚBLICAS Y DESARROLLO URBANO DEL MUNICIPIO DE SAN NICOLÁS DE LOS GARZA", "NOM_ASEN": "SAN BENITO DEL LAGO", "TIPO": "FRACCIONAMIENTO", "Shape_Leng": 1339.27376237, "Shape_Area": 93598.651648800005 }, "geometry": { "type": "MultiPolygon", "coordinates": [ [ [ [ -100.224527858969452, 25.723740933564301 ], [ -100.224517894118037, 25.723622374207594 ], [ -100.225631703229595, 25.723447742940341 ], [ -100.225822107946044, 25.723407085413498 ], [ -100.226764861100293, 25.723215273148799 ], [ -100.226874542010236, 25.724237846401202 ], [ -100.226866532902946, 25.724244194720086 ], [ -100.227148553140736, 25.727046852881408 ], [ -100.227150849214098, 25.727084933367397 ], [ -100.227153705916692, 25.727122436011292 ], [ -100.227178802829044, 25.72732103974603 ], [ -100.226275838423533, 25.727327287246062 ], [ -100.226070246870179, 25.727328702654546 ], [ -100.225549807803361, 25.727342025058032 ], [ -100.22548177873378, 25.727342878910711 ], [ -100.225252884164149, 25.727346174450389 ], [ -100.225090788039566, 25.725833263738423 ], [ -100.225078125667835, 25.725712891186706 ], [ -100.22457549714305, 25.725723685319512 ], [ -100.224527858969452, 25.723740933564301 ] ] ] ] } },
{ "type": "Feature", "properties": { "CVEGEO": "1904600010196", "CVE_ENT": "19", "CVE_MUN": "046", "CVE_LOC": "0001", "CVE_ASEN": "0196", "CP": "66478", "FECHA_ACT": "11\/2022", "INSTITUCIO": "SECRETARÍA OBRAS PÚBLICAS Y DESARROLLO URBANO DEL MUNICIPIO DE SAN NICOLÁS DE LOS GARZA", "NOM_ASEN": "ARBOLEDAS DE SAN CRISTÓBAL", "TIPO": "FRACCIONAMIENTO", "Shape_Leng": 609.77442217199996, "Shape_Area": 12516.4820478 }, "geometry": { "type": "MultiPolygon", "coordinates": [ [ [ [ -100.214842573539372, 25.735932993867603 ], [ -100.214804929256715, 25.73591712214893 ], [ -100.213938888045007, 25.735487320560157 ], [ -100.21350922680891, 25.73527263630783 ], [ -100.213449580991409, 25.735235574027818 ], [ -100.213356453684668, 25.735157848109033 ], [ -100.212730372771645, 25.734839165769543 ], [ -100.212742353752006, 25.734718338285582 ], [ -100.212871038188851, 25.734747665977807 ], [ -100.213187527686586, 25.734749280507515 ], [ -100.213510105787961, 25.734718853070564 ], [ -100.213631804854074, 25.734704690837312 ], [ -100.214007328073251, 25.734659612842758 ], [ -100.214513051525643, 25.734608259964979 ], [ -100.21454632005765, 25.734705014183007 ], [ -100.214529246613381, 25.735062394647514 ], [ -100.214489619147216, 25.735515369988782 ], [ -100.214569039625545, 25.735691919134762 ], [ -100.214831982159907, 25.735894188631846 ], [ -100.214912355232187, 25.735962414922732 ], [ -100.214842573539372, 25.735932993867603 ] ] ] ] } },
{ "type": "Feature", "properties": { "CVEGEO": "1904600010197", "CVE_ENT": "19", "CVE_MUN": "046", "CVE_LOC": "0001", "CVE_ASEN": "0197", "CP": "66413", "FECHA_ACT": "11\/2022", "INSTITUCIO": "SECRETARÍA OBRAS PÚBLICAS Y DESARROLLO URBANO DEL MUNICIPIO DE SAN NICOLÁS DE LOS GARZA", "NOM_ASEN": "SAN ISIDRO", "TIPO": "COLONIA", "Shape_Leng": 1165.01993541, "Shape_Area": 66175.425048599995 }, "geometry": { "type": "MultiPolygon", "coordinates": [ [ [ [ -100.284268456344151, 25.758879454501713 ], [ -100.285384510037318, 25.759263853002206 ], [ -100.285858368278838, 25.759430372031627 ], [ -100.28580347318784, 25.759554668294268 ], [ -100.285639663810443, 25.759920187128987 ], [ -100.285474236743795, 25.760288603240173 ], [ -100.285313243014173, 25.760635232268033 ], [ -100.285122587061338, 25.760995057594616 ], [ -100.285044767611808, 25.761132122297532 ], [ -100.284918231777993, 25.761169402381658 ], [ -100.284522496599209, 25.76101703075522 ], [ -100.283049385597934, 25.760498333351855 ], [ -100.281844069002801, 25.760126727590396 ], [ -100.281391313534698, 25.759986942320811 ], [ -100.281504869957843, 25.75984526046437 ], [ -100.282112991426899, 25.758822533243645 ], [ -100.283735752538462, 25.759387498660708 ], [ -100.283792981311876, 25.759401743615964 ], [ -100.283914056368559, 25.75926901544895 ], [ -100.283976508485722, 25.759201161936282 ], [ -100.284216068170679, 25.758940658298588 ], [ -100.284268456344151, 25.758879454501713 ] ] ] ] } },
{ "type": "Feature", "properties": { "CVEGEO": "1904600010198", "CVE_ENT": "19", "CVE_MUN": "046", "CVE_LOC": "0001", "CVE_ASEN": "0198", "CP": "66430", "FECHA_ACT": "11\/2022", "INSTITUCIO": "SECRETARÍA OBRAS PÚBLICAS Y DESARROLLO URBANO DEL MUNICIPIO DE SAN NICOLÁS DE LOS GARZA", "NOM_ASEN": "SANTA MARÍA", "TIPO": "COLONIA", "Shape_Leng": 1574.20820942, "Shape_Area": 127368.633546 }, "geometry": { "type": "MultiPolygon", "coordinates": [ [ [ [ -100.278969658048979, 25.751443974355709 ], [ -100.279230031290879, 25.751468444722022 ], [ -100.279272597775986, 25.75147573329172 ], [ -100.279343788866811, 25.751480833195625 ], [ -100.280259254640825, 25.751537571164025 ], [ -100.281350362957753, 25.751596741636035 ], [ -100.281957395097706, 25.751573265235113 ], [ -100.281916880048598, 25.751695629962931 ], [ -100.282027927459254, 25.751736294381363 ], [ -100.282143889895991, 25.751769958344884 ], [ -100.282638031304245, 25.751942954856627 ], [ -100.282906013092756, 25.75196785629721 ], [ -100.282646765798816, 25.754134741026707 ], [ -100.28225969747858, 25.75413158336362 ], [ -100.281954994311604, 25.754127676677413 ], [ -100.28099164485289, 25.755058928821985 ], [ -100.28076512322869, 25.755022613643398 ], [ -100.280030422316756, 25.754906956025359 ], [ -100.279785970518844, 25.754867077944866 ], [ -100.27932758559713, 25.75478891477221 ], [ -100.279174931443706, 25.754764234800177 ], [ -100.278807769189527, 25.754700082107831 ], [ -100.278867711083109, 25.754642267054493 ], [ -100.279750432534769, 25.753782391720208 ], [ -100.279794214919491, 25.753748602939005 ], [ -100.279599284248135, 25.753622644610111 ], [ -100.27920163450014, 25.753346806774683 ], [ -100.278540383926057, 25.752863729819538 ], [ -100.278322602579976, 25.752715417969814 ], [ -100.278605764166031, 25.752320289683936 ], [ -100.27878039766675, 25.751957240704474 ], [ -100.27886771451891, 25.751660882471171 ], [ -100.278878007058751, 25.751619102081388 ], [ -100.278969658048979, 25.751443974355709 ] ] ] ] } },
{ "type": "Feature", "properties": { "CVEGEO": "1904600010199", "CVE_ENT": "19", "CVE_MUN": "046", "CVE_LOC": "0001", "CVE_ASEN": "0199", "CP": "66437", "FECHA_ACT": "11\/2022", "INSTITUCIO": "SECRETARÍA OBRAS PÚBLICAS Y DESARROLLO URBANO DEL MUNICIPIO DE SAN NICOLÁS DE LOS GARZA", "NOM_ASEN": "POBLADO SANTO DOMINGO", "TIPO": "COLONIA", "Shape_Leng": 1944.3694012200001, "Shape_Area": 110860.147023 }, "geometry": { "type": "MultiPolygon", "coordinates": [ [ [ [ -100.251066678451295, 25.754120673757178 ], [ -100.251032882871343, 25.754051900427662 ], [ -100.250423893973675, 25.753657923042415 ], [ -100.251398096019329, 25.753294175603351 ], [ -100.252366432880464, 25.752939183370234 ], [ -100.252789110191486, 25.752584659902567 ], [ -100.252901279929688, 25.752485081245254 ], [ -100.252312378266382, 25.752010819986417 ], [ -100.252582777505282, 25.7516367529023 ], [ -100.252686490437227, 25.751216120340786 ], [ -100.252722350851229, 25.751164029932909 ], [ -100.252752661288724, 25.7511236637949 ], [ -100.252886104230583, 25.750794475875367 ], [ -100.253017841768695, 25.750483167631028 ], [ -100.253054757800655, 25.750438645866456 ], [ -100.253201888759122, 25.750054448559105 ], [ -100.253265263246078, 25.74984367569763 ], [ -100.253298993083888, 25.749646128155948 ], [ -100.253372859371936, 25.749278643710394 ], [ -100.253381904795219, 25.749233828936386 ], [ -100.253424515457894, 25.749093345966468 ], [ -100.253470992758807, 25.749101301402234 ], [ -100.253906342500514, 25.7492536491267 ], [ -100.253907017117328, 25.749259936619278 ], [ -100.253887082117643, 25.74953443920942 ], [ -100.254908008998569, 25.750021075879101 ], [ -100.254733324484931, 25.750205593134513 ], [ -100.254800288522915, 25.750250726830529 ], [ -100.254808467022045, 25.750332408611673 ], [ -100.254764039793329, 25.750384713481427 ], [ -100.254929538035626, 25.750492128098522 ], [ -100.255031624885135, 25.750561620653464 ], [ -100.254803155227876, 25.750769598794513 ], [ -100.25511896907129, 25.750871328426019 ], [ -100.255321055176722, 25.75090976229265 ], [ -100.255642213026121, 25.750970841916882 ], [ -100.255588008147853, 25.751089725298907 ], [ -100.255515423624473, 25.751262109440209 ], [ -100.25550128819431, 25.751333978304658 ], [ -100.255367867521528, 25.75158651096357 ], [ -100.255312517514255, 25.751632395605956 ], [ -100.255207213123114, 25.751622963604479 ], [ -100.255114177926316, 25.751578462571885 ], [ -100.25509784359356, 25.75159988542638 ], [ -100.254624922636012, 25.752120698837281 ], [ -100.254513095322537, 25.752271827068665 ], [ -100.25412206981386, 25.753011056998535 ], [ -100.253902365073571, 25.753424252478279 ], [ -100.253761299958171, 25.753690294977009 ], [ -100.253654898706372, 25.753889536656168 ], [ -100.253625950177508, 25.753943744123905 ], [ -100.253424771680102, 25.754192895360195 ], [ -100.253003848012369, 25.754559376395473 ], [ -100.252965605022069, 25.75453150705507 ], [ -100.252710276407242, 25.754345451886515 ], [ -100.252681976024533, 25.75432509505973 ], [ -100.252653713144568, 25.754304929110084 ], [ -100.252366386747951, 25.754098863897923 ], [ -100.252338361251532, 25.754078927255563 ], [ -100.252309358289125, 25.754057945846647 ], [ -100.252043229662604, 25.7538672153939 ], [ -100.252016185276119, 25.753848060464296 ], [ -100.251989724882378, 25.753828676157216 ], [ -100.25172897817302, 25.753605604863029 ], [ -100.251680098663485, 25.753563796971065 ], [ -100.251066678451295, 25.754120673757178 ] ] ] ] } },
{ "type": "Feature", "properties": { "CVEGEO": "1904600010200", "CVE_ENT": "19", "CVE_MUN": "046", "CVE_LOC": "0001", "CVE_ASEN": "0200", "CP": "66444", "FECHA_ACT": "11\/2022", "INSTITUCIO": "SECRETARÍA OBRAS PÚBLICAS Y DESARROLLO URBANO DEL MUNICIPIO DE SAN NICOLÁS DE LOS GARZA", "NOM_ASEN": "SANTO DOMINGO", "TIPO": "UNIDAD HABITACIONAL", "Shape_Leng": 772.72036795300005, "Shape_Area": 27765.55081 }, "geometry": { "type": "MultiPolygon", "coordinates": [ [ [ [ -100.272045944335446, 25.729990994570116 ], [ -100.272313357320982, 25.729919677571505 ], [ -100.27248192155507, 25.729874722334788 ], [ -100.272881897036612, 25.729763875564551 ], [ -100.273519494480709, 25.729587174201797 ], [ -100.274555695088011, 25.729321773461116 ], [ -100.274671349831692, 25.729295232095488 ], [ -100.274005850995863, 25.730113472812569 ], [ -100.273495322746967, 25.730741168514516 ], [ -100.273456369909766, 25.730789056551494 ], [ -100.273309857567952, 25.730971977307295 ], [ -100.273201483797735, 25.731013976328974 ], [ -100.272256240339672, 25.731386368249822 ], [ -100.272161333839037, 25.730742126514969 ], [ -100.272100870590862, 25.730386100055334 ], [ -100.272048600285146, 25.730010089827729 ], [ -100.272045944335446, 25.729990994570116 ] ] ] ] } },
{ "type": "Feature", "properties": { "CVEGEO": "1904600010201", "CVE_ENT": "19", "CVE_MUN": "046", "CVE_LOC": "0001", "CVE_ASEN": "0201", "CP": "66437", "FECHA_ACT": "11\/2022", "INSTITUCIO": "SECRETARÍA OBRAS PÚBLICAS Y DESARROLLO URBANO DEL MUNICIPIO DE SAN NICOLÁS DE LOS GARZA", "NOM_ASEN": "SANTO DOMINGO (FOMERREY 34)", "TIPO": "COLONIA", "Shape_Leng": 2415.5891226799999, "Shape_Area": 312465.890946 }, "geometry": { "type": "MultiPolygon", "coordinates": [ [ [ [ -100.254741532445564, 25.74714719902223 ], [ -100.254884059837224, 25.747054437305941 ], [ -100.254960188828036, 25.746976517857732 ], [ -100.255061299575615, 25.746778389629352 ], [ -100.255105254933071, 25.746695954248796 ], [ -100.255319191436598, 25.746340645135501 ], [ -100.255531455339934, 25.74600166136241 ], [ -100.255629709545872, 25.745843104428062 ], [ -100.255754296104769, 25.745645205174963 ], [ -100.255980995921078, 25.745305264033881 ], [ -100.256026571385689, 25.745243504003998 ], [ -100.256181403300801, 25.744935517322805 ], [ -100.256221909568936, 25.744859695486873 ], [ -100.256296408309936, 25.744653151824181 ], [ -100.256306053117925, 25.744612079268137 ], [ -100.256369606002309, 25.744242195561323 ], [ -100.256441251469298, 25.743880961110797 ], [ -100.256514813783312, 25.74350313135534 ], [ -100.256623812142905, 25.743142189971707 ], [ -100.256740501767808, 25.742767545742577 ], [ -100.256757839184715, 25.742348936286103 ], [ -100.25674292350898, 25.741852285884864 ], [ -100.257008637259077, 25.741942455564164 ], [ -100.257453526041033, 25.742055158395647 ], [ -100.257836439181219, 25.742098739292835 ], [ -100.258104938490192, 25.742120785552256 ], [ -100.258271634195111, 25.7421351830004 ], [ -100.258694566283452, 25.742173816211519 ], [ -100.259101869653591, 25.742202602373723 ], [ -100.259193443355286, 25.742208098787827 ], [ -100.259602479853697, 25.742242609573442 ], [ -100.260009245598454, 25.742243229589317 ], [ -100.261093631255832, 25.742204450111114 ], [ -100.261233611878268, 25.742199442328559 ], [ -100.261529693382286, 25.742209715250112 ], [ -100.262706098158077, 25.743004930328727 ], [ -100.263087286820536, 25.743279044812247 ], [ -100.262593244775658, 25.743731631696189 ], [ -100.261593390129789, 25.744610155069267 ], [ -100.261524723452297, 25.744665709639989 ], [ -100.260430977202304, 25.745657521716335 ], [ -100.259851697177197, 25.746181343838707 ], [ -100.259343047915777, 25.746633783734215 ], [ -100.258628127145812, 25.747281632344787 ], [ -100.258529065303037, 25.747371398869682 ], [ -100.258256310314138, 25.74761479983928 ], [ -100.257934952500449, 25.74792517354085 ], [ -100.257577177645786, 25.748257256635977 ], [ -100.257480626743288, 25.748346676395329 ], [ -100.257023267580195, 25.748143608073363 ], [ -100.256890831707551, 25.748195252374376 ], [ -100.255477503395952, 25.747624565542001 ], [ -100.255459734248404, 25.747515001113801 ], [ -100.254741532445564, 25.74714719902223 ] ] ] ] } },
{ "type": "Feature", "properties": { "CVEGEO": "1904600010202", "CVE_ENT": "19", "CVE_MUN": "046", "CVE_LOC": "0001", "CVE_ASEN": "0202", "CP": "00000", "FECHA_ACT": "11\/2022", "INSTITUCIO": "SECRETARÍA OBRAS PÚBLICAS Y DESARROLLO URBANO DEL MUNICIPIO DE SAN NICOLÁS DE LOS GARZA", "NOM_ASEN": "NINGUNO", "TIPO": "NINGUNO", "Shape_Leng": 815.86239168400004, "Shape_Area": 17618.068269899999 }, "geometry": { "type": "MultiPolygon", "coordinates": [ [ [ [ -100.232566610583021, 25.711031328769764 ], [ -100.23253024829279, 25.710849252418786 ], [ -100.232534247870589, 25.710848169638567 ], [ -100.232620658881842, 25.710824772533044 ], [ -100.23287788389095, 25.710755125410067 ], [ -100.234002776572822, 25.710450537915044 ], [ -100.234552169606289, 25.710338803003019 ], [ -100.235750994925652, 25.710091956272652 ], [ -100.235985389153115, 25.710043691338662 ], [ -100.235764967715582, 25.71018538258329 ], [ -100.235821879459735, 25.710932020744135 ], [ -100.235728193216801, 25.710881460222815 ], [ -100.235615107493203, 25.710828980030307 ], [ -100.235461835784335, 25.710835269836956 ], [ -100.235318352739725, 25.710850642742951 ], [ -100.234835707541805, 25.710882195948116 ], [ -100.234379132045433, 25.7109124057991 ], [ -100.233923802960504, 25.710942238218337 ], [ -100.233430242391236, 25.710953420515946 ], [ -100.232860835267545, 25.711039251971968 ], [ -100.232566610583021, 25.711031328769764 ] ] ] ] } },
{ "type": "Feature", "properties": { "CVEGEO": "1904600010204", "CVE_ENT": "19", "CVE_MUN": "046", "CVE_LOC": "0001", "CVE_ASEN": "0204", "CP": "00000", "FECHA_ACT": "11\/2022", "INSTITUCIO": "SECRETARÍA OBRAS PÚBLICAS Y DESARROLLO URBANO DEL MUNICIPIO DE SAN NICOLÁS DE LOS GARZA", "NOM_ASEN": "NINGUNO", "TIPO": "NINGUNO", "Shape_Leng": 12386.7487372, "Shape_Area": 1872105.97985 }, "geometry": { "type": "MultiPolygon", "coordinates": [ [ [ [ -100.32830750789104, 25.762052078152685 ], [ -100.328289796953499, 25.762012595263823 ], [ -100.328178191577848, 25.761804440928767 ], [ -100.328005444428655, 25.761405251584577 ], [ -100.326425071174896, 25.758254177874875 ], [ -100.326336191147035, 25.75825170761566 ], [ -100.326191752946769, 25.758347214090339 ], [ -100.326148981378481, 25.758336665465837 ], [ -100.325150489875014, 25.75830592130513 ], [ -100.325048053575415, 25.758231921719023 ], [ -100.324985398035253, 25.758033666687922 ], [ -100.324944231992518, 25.757940898275962 ], [ -100.324847688341279, 25.757856106048031 ], [ -100.324646775758637, 25.757821410884063 ], [ -100.320624823266158, 25.757580523318101 ], [ -100.320265883715862, 25.757557493959535 ], [ -100.3184392299341, 25.757422520803896 ], [ -100.317723983661622, 25.757372668148527 ], [ -100.317388336095263, 25.757351301827448 ], [ -100.317316559305624, 25.757103035065224 ], [ -100.316902936894024, 25.757108066951933 ], [ -100.316884060184023, 25.75713891523413 ], [ -100.316742948733463, 25.757131000333832 ], [ -100.316670398203826, 25.756920896476259 ], [ -100.316524038644602, 25.75644615793761 ], [ -100.315296107958403, 25.756504613293725 ], [ -100.314923035635147, 25.756525542759338 ], [ -100.31491790829493, 25.756242430816481 ], [ -100.314916875753738, 25.756142231185954 ], [ -100.314919686361321, 25.755091868430021 ], [ -100.314950661181427, 25.753982618834915 ], [ -100.315057998756131, 25.753919999520626 ], [ -100.315028014383032, 25.753810085267641 ], [ -100.315153840102781, 25.752718908708552 ], [ -100.314879327063906, 25.752709386790787 ], [ -100.314558401557619, 25.753171515321398 ], [ -100.314170637904084, 25.753504715783329 ], [ -100.31372124175644, 25.75366339983967 ], [ -100.313282859918814, 25.753751100966927 ], [ -100.312772313245489, 25.753727254074636 ], [ -100.312552135544976, 25.753724846439123 ], [ -100.312151076446014, 25.753620170413544 ], [ -100.311745202466085, 25.753493467461528 ], [ -100.311355950041659, 25.753373910002342 ], [ -100.310945403765047, 25.75325665133024 ], [ -100.31054825377764, 25.753134388224325 ], [ -100.310479016988353, 25.753101861358246 ], [ -100.310228136076859, 25.753265197467496 ], [ -100.310079324270546, 25.753288998929065 ], [ -100.30980375001829, 25.753338091134076 ], [ -100.309544621738709, 25.753405426576553 ], [ -100.309340347872066, 25.753479891158872 ], [ -100.309166371719357, 25.753564253158586 ], [ -100.309112689197804, 25.753617327571781 ], [ -100.308793397765129, 25.753803231502619 ], [ -100.308539360724907, 25.754064366409192 ], [ -100.308380046547882, 25.75437282089997 ], [ -100.307868524383622, 25.755650092501345 ], [ -100.307768459342086, 25.755755281594073 ], [ -100.307639858355429, 25.756081316791967 ], [ -100.307600143140306, 25.756321984509913 ], [ -100.307260794163668, 25.757258743180639 ], [ -100.307074490127263, 25.75766935050925 ], [ -100.306715783312356, 25.75761984877111 ], [ -100.305472257691051, 25.757458765246412 ], [ -100.306045538890004, 25.755508607989512 ], [ -100.307046489062685, 25.755809627830871 ], [ -100.307384321930854, 25.755911123926172 ], [ -100.307675262005048, 25.755127355613915 ], [ -100.307978119942618, 25.75432729167753 ], [ -100.308381399540394, 25.7533238500808 ], [ -100.308628395791061, 25.752693715985206 ], [ -100.308325631109923, 25.752476185368923 ], [ -100.306928486468493, 25.752053848234816 ], [ -100.306753994991922, 25.75200176700508 ], [ -100.307039241094557, 25.751684321980388 ], [ -100.307155762405529, 25.75155871387048 ], [ -100.309071777636731, 25.751419710426891 ], [ -100.308946138749079, 25.7517838204379 ], [ -100.308806292660904, 25.752185524798833 ], [ -100.309064829839414, 25.75225982002295 ], [ -100.309504112910446, 25.752376184183586 ], [ -100.311275385326539, 25.752842429546497 ], [ -100.311730631756319, 25.752960333566492 ], [ -100.312179720110805, 25.753072568143459 ], [ -100.312283970812473, 25.753096480048804 ], [ -100.312472525469119, 25.753116342624288 ], [ -100.312812930970154, 25.753153726939743 ], [ -100.31315932507394, 25.753131024505546 ], [ -100.313459741570284, 25.753057953528511 ], [ -100.313760626856663, 25.752926996475448 ], [ -100.314046940774674, 25.752742220694063 ], [ -100.314209723521003, 25.752612946954599 ], [ -100.313602256820758, 25.75249384451643 ], [ -100.313661399447199, 25.752450175057767 ], [ -100.31378595378483, 25.752332549456728 ], [ -100.313861320403049, 25.752242876839059 ], [ -100.314069846052448, 25.751994749215783 ], [ -100.314109917326988, 25.751917430322102 ], [ -100.314199021327397, 25.751728847587831 ], [ -100.314251808492429, 25.751605488154798 ], [ -100.314290396947825, 25.751504968885801 ], [ -100.314321709586537, 25.75142456541785 ], [ -100.314393307974527, 25.751184616421998 ], [ -100.314405072848103, 25.751078201830683 ], [ -100.31442879923992, 25.750942510769121 ], [ -100.314435723216576, 25.7508700123946 ], [ -100.314457019136015, 25.750646710814262 ], [ -100.314476065192551, 25.75040615238623 ], [ -100.314490257079086, 25.750227081698828 ], [ -100.314576181173166, 25.749773351545144 ], [ -100.314619993348046, 25.749539419077678 ], [ -100.314680974449047, 25.749328081989013 ], [ -100.314835198818713, 25.748876284552733 ], [ -100.314874884201501, 25.748687649464298 ], [ -100.314936841386313, 25.748393219204569 ], [ -100.315141458141483, 25.747430415189029 ], [ -100.315175750964556, 25.747239899378339 ], [ -100.315194711677051, 25.747006936301243 ], [ -100.315192630951131, 25.746750356997055 ], [ -100.315783804984932, 25.746546091285868 ], [ -100.31590319601338, 25.745404844876809 ], [ -100.315983773789796, 25.744920859688143 ], [ -100.316053861002231, 25.744471909749493 ], [ -100.316149879521376, 25.743998949614703 ], [ -100.31640954181016, 25.742574181552239 ], [ -100.316489155794443, 25.742096125629992 ], [ -100.316569081312849, 25.741622731147263 ], [ -100.316643281719365, 25.741177020691335 ], [ -100.316670538990067, 25.740687888168914 ], [ -100.316696751761995, 25.740226635500065 ], [ -100.316722380390758, 25.739739659363423 ], [ -100.316717284273011, 25.73952126663632 ], [ -100.31671163335281, 25.739279539011594 ], [ -100.3167274882897, 25.738811767745627 ], [ -100.3167281529375, 25.738341878420403 ], [ -100.316736536300866, 25.737861882622589 ], [ -100.316741075614985, 25.73739730743662 ], [ -100.316751909820809, 25.737250490103211 ], [ -100.317244868551782, 25.737293584373976 ], [ -100.317325199984438, 25.737298690092633 ], [ -100.317297971710914, 25.737815978577117 ], [ -100.317279829547729, 25.738407907107948 ], [ -100.317235213364214, 25.739023419920088 ], [ -100.317149798581326, 25.74159146021308 ], [ -100.317130302317622, 25.742225893534592 ], [ -100.31711145414711, 25.742793596510943 ], [ -100.317077684709204, 25.743379951773839 ], [ -100.31704317053638, 25.743966796780985 ], [ -100.317026428891765, 25.74458658657889 ], [ -100.317008633082509, 25.745139015858637 ], [ -100.316949123745118, 25.745923513531856 ], [ -100.316656952912354, 25.746230259384998 ], [ -100.317015171289597, 25.746119372836187 ], [ -100.317622581705663, 25.746015371531197 ], [ -100.317876421752189, 25.745899035896056 ], [ -100.318207468155833, 25.745837094259734 ], [ -100.31899698125541, 25.7456892981442 ], [ -100.321044814990373, 25.745305250288109 ], [ -100.321185860400192, 25.745275690146769 ], [ -100.322170621215434, 25.745069269138551 ], [ -100.322332314382663, 25.745035375444132 ], [ -100.322393549048442, 25.745022539878583 ], [ -100.322328479297056, 25.746375180197312 ], [ -100.322268709658871, 25.746369059639154 ], [ -100.322267169654609, 25.746401290620781 ], [ -100.322260763504318, 25.746535623061945 ], [ -100.322187018805522, 25.748082221093505 ], [ -100.322207146314128, 25.748082111457649 ], [ -100.322238489375906, 25.748081941062249 ], [ -100.322206598532887, 25.748667981714551 ], [ -100.322121799209597, 25.750110080560955 ], [ -100.322203738848344, 25.750180952195603 ], [ -100.336779318705666, 25.762679982340703 ], [ -100.334113880644708, 25.762912151353014 ], [ -100.334109456131216, 25.762912572816099 ], [ -100.334109234502591, 25.762912594066407 ], [ -100.330966050412783, 25.763211600646049 ], [ -100.329279184337722, 25.763371418174007 ], [ -100.328969130791137, 25.761898971558384 ], [ -100.32830750789104, 25.762052078152685 ] ] ] ] } },
{ "type": "Feature", "properties": { "CVEGEO": "1904600010207", "CVE_ENT": "19", "CVE_MUN": "046", "CVE_LOC": "0001", "CVE_ASEN": "0207", "CP": "00000", "FECHA_ACT": "11\/2022", "INSTITUCIO": "SECRETARÍA OBRAS PÚBLICAS Y DESARROLLO URBANO DEL MUNICIPIO DE SAN NICOLÁS DE LOS GARZA", "NOM_ASEN": "NINGUNO", "TIPO": "NINGUNO", "Shape_Leng": 3962.3751565100001, "Shape_Area": 904698.32068899996 }, "geometry": { "type": "MultiPolygon", "coordinates": [ [ [ [ -100.302431901826509, 25.760776121241783 ], [ -100.302548351114154, 25.760465037914248 ], [ -100.30268213359183, 25.760113782933313 ], [ -100.302814302253296, 25.75973681733764 ], [ -100.302931951932194, 25.759407312749481 ], [ -100.30305947024236, 25.759027093437332 ], [ -100.303206722178032, 25.758601550950118 ], [ -100.305354264033426, 25.759144363224348 ], [ -100.306226566453716, 25.759368850270249 ], [ -100.306652275152118, 25.759348825121819 ], [ -100.306891599492317, 25.758298970671255 ], [ -100.311282681181339, 25.758415850096195 ], [ -100.314554393385436, 25.758531150900005 ], [ -100.314840837614099, 25.758525149201663 ], [ -100.314836549944559, 25.758609739931355 ], [ -100.314829480683102, 25.758780178156155 ], [ -100.314815123844795, 25.759124598527077 ], [ -100.314871803567129, 25.759414047647098 ], [ -100.314940937336203, 25.759738074687569 ], [ -100.315053380313088, 25.76029862708226 ], [ -100.315101025282942, 25.760508669311445 ], [ -100.315147068848049, 25.760761250182991 ], [ -100.315170618990649, 25.760890439495896 ], [ -100.315184894734685, 25.761278232967779 ], [ -100.31519665798595, 25.761647694831652 ], [ -100.315210635647404, 25.762029448004313 ], [ -100.31524271275903, 25.762412413044476 ], [ -100.315316907324814, 25.762825527867239 ], [ -100.315461906789153, 25.763736355104584 ], [ -100.315523137306542, 25.764119702181027 ], [ -100.315531291237178, 25.764174162495973 ], [ -100.315532714084327, 25.764479135884084 ], [ -100.315504567766951, 25.764635785231217 ], [ -100.315407131494794, 25.764625294497375 ], [ -100.315180765038889, 25.764652475963388 ], [ -100.314235582927282, 25.764765970150254 ], [ -100.313376120304312, 25.764868751329136 ], [ -100.313274277974898, 25.764880923192237 ], [ -100.313248200905562, 25.764884061164096 ], [ -100.31157625378755, 25.765084894747968 ], [ -100.311429008629801, 25.765102582894215 ], [ -100.311299915388631, 25.765117927619585 ], [ -100.309935924093594, 25.76528008469187 ], [ -100.309714675024892, 25.765306386027646 ], [ -100.308403122974354, 25.765463322062985 ], [ -100.306307769778897, 25.765714277351002 ], [ -100.305898389533496, 25.765771794119992 ], [ -100.305586710260485, 25.765815584909895 ], [ -100.305349664371974, 25.765848882659355 ], [ -100.304287208107937, 25.766032140128935 ], [ -100.304076609239829, 25.766054812674973 ], [ -100.303987759769186, 25.765859107760765 ], [ -100.303799643304771, 25.765380379766722 ], [ -100.303637759236665, 25.76497753476491 ], [ -100.303470313477007, 25.764545989171339 ], [ -100.30330763100082, 25.764135260554813 ], [ -100.303154695583117, 25.763746434495751 ], [ -100.303192514508339, 25.763742159647162 ], [ -100.303118759710131, 25.763484718460386 ], [ -100.302551001946412, 25.761079093899298 ], [ -100.302431901826509, 25.760776121241783 ] ] ] ] } },
{ "type": "Feature", "properties": { "CVEGEO": "1904600010208", "CVE_ENT": "19", "CVE_MUN": "046", "CVE_LOC": "0001", "CVE_ASEN": "0208", "CP": "66400", "FECHA_ACT": "11\/2022", "INSTITUCIO": "SECRETARÍA OBRAS PÚBLICAS Y DESARROLLO URBANO DEL MUNICIPIO DE SAN NICOLÁS DE LOS GARZA", "NOM_ASEN": "NINGUNO", "TIPO": "NINGUNO", "Shape_Leng": 3339.6911734400001, "Shape_Area": 302682.28426699998 }, "geometry": { "type": "MultiPolygon", "coordinates": [ [ [ [ -100.291040847913962, 25.765703849887064 ], [ -100.29106799274976, 25.765328267197756 ], [ -100.291080538391412, 25.765148090646459 ], [ -100.291095761953684, 25.764929430626491 ], [ -100.291238095926417, 25.764161796870944 ], [ -100.291294900471712, 25.76397830463905 ], [ -100.291384250395936, 25.76368969025258 ], [ -100.291436584325439, 25.763439430069116 ], [ -100.291418193908129, 25.763275500975393 ], [ -100.291490814154926, 25.763260502860231 ], [ -100.292368625260082, 25.763040671511281 ], [ -100.293126173576752, 25.762854982375945 ], [ -100.293932932203504, 25.762649675590716 ], [ -100.294037650472319, 25.762627127675657 ], [ -100.294332853343661, 25.762542189994424 ], [ -100.295734166089147, 25.762160990253957 ], [ -100.295799723746953, 25.762153632605845 ], [ -100.296458808894158, 25.76333842861062 ], [ -100.29637944093659, 25.763324365565051 ], [ -100.295988983117368, 25.763252262710665 ], [ -100.295943279481094, 25.76324584110181 ], [ -100.295894856896709, 25.763237630674322 ], [ -100.295491582026514, 25.763168953121891 ], [ -100.295443909345352, 25.763162067567762 ], [ -100.29539745099909, 25.763153780173116 ], [ -100.295040375516677, 25.763091940336544 ], [ -100.294994266943974, 25.76308600567824 ], [ -100.294947248635211, 25.76307887124856 ], [ -100.294445144673489, 25.763024128527736 ], [ -100.294195972640324, 25.762994716146572 ], [ -100.293839753523727, 25.763823022820301 ], [ -100.293759630224727, 25.764137991462317 ], [ -100.295380983234139, 25.764439479642643 ], [ -100.295317978963126, 25.764633748561735 ], [ -100.295325746563691, 25.764678998130137 ], [ -100.295314785278322, 25.764720619527786 ], [ -100.29516206679358, 25.765051461256576 ], [ -100.295582346033783, 25.765017494170504 ], [ -100.296608536517567, 25.764835118400271 ], [ -100.296655360394254, 25.764824600333782 ], [ -100.296699625484308, 25.764814740413946 ], [ -100.297158657858375, 25.764713602971295 ], [ -100.297214626763903, 25.764698940196361 ], [ -100.297313698932768, 25.764887540436423 ], [ -100.29751631951477, 25.765246244579977 ], [ -100.297638024101033, 25.765461689610653 ], [ -100.298953987473055, 25.765022362994142 ], [ -100.299343439012617, 25.76494558989301 ], [ -100.299819747135359, 25.764893159302211 ], [ -100.299867680942327, 25.765267368921556 ], [ -100.299914311598869, 25.765639306034601 ], [ -100.299957422914034, 25.766010084211942 ], [ -100.300007695504405, 25.766403563791151 ], [ -100.300009059134197, 25.766598261154687 ], [ -100.299427617662843, 25.766685630533733 ], [ -100.299385783937367, 25.766691911153288 ], [ -100.29839427922073, 25.766800494481515 ], [ -100.298091462319675, 25.766843290980528 ], [ -100.296854359052872, 25.767018077975223 ], [ -100.29628861768245, 25.767092816233202 ], [ -100.29477352129058, 25.767304969749517 ], [ -100.29406612309441, 25.767393290611121 ], [ -100.293526715744875, 25.767449047440273 ], [ -100.293390779527613, 25.767464702929733 ], [ -100.293381171190575, 25.767465809310195 ], [ -100.293134447156376, 25.767494217418708 ], [ -100.293091539006269, 25.767498750650034 ], [ -100.291972627105395, 25.767616877934469 ], [ -100.291743119422193, 25.767650570406847 ], [ -100.290901798935749, 25.767774079243182 ], [ -100.290941389213629, 25.767097253210011 ], [ -100.29096401150521, 25.7668289616905 ], [ -100.290970082718488, 25.766762195311205 ], [ -100.290989547646561, 25.766451896311818 ], [ -100.291018300771157, 25.766081081986908 ], [ -100.291040847913962, 25.765703849887064 ] ] ] ] } },
{ "type": "Feature", "properties": { "CVEGEO": "1904600010209", "CVE_ENT": "19", "CVE_MUN": "046", "CVE_LOC": "0001", "CVE_ASEN": "0209", "CP": "00000", "FECHA_ACT": "11\/2022", "INSTITUCIO": "SECRETARÍA OBRAS PÚBLICAS Y DESARROLLO URBANO DEL MUNICIPIO DE SAN NICOLÁS DE LOS GARZA", "NOM_ASEN": "NINGUNO", "TIPO": "NINGUNO", "Shape_Leng": 1611.96722866, "Shape_Area": 91846.806842999998 }, "geometry": { "type": "MultiPolygon", "coordinates": [ [ [ [ -100.268614000474386, 25.770132885270762 ], [ -100.26850212043793, 25.76939048219112 ], [ -100.268247187906255, 25.76769602542473 ], [ -100.268858723861101, 25.7678010168949 ], [ -100.268899123351602, 25.767799154725729 ], [ -100.268935023547655, 25.767625511541425 ], [ -100.268941424364655, 25.767597840509598 ], [ -100.269279812295494, 25.767664599345146 ], [ -100.270751801510684, 25.767815010954401 ], [ -100.270729618499885, 25.768238970070222 ], [ -100.270710889776439, 25.768629780267634 ], [ -100.2706953374839, 25.768881945635183 ], [ -100.272242056167016, 25.768922732114486 ], [ -100.272275846687819, 25.767885338666435 ], [ -100.272490662299305, 25.767972392231847 ], [ -100.272692724608902, 25.767978532345463 ], [ -100.272619859951419, 25.769899770433746 ], [ -100.272412886483067, 25.769926155469744 ], [ -100.272208520756337, 25.76995220316962 ], [ -100.270823060390057, 25.770136279155501 ], [ -100.270813103419684, 25.770137584433307 ], [ -100.270360307840448, 25.770196908127705 ], [ -100.268657749173542, 25.770383537074753 ], [ -100.268614000474386, 25.770132885270762 ] ] ] ] } },
{ "type": "Feature", "properties": { "CVEGEO": "1904600010210", "CVE_ENT": "19", "CVE_MUN": "046", "CVE_LOC": "0001", "CVE_ASEN": "0210", "CP": "00000", "FECHA_ACT": "11\/2022", "INSTITUCIO": "SECRETARÍA OBRAS PÚBLICAS Y DESARROLLO URBANO DEL MUNICIPIO DE SAN NICOLÁS DE LOS GARZA", "NOM_ASEN": "NINGUNO", "TIPO": "NINGUNO", "Shape_Leng": 1104.3615647900001, "Shape_Area": 56493.472862499999 }, "geometry": { "type": "MultiPolygon", "coordinates": [ [ [ [ -100.301464859447734, 25.758176196469005 ], [ -100.30109409630883, 25.758093536531725 ], [ -100.300603703423619, 25.758002686254397 ], [ -100.30003018374758, 25.75787990865814 ], [ -100.299577024733125, 25.757799014498595 ], [ -100.299054941108935, 25.757813163985503 ], [ -100.298839928773688, 25.756966605971371 ], [ -100.298662423472905, 25.756336429579033 ], [ -100.298502522656534, 25.755785346277285 ], [ -100.29843399289858, 25.755551207012676 ], [ -100.298481614155662, 25.755532766211513 ], [ -100.29938445209001, 25.755291024549404 ], [ -100.29966560254627, 25.755276491378417 ], [ -100.299778702926247, 25.755548095705791 ], [ -100.30010763151482, 25.756573885504675 ], [ -100.300106749329871, 25.756588485815442 ], [ -100.300633041498088, 25.756648502645501 ], [ -100.300647087366471, 25.756631975651139 ], [ -100.301189899416499, 25.756709629239449 ], [ -100.301465471190255, 25.756712156966579 ], [ -100.301536865447915, 25.757279129394099 ], [ -100.301536961435346, 25.757279907712618 ], [ -100.301587408020168, 25.757697566301626 ], [ -100.30158744404514, 25.757697875063919 ], [ -100.301648011724481, 25.758217025125735 ], [ -100.301464859447734, 25.758176196469005 ] ] ] ] } },
{ "type": "Feature", "properties": { "CVEGEO": "1904600010211", "CVE_ENT": "19", "CVE_MUN": "046", "CVE_LOC": "0001", "CVE_ASEN": "0211", "CP": "00000", "FECHA_ACT": "11\/2022", "INSTITUCIO": "SECRETARÍA OBRAS PÚBLICAS Y DESARROLLO URBANO DEL MUNICIPIO DE SAN NICOLÁS DE LOS GARZA", "NOM_ASEN": "NINGUNO", "TIPO": "NINGUNO", "Shape_Leng": 826.78022387500005, "Shape_Area": 25797.445550299999 }, "geometry": { "type": "MultiPolygon", "coordinates": [ [ [ [ -100.287950510038073, 25.764171149993683 ], [ -100.28781795778923, 25.763770738181925 ], [ -100.287843980857815, 25.763724324309852 ], [ -100.287258945271702, 25.762809408134512 ], [ -100.287211808727676, 25.762308233232144 ], [ -100.287200874415603, 25.762228398179268 ], [ -100.287312908576695, 25.761815539816407 ], [ -100.287332252125381, 25.761762791890121 ], [ -100.287347597702038, 25.761720946235531 ], [ -100.287367954810506, 25.761178783041565 ], [ -100.287556235278075, 25.760936063168526 ], [ -100.287656124326546, 25.760879582199191 ], [ -100.287887116486814, 25.761586171397127 ], [ -100.287904155260591, 25.761636657054531 ], [ -100.288121596553324, 25.762311011613246 ], [ -100.288354901209999, 25.763024005793692 ], [ -100.288663843272516, 25.763996604595068 ], [ -100.288214139661122, 25.764106629702937 ], [ -100.287950510038073, 25.764171149993683 ] ] ] ] } },
{ "type": "Feature", "properties": { "CVEGEO": "1904600010212", "CVE_ENT": "19", "CVE_MUN": "046", "CVE_LOC": "0001", "CVE_ASEN": "0212", "CP": "00000", "FECHA_ACT": "11\/2022", "INSTITUCIO": "SECRETARÍA OBRAS PÚBLICAS Y DESARROLLO URBANO DEL MUNICIPIO DE SAN NICOLÁS DE LOS GARZA", "NOM_ASEN": "NINGUNO", "TIPO": "NINGUNO", "Shape_Leng": 1196.6412478, "Shape_Area": 69376.400418100005 }, "geometry": { "type": "MultiPolygon", "coordinates": [ [ [ [ -100.299732223785995, 25.752974708644913 ], [ -100.299361416639073, 25.753013340207293 ], [ -100.297816193405794, 25.753248874207987 ], [ -100.297583072030548, 25.753297092714803 ], [ -100.297365290543297, 25.752575662760602 ], [ -100.297140557223059, 25.75185909315999 ], [ -100.296918901009036, 25.751122057840711 ], [ -100.296806965870189, 25.750725305062282 ], [ -100.297178877594831, 25.750642400127639 ], [ -100.297209107652762, 25.750635968082999 ], [ -100.297243252210123, 25.750628117863556 ], [ -100.297579683096245, 25.750566948423359 ], [ -100.297623058504712, 25.750555514962514 ], [ -100.297659956954078, 25.750545390493812 ], [ -100.297991899297472, 25.750465215757838 ], [ -100.298024758698091, 25.75045531082122 ], [ -100.298057598422659, 25.750445378456568 ], [ -100.298367397312802, 25.750364393540497 ], [ -100.298402243252553, 25.750355743383185 ], [ -100.298441196967332, 25.750346974097198 ], [ -100.298776747685181, 25.750229646110313 ], [ -100.298857845177693, 25.75023891788533 ], [ -100.29889690933372, 25.750250615082479 ], [ -100.298755070908044, 25.750640684091312 ], [ -100.298738508813102, 25.75068739773041 ], [ -100.298599633243754, 25.751079201635349 ], [ -100.298867409202799, 25.751103601315677 ], [ -100.298800134118977, 25.751282885919689 ], [ -100.299967973964684, 25.751132554897016 ], [ -100.299989653803166, 25.751298370096887 ], [ -100.299991742850992, 25.751442379463509 ], [ -100.299789938215014, 25.751980156578259 ], [ -100.299732223785995, 25.752974708644913 ] ] ] ] } },
{ "type": "Feature", "properties": { "CVEGEO": "1904600010213", "CVE_ENT": "19", "CVE_MUN": "046", "CVE_LOC": "0001", "CVE_ASEN": "0213", "CP": "00000", "FECHA_ACT": "11\/2022", "INSTITUCIO": "SECRETARÍA OBRAS PÚBLICAS Y DESARROLLO URBANO DEL MUNICIPIO DE SAN NICOLÁS DE LOS GARZA", "NOM_ASEN": "NINGUNO", "TIPO": "NINGUNO", "Shape_Leng": 1786.12376877, "Shape_Area": 74304.150817100002 }, "geometry": { "type": "MultiPolygon", "coordinates": [ [ [ [ -100.296561143382192, 25.749918594523585 ], [ -100.296435374612074, 25.749493199937479 ], [ -100.296232079115711, 25.748867847511864 ], [ -100.296114826165379, 25.74848925235511 ], [ -100.29644764405181, 25.748597942936087 ], [ -100.297239126841248, 25.748854264698451 ], [ -100.297904519778456, 25.749071088066085 ], [ -100.297362730174939, 25.747522640539867 ], [ -100.298787864410897, 25.747180428481236 ], [ -100.300116071199028, 25.746871166413786 ], [ -100.299619430233918, 25.748243080186384 ], [ -100.299589108768672, 25.748326769567562 ], [ -100.299195100378455, 25.749415193102593 ], [ -100.299463309540656, 25.749491080217627 ], [ -100.299542089870059, 25.749549709888633 ], [ -100.29966154975213, 25.749604429995323 ], [ -100.300019584946668, 25.749708260063052 ], [ -100.300585435328486, 25.749861935884127 ], [ -100.300429234162252, 25.750129130625453 ], [ -100.29982597955231, 25.749958830218947 ], [ -100.299742593660497, 25.75008795615291 ], [ -100.298942406836588, 25.750242614352313 ], [ -100.29889690933372, 25.750250615082479 ], [ -100.298920347270879, 25.750188336883333 ], [ -100.299078597101143, 25.749749048967381 ], [ -100.298671615788649, 25.749634428279702 ], [ -100.298015678913231, 25.749448333672685 ], [ -100.297919308872082, 25.749564550498111 ], [ -100.297690703650602, 25.749627081170651 ], [ -100.297658778431227, 25.749635871411982 ], [ -100.297621828782525, 25.749644573167515 ], [ -100.297312803305786, 25.749730522605788 ], [ -100.297268288349812, 25.749741350559376 ], [ -100.297228809073289, 25.749751713846827 ], [ -100.296928223006077, 25.749827643920419 ], [ -100.296894924594326, 25.749837275441902 ], [ -100.296865226815697, 25.749846662698893 ], [ -100.296602252872432, 25.74990886932255 ], [ -100.296561143382192, 25.749918594523585 ] ] ] ] } },
{ "type": "Feature", "properties": { "CVEGEO": "1904600010214", "CVE_ENT": "19", "CVE_MUN": "046", "CVE_LOC": "0001", "CVE_ASEN": "0214", "CP": "00000", "FECHA_ACT": "11\/2022", "INSTITUCIO": "SECRETARÍA OBRAS PÚBLICAS Y DESARROLLO URBANO DEL MUNICIPIO DE SAN NICOLÁS DE LOS GARZA", "NOM_ASEN": "NINGUNO", "TIPO": "NINGUNO", "Shape_Leng": 3120.4774396100001, "Shape_Area": 316059.52107100002 }, "geometry": { "type": "MultiPolygon", "coordinates": [ [ [ [ -100.284268456344151, 25.758879454501713 ], [ -100.284285578609911, 25.758827508107807 ], [ -100.284485603290506, 25.758614716835712 ], [ -100.284649387186647, 25.758453258325527 ], [ -100.284054542097181, 25.758134764676996 ], [ -100.283315410661999, 25.757856598551633 ], [ -100.282309151084291, 25.757471467412397 ], [ -100.281757492668163, 25.757105520520717 ], [ -100.28115235980043, 25.756875776212542 ], [ -100.281096417291508, 25.756839823615689 ], [ -100.280064848123672, 25.756752382085129 ], [ -100.278930257996237, 25.756574629866783 ], [ -100.278907074151576, 25.756638687177603 ], [ -100.278705549362769, 25.7564834331768 ], [ -100.278433838919739, 25.756274420459043 ], [ -100.278818377517538, 25.755874185610292 ], [ -100.279785970518844, 25.754867077944866 ], [ -100.280030422316756, 25.754906956025359 ], [ -100.28076512322869, 25.755022613643398 ], [ -100.28099164485289, 25.755058928821985 ], [ -100.281954994311604, 25.754127676677413 ], [ -100.28225969747858, 25.75413158336362 ], [ -100.282646765798816, 25.754134741026707 ], [ -100.282906013092756, 25.75196785629721 ], [ -100.283276825714736, 25.750864059394111 ], [ -100.283293678349764, 25.750823369284149 ], [ -100.283762784405283, 25.750972125528499 ], [ -100.283918929955504, 25.750971813238131 ], [ -100.284026103016089, 25.750955280948631 ], [ -100.284438419661612, 25.750863708426721 ], [ -100.284537775125287, 25.750854876740696 ], [ -100.284699334350549, 25.751359483453726 ], [ -100.284961074898632, 25.752304128803328 ], [ -100.285259697447756, 25.753190479005742 ], [ -100.285502750397569, 25.75397363739296 ], [ -100.285711140207923, 25.754755152587133 ], [ -100.285784029273998, 25.755048797320768 ], [ -100.285921745849734, 25.755517173429361 ], [ -100.286056171331936, 25.755919292413324 ], [ -100.28605618101102, 25.755919317913833 ], [ -100.286093946122165, 25.75601879448892 ], [ -100.286171415600407, 25.756267076197332 ], [ -100.286409267062183, 25.757035093398439 ], [ -100.285986954864185, 25.757139245952484 ], [ -100.285814755401944, 25.757034036101608 ], [ -100.285532051428874, 25.757454875604953 ], [ -100.284812458014287, 25.758333322930437 ], [ -100.285073822142138, 25.758436480848438 ], [ -100.285701276661186, 25.758634022881793 ], [ -100.286140965059701, 25.758783840056562 ], [ -100.285858368278838, 25.759430372031627 ], [ -100.285384510037318, 25.759263853002206 ], [ -100.284268456344151, 25.758879454501713 ] ] ] ] } },
{ "type": "Feature", "properties": { "CVEGEO": "1904600010215", "CVE_ENT": "19", "CVE_MUN": "046", "CVE_LOC": "0001", "CVE_ASEN": "0215", "CP": "00000", "FECHA_ACT": "11\/2022", "INSTITUCIO": "SECRETARÍA OBRAS PÚBLICAS Y DESARROLLO URBANO DEL MUNICIPIO DE SAN NICOLÁS DE LOS GARZA", "NOM_ASEN": "NINGUNO", "TIPO": "NINGUNO", "Shape_Leng": 1012.06269911, "Shape_Area": 34229.878409099998 }, "geometry": { "type": "MultiPolygon", "coordinates": [ [ [ [ -100.274483989812424, 25.756367717780694 ], [ -100.274475835024433, 25.756366665703631 ], [ -100.274313795337207, 25.756356749852621 ], [ -100.273839573438366, 25.756255382527801 ], [ -100.272901105188197, 25.756200878578415 ], [ -100.272865528197102, 25.756191045173132 ], [ -100.273688822608037, 25.754817091434852 ], [ -100.273813454418601, 25.754607871732681 ], [ -100.273891465290887, 25.75436130352842 ], [ -100.272882969807682, 25.754158323093641 ], [ -100.273028329527946, 25.753768997946416 ], [ -100.273232476541793, 25.753802216023239 ], [ -100.273232867353855, 25.753802275611207 ], [ -100.273241795839468, 25.753803728920541 ], [ -100.273368519472299, 25.753823159801065 ], [ -100.274024197386382, 25.753923694922658 ], [ -100.274574655370699, 25.754013250948265 ], [ -100.275007001653677, 25.754082666699144 ], [ -100.274989322039275, 25.754142635859864 ], [ -100.274947036113872, 25.754347473042554 ], [ -100.274621942266364, 25.754998141467702 ], [ -100.274604542225291, 25.755030786823998 ], [ -100.274588024967059, 25.755061214223058 ], [ -100.2744041108202, 25.755405137093451 ], [ -100.274512033552213, 25.75543175776501 ], [ -100.274483989812424, 25.756367717780694 ] ] ] ] } },
{ "type": "Feature", "properties": { "CVEGEO": "1904600010216", "CVE_ENT": "19", "CVE_MUN": "046", "CVE_LOC": "0001", "CVE_ASEN": "0216", "CP": "00000", "FECHA_ACT": "11\/2022", "INSTITUCIO": "SECRETARÍA OBRAS PÚBLICAS Y DESARROLLO URBANO DEL MUNICIPIO DE SAN NICOLÁS DE LOS GARZA", "NOM_ASEN": "NINGUNO", "TIPO": "NINGUNO", "Shape_Leng": 3390.0956699600001, "Shape_Area": 109714.645395 }, "geometry": { "type": "MultiPolygon", "coordinates": [ [ [ [ -100.263697109610462, 25.754423183394984 ], [ -100.263675483992159, 25.754140918465627 ], [ -100.263547824397136, 25.752312572775057 ], [ -100.26349562891194, 25.752238377835255 ], [ -100.263484033113571, 25.751938309195591 ], [ -100.264628222929872, 25.752043575699975 ], [ -100.264701268447013, 25.752050342355293 ], [ -100.264793236247627, 25.752057160311953 ], [ -100.264891993005463, 25.75177411707929 ], [ -100.264961552542175, 25.751625585961772 ], [ -100.265056751727599, 25.751458860201559 ], [ -100.265163713299884, 25.751342467242605 ], [ -100.265335933475868, 25.751212926534151 ], [ -100.265461935954619, 25.751133702003628 ], [ -100.265708064519146, 25.751061278500888 ], [ -100.265857334543412, 25.751048773115897 ], [ -100.266332743941533, 25.751025250276346 ], [ -100.266577461924683, 25.750996178889455 ], [ -100.266781528203751, 25.750969938271936 ], [ -100.267046681335543, 25.750937844588549 ], [ -100.267288986383221, 25.750909142962627 ], [ -100.269303100017282, 25.750656660201088 ], [ -100.27152922191064, 25.750384404287395 ], [ -100.271719242844512, 25.750387214717666 ], [ -100.273080057973999, 25.750415179212688 ], [ -100.273406392965484, 25.750412325141234 ], [ -100.273692897021846, 25.750421864741252 ], [ -100.273846075198747, 25.750420525090018 ], [ -100.274032230812864, 25.750388783056305 ], [ -100.274158320090663, 25.75034552038553 ], [ -100.274305643626278, 25.750236670151306 ], [ -100.274324328422637, 25.750213719979648 ], [ -100.274338049872426, 25.750358393821763 ], [ -100.274321000108245, 25.750522706180597 ], [ -100.274256438428353, 25.750578005963146 ], [ -100.274101921662634, 25.750629417526522 ], [ -100.273920278045338, 25.750668433944895 ], [ -100.27371514466995, 25.750686650646866 ], [ -100.272677872980765, 25.750681062998996 ], [ -100.271601121815692, 25.750676942355398 ], [ -100.271054772264563, 25.750735583609341 ], [ -100.269337223725628, 25.750955652383908 ], [ -100.267044102338502, 25.75123786230975 ], [ -100.266994705391738, 25.751242790925883 ], [ -100.265853102534663, 25.751356722534915 ], [ -100.265610398381952, 25.751409072037831 ], [ -100.265455733900126, 25.751492352637431 ], [ -100.265317725315882, 25.75159942825071 ], [ -100.265249911488951, 25.751704123610129 ], [ -100.265182094581789, 25.751818338721041 ], [ -100.265158300706318, 25.751858789447599 ], [ -100.265132126992654, 25.751951587626127 ], [ -100.265113091352035, 25.752145514124024 ], [ -100.265100249345409, 25.752506170549978 ], [ -100.266218384707059, 25.75268680693754 ], [ -100.266939792674947, 25.752807159870049 ], [ -100.266909591882865, 25.753208725754988 ], [ -100.266910274769913, 25.753597664923728 ], [ -100.266904995425591, 25.753997038077067 ], [ -100.266880075389551, 25.754359354091946 ], [ -100.266786452805988, 25.754394750686675 ], [ -100.266415019797748, 25.754388441200636 ], [ -100.266381529482814, 25.754380972826581 ], [ -100.266358123816161, 25.754377478635696 ], [ -100.266226167597864, 25.754339360662286 ], [ -100.265921345652828, 25.754227902300197 ], [ -100.265839761164557, 25.754196869539378 ], [ -100.265329821386885, 25.754004679772596 ], [ -100.265135410140957, 25.753933511581 ], [ -100.265120901864904, 25.753928552832015 ], [ -100.26506888909941, 25.753933981876589 ], [ -100.264847921125536, 25.754030430497011 ], [ -100.264799747980646, 25.754049822061152 ], [ -100.264758503331308, 25.754070278151598 ], [ -100.264630594667992, 25.754131959779695 ], [ -100.264757676303887, 25.75448374019442 ], [ -100.264698762076407, 25.755113906509894 ], [ -100.264645476328809, 25.755198376774072 ], [ -100.263765534054727, 25.755298033672101 ], [ -100.263706344070613, 25.754660951361458 ], [ -100.263697109610462, 25.754423183394984 ] ] ] ] } },
{ "type": "Feature", "properties": { "CVEGEO": "1904600010217", "CVE_ENT": "19", "CVE_MUN": "046", "CVE_LOC": "0001", "CVE_ASEN": "0217", "CP": "00000", "FECHA_ACT": "11\/2022", "INSTITUCIO": "SECRETARÍA OBRAS PÚBLICAS Y DESARROLLO URBANO DEL MUNICIPIO DE SAN NICOLÁS DE LOS GARZA", "NOM_ASEN": "NINGUNO", "TIPO": "NINGUNO", "Shape_Leng": 3008.4329685100001, "Shape_Area": 163346.02706699999 }, "geometry": { "type": "MultiPolygon", "coordinates": [ [ [ [ -100.279844435032075, 25.750481107044411 ], [ -100.279114991956973, 25.750363978732967 ], [ -100.278636273937011, 25.750139561343079 ], [ -100.278617263426995, 25.750073950346504 ], [ -100.278643438246846, 25.749790793305355 ], [ -100.278700544900943, 25.749411268512741 ], [ -100.278815217424622, 25.749175520490539 ], [ -100.27906928538215, 25.74927143388177 ], [ -100.279357004401248, 25.749380053082607 ], [ -100.280270989700924, 25.7482090141933 ], [ -100.280723202216393, 25.74776276252992 ], [ -100.280835742290378, 25.747648536320913 ], [ -100.280497475492851, 25.747511388080476 ], [ -100.28065614007744, 25.747250571425919 ], [ -100.281837449970624, 25.74728508038816 ], [ -100.281998010933947, 25.747217896964237 ], [ -100.28239470099021, 25.747176604535355 ], [ -100.282740496757356, 25.747176754993347 ], [ -100.283225649378394, 25.747258808181307 ], [ -100.283713815813186, 25.74731329533402 ], [ -100.283989791791328, 25.747383479256595 ], [ -100.284210506435301, 25.74748748175255 ], [ -100.284310689208866, 25.747565258336852 ], [ -100.28437888670166, 25.747618893263173 ], [ -100.284473237770214, 25.74772701271338 ], [ -100.284665488465492, 25.747913315426413 ], [ -100.284843436451922, 25.748070937920005 ], [ -100.284979763864115, 25.748116204219698 ], [ -100.285244029758658, 25.748164760526944 ], [ -100.285446170659071, 25.748156573244607 ], [ -100.285921378821357, 25.748019527898006 ], [ -100.28640907141822, 25.747808186268042 ], [ -100.286643569821024, 25.747646511910169 ], [ -100.286814452746214, 25.747511402407643 ], [ -100.287241169635976, 25.747176600163439 ], [ -100.287468147345749, 25.747010239264203 ], [ -100.28749218010762, 25.747093110270697 ], [ -100.287504749160206, 25.747136381160036 ], [ -100.287555660118912, 25.747311916819008 ], [ -100.287584058665658, 25.747401080581366 ], [ -100.287683824069475, 25.74779909739464 ], [ -100.287854233972467, 25.748359237885815 ], [ -100.287815338222757, 25.74836724514708 ], [ -100.286891419445368, 25.748593868118132 ], [ -100.286042195826639, 25.748798777087114 ], [ -100.285233297660156, 25.74900053916118 ], [ -100.28490224151453, 25.749080764009946 ], [ -100.284190607962884, 25.749245714338571 ], [ -100.284034022675584, 25.749273099558664 ], [ -100.284078633982929, 25.74944797644871 ], [ -100.284027326805571, 25.749444244190048 ], [ -100.283909127087725, 25.749833945463106 ], [ -100.283107947037877, 25.749595961891487 ], [ -100.283150379278155, 25.74945836269643 ], [ -100.282326603244073, 25.749452072475375 ], [ -100.281984288660098, 25.749414823821795 ], [ -100.281977914597704, 25.749286601609835 ], [ -100.281980220034512, 25.749040843429711 ], [ -100.281883751145415, 25.748596409915937 ], [ -100.282283693329575, 25.748429413421469 ], [ -100.282230408522693, 25.748291053587881 ], [ -100.282221982729496, 25.748255854166477 ], [ -100.282206628858404, 25.74819958080516 ], [ -100.282181378419622, 25.748071959123394 ], [ -100.282144151349954, 25.747795075451744 ], [ -100.282033336207192, 25.747509429944049 ], [ -100.281818231618004, 25.747577958030408 ], [ -100.281646911055887, 25.747675039756079 ], [ -100.281410790335784, 25.747864682725375 ], [ -100.281318391237022, 25.748048500474514 ], [ -100.281258169085064, 25.748117212150664 ], [ -100.281521006523093, 25.749096248530329 ], [ -100.281589569389979, 25.74934925169423 ], [ -100.281659482709372, 25.749607239763389 ], [ -100.28178005047512, 25.750182456583357 ], [ -100.281800989681315, 25.750392800980247 ], [ -100.281800286610263, 25.750504237638101 ], [ -100.280112893068988, 25.750469024844708 ], [ -100.279844435032075, 25.750481107044411 ] ] ] ] } },
{ "type": "Feature", "properties": { "CVEGEO": "1904600010218", "CVE_ENT": "19", "CVE_MUN": "046", "CVE_LOC": "0001", "CVE_ASEN": "0218", "CP": "00000", "FECHA_ACT": "11\/2022", "INSTITUCIO": "SECRETARÍA OBRAS PÚBLICAS Y DESARROLLO URBANO DEL MUNICIPIO DE SAN NICOLÁS DE LOS GARZA", "NOM_ASEN": "NINGUNO", "TIPO": "NINGUNO", "Shape_Leng": 2495.0557022500002, "Shape_Area": 97626.350951100001 }, "geometry": { "type": "MultiPolygon", "coordinates": [ [ [ [ -100.259414288516354, 25.7518988812575 ], [ -100.259128502261547, 25.7518938804985 ], [ -100.258282655836084, 25.751887344290235 ], [ -100.258187393961151, 25.751886608536186 ], [ -100.257660516946785, 25.751731849339034 ], [ -100.257318211485682, 25.751623337460416 ], [ -100.256850259065828, 25.751489727494441 ], [ -100.256412712828336, 25.75136053057383 ], [ -100.255961034088415, 25.751227142458426 ], [ -100.25564540025394, 25.751134865624376 ], [ -100.255588008147853, 25.751089725298907 ], [ -100.255642213026121, 25.750970841916882 ], [ -100.255321055176722, 25.75090976229265 ], [ -100.25511896907129, 25.750871328426019 ], [ -100.254803155227876, 25.750769598794513 ], [ -100.255031624885135, 25.750561620653464 ], [ -100.255214530292861, 25.750395117775007 ], [ -100.255460358764225, 25.750171347120514 ], [ -100.255702760461006, 25.749955088153285 ], [ -100.2556128084763, 25.749896604566011 ], [ -100.255469889280462, 25.749804798445332 ], [ -100.256262797269102, 25.749115121494906 ], [ -100.256036629920928, 25.748976552182196 ], [ -100.254316686067327, 25.748195425084418 ], [ -100.253966383667773, 25.748005407862063 ], [ -100.254274523831398, 25.747600899559401 ], [ -100.254741532445564, 25.74714719902223 ], [ -100.255459734248404, 25.747515001113801 ], [ -100.255477503395952, 25.747624565542001 ], [ -100.256890831707551, 25.748195252374376 ], [ -100.257023267580195, 25.748143608073363 ], [ -100.257480626743288, 25.748346676395329 ], [ -100.257445608076495, 25.748355936072493 ], [ -100.257234602574755, 25.748553159086537 ], [ -100.256880924798963, 25.74887685139343 ], [ -100.257640382680279, 25.749144740451797 ], [ -100.257320555923116, 25.749877728545101 ], [ -100.257779550042883, 25.749979637203278 ], [ -100.257193904853281, 25.751137366863588 ], [ -100.257155964007538, 25.751212375119284 ], [ -100.257580585870784, 25.751280123921681 ], [ -100.259087025974978, 25.751525293094293 ], [ -100.259561121354665, 25.751607840208951 ], [ -100.261180909060016, 25.751859667910143 ], [ -100.260775799190114, 25.751923711902705 ], [ -100.260142538251458, 25.751910863884135 ], [ -100.259701286395583, 25.75190390025762 ], [ -100.259414288516354, 25.7518988812575 ] ] ] ] } },
{ "type": "Feature", "properties": { "CVEGEO": "1904600010219", "CVE_ENT": "19", "CVE_MUN": "046", "CVE_LOC": "0001", "CVE_ASEN": "0219", "CP": "00000", "FECHA_ACT": "11\/2022", "INSTITUCIO": "SECRETARÍA OBRAS PÚBLICAS Y DESARROLLO URBANO DEL MUNICIPIO DE SAN NICOLÁS DE LOS GARZA", "NOM_ASEN": "NINGUNO", "TIPO": "NINGUNO", "Shape_Leng": 6330.52266762, "Shape_Area": 819406.34568300005 }, "geometry": { "type": "MultiPolygon", "coordinates": [ [ [ [ -100.231697909077667, 25.744669540242541 ], [ -100.230446827390935, 25.744017922910277 ], [ -100.230199242600662, 25.743888967255916 ], [ -100.225303032739973, 25.741340016319175 ], [ -100.225267429007033, 25.741321477157957 ], [ -100.22561451570472, 25.740639353638095 ], [ -100.226332709500284, 25.740745380234536 ], [ -100.226642289374794, 25.740792619746699 ], [ -100.228986372832296, 25.741156665273305 ], [ -100.228909574754823, 25.74084854896358 ], [ -100.22883194058025, 25.740649216773196 ], [ -100.228810349377156, 25.74060368299866 ], [ -100.228760880430499, 25.740510963295439 ], [ -100.228077482380783, 25.738853865242152 ], [ -100.228069802452538, 25.738824276156123 ], [ -100.228018460667073, 25.7387002379077 ], [ -100.22789004492391, 25.738378002981193 ], [ -100.227943977466467, 25.737085540857745 ], [ -100.228678845938802, 25.736781371364103 ], [ -100.230157070668994, 25.738226782253587 ], [ -100.233860920614049, 25.741832188562231 ], [ -100.23586389302443, 25.741713979518686 ], [ -100.237728599737849, 25.740391972733935 ], [ -100.237676935994017, 25.74033360333523 ], [ -100.234402877058287, 25.73721998504487 ], [ -100.23413608144125, 25.736947954894667 ], [ -100.234331037596817, 25.736765260689261 ], [ -100.234368753381972, 25.736801330326269 ], [ -100.234435921788901, 25.736737137480848 ], [ -100.234655689187562, 25.736527113788849 ], [ -100.235067060047513, 25.7361630839975 ], [ -100.23593318937516, 25.736968480083757 ], [ -100.236275577049554, 25.737291174767787 ], [ -100.237518513514701, 25.73623075395718 ], [ -100.23776428018715, 25.736487043686822 ], [ -100.238046590610466, 25.736802756842373 ], [ -100.238849224126426, 25.737688808282996 ], [ -100.239370300605003, 25.737237443987073 ], [ -100.239505849803891, 25.737363280146013 ], [ -100.239535544107412, 25.737752507975738 ], [ -100.239508601678153, 25.737785764073141 ], [ -100.239512494286146, 25.738114183934876 ], [ -100.240329690655358, 25.738228057810208 ], [ -100.240491314849805, 25.738341190806413 ], [ -100.240820145233442, 25.738571362174412 ], [ -100.241521952649634, 25.739486924194203 ], [ -100.241615677048529, 25.739609217216287 ], [ -100.239170228649471, 25.740556371251959 ], [ -100.239150020091529, 25.740668461013914 ], [ -100.239105719172017, 25.740802230559083 ], [ -100.239097142776004, 25.740833181069295 ], [ -100.238363354719226, 25.744124851776707 ], [ -100.2379596302831, 25.746001247685662 ], [ -100.237606258659412, 25.747737490035856 ], [ -100.231697909077667, 25.744669540242541 ] ] ] ] } },
{ "type": "Feature", "properties": { "CVEGEO": "1904600010221", "CVE_ENT": "19", "CVE_MUN": "046", "CVE_LOC": "0001", "CVE_ASEN": "0221", "CP": "00000", "FECHA_ACT": "11\/2022", "INSTITUCIO": "SECRETARÍA OBRAS PÚBLICAS Y DESARROLLO URBANO DEL MUNICIPIO DE SAN NICOLÁS DE LOS GARZA", "NOM_ASEN": "AVITA ANÁHUAC", "TIPO": "COLONIA", "Shape_Leng": 1421.97838325, "Shape_Area": 52235.842572299996 }, "geometry": { "type": "MultiPolygon", "coordinates": [ [ [ [ -100.317325199984438, 25.737298690092633 ], [ -100.317244868551782, 25.737293584373976 ], [ -100.316751909820809, 25.737250490103211 ], [ -100.316760152669275, 25.737138808770052 ], [ -100.316885720550786, 25.734523505035817 ], [ -100.316877447620456, 25.734038588885738 ], [ -100.316888037403132, 25.733545283721735 ], [ -100.317023570013575, 25.733090586172814 ], [ -100.317160292169632, 25.732638914066143 ], [ -100.317345215797587, 25.732219692333341 ], [ -100.317764980846832, 25.732332782050999 ], [ -100.317364090291349, 25.733765363398366 ], [ -100.317055745729888, 25.734867170222834 ], [ -100.317135609574578, 25.73486944940511 ], [ -100.317197708476314, 25.734871201431424 ], [ -100.317965768664607, 25.734892970219942 ], [ -100.318076120560519, 25.734976800417833 ], [ -100.318213339244366, 25.73510741161995 ], [ -100.318277968296158, 25.735186472231526 ], [ -100.31832582969345, 25.735301292013716 ], [ -100.31834935088682, 25.735539427917185 ], [ -100.318336678269986, 25.735767600514702 ], [ -100.318325569036674, 25.736219448389924 ], [ -100.318312677798986, 25.736703582783456 ], [ -100.318285522227384, 25.737330662274381 ], [ -100.318206607503967, 25.737358214180897 ], [ -100.317973811048759, 25.737341316447647 ], [ -100.317325199984438, 25.737298690092633 ] ] ] ] } },
{ "type": "Feature", "properties": { "CVEGEO": "1904600010222", "CVE_ENT": "19", "CVE_MUN": "046", "CVE_LOC": "0001", "CVE_ASEN": "0222", "CP": "00000", "FECHA_ACT": "11\/2022", "INSTITUCIO": "SECRETARÍA OBRAS PÚBLICAS Y DESARROLLO URBANO DEL MUNICIPIO DE SAN NICOLÁS DE LOS GARZA", "NOM_ASEN": "NINGUNO", "TIPO": "NINGUNO", "Shape_Leng": 21096.0591967, "Shape_Area": 5177043.9169399999 }, "geometry": { "type": "MultiPolygon", "coordinates": [ [ [ [ -100.287408496591226, 25.740998683164747 ], [ -100.287088642422049, 25.740814792726983 ], [ -100.286934866272873, 25.740717172928598 ], [ -100.286915990284115, 25.740706374029983 ], [ -100.286756120769795, 25.740604490520145 ], [ -100.286587355534024, 25.740503833895659 ], [ -100.286423308725418, 25.740393356332348 ], [ -100.286142457383363, 25.74022154091584 ], [ -100.286061036248114, 25.740197488443183 ], [ -100.285982343330573, 25.740202936681833 ], [ -100.286004436990567, 25.740153691609269 ], [ -100.286053556719466, 25.739852616000846 ], [ -100.286107891697739, 25.73948566310354 ], [ -100.286169931203474, 25.739109464039888 ], [ -100.286227486367508, 25.738751145946644 ], [ -100.286253675686268, 25.738588112571318 ], [ -100.286290934704056, 25.73832989649171 ], [ -100.286315008711398, 25.738181143606326 ], [ -100.286369475717692, 25.737770978274124 ], [ -100.286431442703446, 25.737382848900175 ], [ -100.286453875180996, 25.737240234864313 ], [ -100.286493934777766, 25.737004078097101 ], [ -100.286528048653722, 25.736766037483786 ], [ -100.28645747514399, 25.736749027492635 ], [ -100.286074167519047, 25.736656647305175 ], [ -100.286117977457764, 25.736324365002229 ], [ -100.286220739407469, 25.735544924852132 ], [ -100.286288559528302, 25.735030524972522 ], [ -100.286304507518224, 25.734866291857546 ], [ -100.286188726995789, 25.734741121728749 ], [ -100.285077649233997, 25.733486802775019 ], [ -100.284747629498327, 25.73311887410437 ], [ -100.28316125945237, 25.731350182765908 ], [ -100.282990599495875, 25.73115989380581 ], [ -100.282665079926275, 25.730796942909009 ], [ -100.280261132689759, 25.728119392194923 ], [ -100.27942139128487, 25.727206117708384 ], [ -100.279419390456056, 25.727539981613045 ], [ -100.27940761517182, 25.727584547567226 ], [ -100.279401144496092, 25.727614031323807 ], [ -100.279222111623014, 25.728583023327019 ], [ -100.279077972149011, 25.728953169789182 ], [ -100.279055024295275, 25.728969861511949 ], [ -100.278891628063704, 25.728954318801051 ], [ -100.278792567632792, 25.728976426049371 ], [ -100.278574345161729, 25.729069327835983 ], [ -100.277445517428703, 25.72947806883931 ], [ -100.276194230974852, 25.729996986371635 ], [ -100.275983487906927, 25.730078356248516 ], [ -100.27558165877933, 25.730247655593569 ], [ -100.275341611876712, 25.730348793913905 ], [ -100.274769792175704, 25.730575319350873 ], [ -100.274223398039553, 25.730750301450769 ], [ -100.273967021377629, 25.73083240566174 ], [ -100.273798492821641, 25.730936865412222 ], [ -100.273797805345993, 25.730937131834075 ], [ -100.273133490931784, 25.73119474557592 ], [ -100.273309857567952, 25.730971977307295 ], [ -100.273456369909766, 25.730789056551494 ], [ -100.273495322746967, 25.730741168514516 ], [ -100.274005850995863, 25.730113472812569 ], [ -100.274671349831692, 25.729295232095488 ], [ -100.275183991352108, 25.72866151613497 ], [ -100.275696285516432, 25.728017530717015 ], [ -100.275928955170514, 25.727726999844734 ], [ -100.276469044294444, 25.727050170137399 ], [ -100.276561472231307, 25.726934365752754 ], [ -100.277341910428333, 25.725956800088547 ], [ -100.277370318555214, 25.725921810038123 ], [ -100.27724495744944, 25.725860390858049 ], [ -100.27692493433976, 25.725786718196016 ], [ -100.276619475545459, 25.725768549373885 ], [ -100.276458560142885, 25.725771251155244 ], [ -100.275924610424283, 25.725859291764504 ], [ -100.275543896281221, 25.725980168272599 ], [ -100.274249373686487, 25.726528585630888 ], [ -100.273928146481722, 25.726691578881859 ], [ -100.273923386795104, 25.726661836829045 ], [ -100.273891698021345, 25.726601887901801 ], [ -100.273882313567313, 25.726532402719318 ], [ -100.273877323695302, 25.726495418372942 ], [ -100.273871283658437, 25.726342440986571 ], [ -100.274760101061247, 25.7259787675643 ], [ -100.275557070720438, 25.725658156905116 ], [ -100.277094042207978, 25.725035855104448 ], [ -100.277155855454325, 25.725010822976905 ], [ -100.277307544470389, 25.72490220059948 ], [ -100.277429403993779, 25.724855489203716 ], [ -100.277987714569321, 25.724641457546458 ], [ -100.278314111363628, 25.724517823928995 ], [ -100.278505995472514, 25.724522488184174 ], [ -100.278618303629187, 25.72435116797838 ], [ -100.278776301392625, 25.724111316969548 ], [ -100.279867010448712, 25.72238298100255 ], [ -100.280151422271402, 25.721950376736775 ], [ -100.280070742584513, 25.721859544253768 ], [ -100.279416974081443, 25.721274279412143 ], [ -100.279388559747659, 25.721244538829758 ], [ -100.278462220906405, 25.720399985023885 ], [ -100.278694459681745, 25.719923436328465 ], [ -100.278873367692526, 25.719559109536199 ], [ -100.279052850784254, 25.719189540691236 ], [ -100.279238085851816, 25.718814553859165 ], [ -100.279411468716461, 25.718459379608678 ], [ -100.279591088132236, 25.718099699661536 ], [ -100.27964001809211, 25.717997027146101 ], [ -100.279681511155687, 25.717908221932486 ], [ -100.27972762218792, 25.717852068771734 ], [ -100.279973592384692, 25.718383359109833 ], [ -100.280063755563916, 25.718578888686718 ], [ -100.280088082630016, 25.718540610132724 ], [ -100.280778746382225, 25.717453849958311 ], [ -100.280747069283436, 25.7174277538677 ], [ -100.280834143538158, 25.71728109658066 ], [ -100.280866403751531, 25.717193362624091 ], [ -100.281073076143883, 25.716808503536637 ], [ -100.281412963496834, 25.716209975971875 ], [ -100.281440668842379, 25.716177079796093 ], [ -100.281720882766919, 25.715863917861242 ], [ -100.281982273754821, 25.715564996306686 ], [ -100.282245910733934, 25.715274374288455 ], [ -100.282619647077937, 25.714876381234426 ], [ -100.283692001284706, 25.71561554817243 ], [ -100.285068272949246, 25.716625185958694 ], [ -100.283162895978805, 25.716582669826771 ], [ -100.282686409813508, 25.717374476158771 ], [ -100.282393422333556, 25.717879277277763 ], [ -100.282031657490549, 25.718501871391677 ], [ -100.28163270299946, 25.71914329316121 ], [ -100.281556905858878, 25.719276094121913 ], [ -100.284171858484399, 25.720016811496933 ], [ -100.285855199010982, 25.720391255454889 ], [ -100.285401576984512, 25.72169832777567 ], [ -100.285735382787777, 25.721555568322874 ], [ -100.287404612631818, 25.720882808659024 ], [ -100.289660822943986, 25.719979947907447 ], [ -100.28989029655844, 25.720133181111585 ], [ -100.2935166533602, 25.718664179286222 ], [ -100.294514532301434, 25.718298518222543 ], [ -100.296506297034142, 25.717474115803345 ], [ -100.297472486002022, 25.717087389531603 ], [ -100.298431783484503, 25.716699364202643 ], [ -100.29938387061884, 25.716316655936641 ], [ -100.300342808981441, 25.715925349786151 ], [ -100.300997048954329, 25.715676346397441 ], [ -100.302098656500704, 25.715206030882722 ], [ -100.306957920843075, 25.717163079641885 ], [ -100.307931449320023, 25.717554521139405 ], [ -100.31026916882611, 25.718519231121771 ], [ -100.310092817238356, 25.719013770448267 ], [ -100.309564261470626, 25.720495970195049 ], [ -100.314088316402433, 25.721791940048412 ], [ -100.317056018636592, 25.72266207882403 ], [ -100.317069216492925, 25.723483949636208 ], [ -100.317067289852403, 25.723827290315146 ], [ -100.317065660510949, 25.724124339281872 ], [ -100.317070974797403, 25.724285237033481 ], [ -100.317124660247373, 25.725910279586568 ], [ -100.317139830256622, 25.726803200758013 ], [ -100.317164308508723, 25.727409230754208 ], [ -100.31718704939631, 25.727788181392409 ], [ -100.317205553592331, 25.728105381267913 ], [ -100.317156316650994, 25.728468583795564 ], [ -100.317147646799995, 25.728532521903446 ], [ -100.317018508306759, 25.728978618141518 ], [ -100.316825504701356, 25.729318829555098 ], [ -100.316738453603591, 25.729586860021673 ], [ -100.316726203972706, 25.72962457468487 ], [ -100.316588907921627, 25.730047331442631 ], [ -100.316505678461368, 25.730303584870949 ], [ -100.316472557388295, 25.729976838885701 ], [ -100.316464676888742, 25.729801898571345 ], [ -100.316442288762659, 25.729680270255049 ], [ -100.316357032456438, 25.729532771298459 ], [ -100.316287002429462, 25.729452677939452 ], [ -100.31618938725866, 25.729376519654444 ], [ -100.316026102325296, 25.72930098981811 ], [ -100.315978351054639, 25.729302360350594 ], [ -100.315879647830783, 25.729293388693655 ], [ -100.315795209249515, 25.729294816088121 ], [ -100.315673389097199, 25.729304665520299 ], [ -100.315598536103607, 25.729321951323126 ], [ -100.314990147281009, 25.729514522496491 ], [ -100.314535979824328, 25.729700588183345 ], [ -100.314101328341167, 25.729702342344897 ], [ -100.313268389649437, 25.730140863483463 ], [ -100.312575091259262, 25.730490129603741 ], [ -100.312076954009513, 25.730669332406102 ], [ -100.311709701150676, 25.730717147079876 ], [ -100.311468534311999, 25.730727795882839 ], [ -100.311063662045797, 25.730708584556663 ], [ -100.310085939132819, 25.730561466124229 ], [ -100.30983222813083, 25.730556046054872 ], [ -100.309598228763775, 25.73057934508557 ], [ -100.309327799296597, 25.73068361333954 ], [ -100.309057193935047, 25.730790282818379 ], [ -100.308957158497734, 25.730826055261836 ], [ -100.308698248316517, 25.730922739526395 ], [ -100.307686291638419, 25.731309048833914 ], [ -100.3075694387244, 25.731447018150604 ], [ -100.307452124182916, 25.731560605716879 ], [ -100.307335238682597, 25.731668302230403 ], [ -100.306759165412487, 25.731933481002883 ], [ -100.306484593374762, 25.732047713393506 ], [ -100.305808152513549, 25.732393977201475 ], [ -100.305441239371774, 25.73272207676353 ], [ -100.305294542802173, 25.732939472484997 ], [ -100.30515550672537, 25.733158832981125 ], [ -100.304964192838284, 25.733627520992933 ], [ -100.30472771307268, 25.733936901155101 ], [ -100.304676582663149, 25.73409921194914 ], [ -100.30455342998377, 25.734490151237125 ], [ -100.304616617719049, 25.734543645445282 ], [ -100.30458295650422, 25.734662284057332 ], [ -100.304506194944651, 25.734592592319622 ], [ -100.303996533477815, 25.734327342357766 ], [ -100.303340566970661, 25.73414089638197 ], [ -100.302930554844338, 25.734082060275252 ], [ -100.302700425797667, 25.734077413121465 ], [ -100.302717694393834, 25.734052229290779 ], [ -100.302759942048041, 25.733963405610282 ], [ -100.302775573707549, 25.73390056349589 ], [ -100.302788801997849, 25.73384538702237 ], [ -100.302796120802654, 25.733768848896194 ], [ -100.302776135663578, 25.733494278141748 ], [ -100.302911206864962, 25.732997133850528 ], [ -100.302919682041448, 25.732965902138243 ], [ -100.303004618970036, 25.732628816589099 ], [ -100.303043414140518, 25.732434447292551 ], [ -100.30305734132638, 25.732237293586888 ], [ -100.303069804032646, 25.731892230326864 ], [ -100.303070580454843, 25.73187073986163 ], [ -100.303090139085242, 25.731632742211019 ], [ -100.303037993750991, 25.731287183167893 ], [ -100.302933441123159, 25.730696353415631 ], [ -100.302876669545682, 25.73067368103224 ], [ -100.302586876286355, 25.730007001947616 ], [ -100.30257546049404, 25.729980739580682 ], [ -100.302540357605139, 25.729682819105378 ], [ -100.301994866964435, 25.728914870225108 ], [ -100.301874970346091, 25.728760813148146 ], [ -100.301682576565639, 25.728602450068728 ], [ -100.301212340582794, 25.728278749327846 ], [ -100.298388477652637, 25.726333985421231 ], [ -100.296636011222731, 25.725082793002198 ], [ -100.295804049920847, 25.72435025244808 ], [ -100.293533312503541, 25.722734209689534 ], [ -100.293309107279185, 25.723612612431538 ], [ -100.293217390147746, 25.723973173849867 ], [ -100.293085210061435, 25.72447694437458 ], [ -100.292956254088665, 25.724995430267022 ], [ -100.292822949723401, 25.725505352115778 ], [ -100.292792264347398, 25.725620003197662 ], [ -100.290873691595607, 25.725081970960431 ], [ -100.288844320844973, 25.72974324947759 ], [ -100.288624930234391, 25.730255682314127 ], [ -100.288469023410656, 25.730631932354459 ], [ -100.288038343999816, 25.731671203268981 ], [ -100.287908138646017, 25.732021960344774 ], [ -100.287517234844358, 25.732845987029574 ], [ -100.28742565748901, 25.733092676670264 ], [ -100.287133061651971, 25.734109843642578 ], [ -100.287047401683424, 25.734385862311516 ], [ -100.287015090523241, 25.734561816636489 ], [ -100.286866489996001, 25.735371016906367 ], [ -100.286827784324487, 25.735421619915559 ], [ -100.286949286351529, 25.735566587835507 ], [ -100.287086202667552, 25.735555092532998 ], [ -100.287212360427105, 25.735552137195107 ], [ -100.28723300165386, 25.735577100863317 ], [ -100.287392105563569, 25.735575820546732 ], [ -100.287705128852394, 25.735568948605422 ], [ -100.287747697257203, 25.735804469353301 ], [ -100.290205225189055, 25.73578341960998 ], [ -100.290266163376018, 25.735562432774898 ], [ -100.290270270173423, 25.735546300681058 ], [ -100.290527909742067, 25.734534170375735 ], [ -100.290658379451187, 25.73404624366399 ], [ -100.290662680514913, 25.734029267401652 ], [ -100.290674709746213, 25.733981743149776 ], [ -100.290773798562924, 25.734002203722763 ], [ -100.291464344148935, 25.734151191276446 ], [ -100.29202448401071, 25.734267337767783 ], [ -100.292036978120635, 25.734268577274236 ], [ -100.292073725307532, 25.734316249533666 ], [ -100.292770034249969, 25.735252122640127 ], [ -100.292880187077827, 25.735185395544757 ], [ -100.293016743098121, 25.735094101068015 ], [ -100.293108216765688, 25.735033988579904 ], [ -100.293300779564774, 25.734842861248644 ], [ -100.293851933818786, 25.734272285592713 ], [ -100.2939560904384, 25.734364182852765 ], [ -100.294615923155078, 25.734129700927578 ], [ -100.29521502216457, 25.733826317380593 ], [ -100.295616215373727, 25.733625413612572 ], [ -100.295760185602262, 25.733515608314775 ], [ -100.296233465105615, 25.73316106823259 ], [ -100.296710305645234, 25.732812429676038 ], [ -100.297156405303681, 25.732484107927903 ], [ -100.297594740463978, 25.73215957248344 ], [ -100.298075407266737, 25.731810751257761 ], [ -100.298150418317718, 25.731767480599302 ], [ -100.299492766013159, 25.730855808406847 ], [ -100.299563376366265, 25.730839056057405 ], [ -100.300311758027249, 25.731608368581732 ], [ -100.300486519949061, 25.73190667808624 ], [ -100.300807280016244, 25.732570552336451 ], [ -100.300914026585005, 25.73273151242589 ], [ -100.301173147246715, 25.73299066907099 ], [ -100.300888421337746, 25.732940810564248 ], [ -100.300441406019587, 25.732798469065926 ], [ -100.29997140165527, 25.732648806611088 ], [ -100.29894539244232, 25.733262458815997 ], [ -100.298741043279037, 25.733384679152259 ], [ -100.2987544954605, 25.733442668916645 ], [ -100.299047341086677, 25.733902256819974 ], [ -100.29976778053603, 25.735021261171354 ], [ -100.299946904211708, 25.735317863104484 ], [ -100.299973739101787, 25.735389683054436 ], [ -100.299594431842763, 25.735710392116008 ], [ -100.299094300629207, 25.736289920249249 ], [ -100.298990190469155, 25.736290205892782 ], [ -100.297695323670013, 25.736327309106102 ], [ -100.297506008340321, 25.736290711371005 ], [ -100.297364396157334, 25.736273980024787 ], [ -100.297187669360227, 25.736224498131531 ], [ -100.296909223954813, 25.736142766392977 ], [ -100.296354466595901, 25.735992631944132 ], [ -100.296234705053379, 25.735942499322825 ], [ -100.295810149949972, 25.735758475954324 ], [ -100.295643277664283, 25.735686142075817 ], [ -100.295527245746371, 25.735618926609877 ], [ -100.295311268740548, 25.735509375415223 ], [ -100.295257389788219, 25.735468132495338 ], [ -100.295201882977793, 25.735495835243167 ], [ -100.294416204090382, 25.735960776154123 ], [ -100.293573812444109, 25.73646041880637 ], [ -100.292731412338838, 25.736960054940507 ], [ -100.292463683463041, 25.737119937118152 ], [ -100.291535186629446, 25.737673027613866 ], [ -100.291272755025673, 25.737829353185727 ], [ -100.291074558361956, 25.737948050691472 ], [ -100.290873212066927, 25.738068634978138 ], [ -100.29049091799034, 25.738295603452361 ], [ -100.290437088913706, 25.738323489492586 ], [ -100.29013652381272, 25.738411846002201 ], [ -100.289653818721874, 25.738564099402758 ], [ -100.289579876778006, 25.738459501444403 ], [ -100.289512601490785, 25.73855877907447 ], [ -100.289490976936392, 25.738590698735212 ], [ -100.288700483192045, 25.73942538887659 ], [ -100.288210531693039, 25.739906786835981 ], [ -100.287961446872117, 25.740318760744977 ], [ -100.287708745034436, 25.740774431555291 ], [ -100.287555648282179, 25.741065810912577 ], [ -100.287408496591226, 25.740998683164747 ] ] ] ] } },
{ "type": "Feature", "properties": { "CVEGEO": "1904600010227", "CVE_ENT": "19", "CVE_MUN": "046", "CVE_LOC": "0001", "CVE_ASEN": "0227", "CP": "00000", "FECHA_ACT": "11\/2022", "INSTITUCIO": "SECRETARÍA OBRAS PÚBLICAS Y DESARROLLO URBANO DEL MUNICIPIO DE SAN NICOLÁS DE LOS GARZA", "NOM_ASEN": "NINGUNO", "TIPO": "NINGUNO", "Shape_Leng": 441.04232861600002, "Shape_Area": 11190.8571839 }, "geometry": { "type": "MultiPolygon", "coordinates": [ [ [ [ -100.281039501017148, 25.744493666967355 ], [ -100.281024279970623, 25.744521411921411 ], [ -100.280403650867612, 25.745652726858808 ], [ -100.279583057405503, 25.745374719812805 ], [ -100.279863504661037, 25.744929415111361 ], [ -100.280046997353637, 25.744644214187066 ], [ -100.280222131094391, 25.744367851620783 ], [ -100.281039501017148, 25.744493666967355 ] ] ] ] } },
{ "type": "Feature", "properties": { "CVEGEO": "1904600010228", "CVE_ENT": "19", "CVE_MUN": "046", "CVE_LOC": "0001", "CVE_ASEN": "0228", "CP": "00000", "FECHA_ACT": "11\/2022", "INSTITUCIO": "SECRETARÍA OBRAS PÚBLICAS Y DESARROLLO URBANO DEL MUNICIPIO DE SAN NICOLÁS DE LOS GARZA", "NOM_ASEN": "NINGUNO", "TIPO": "NINGUNO", "Shape_Leng": 710.67903704900004, "Shape_Area": 24690.899099400001 }, "geometry": { "type": "MultiPolygon", "coordinates": [ [ [ [ -100.27824040313233, 25.7391486520482 ], [ -100.278280647648543, 25.739162480645032 ], [ -100.278320001531796, 25.739176261453395 ], [ -100.278853211175473, 25.739363008988676 ], [ -100.27860510460134, 25.739724156294947 ], [ -100.278259667218123, 25.740231681770471 ], [ -100.278152819175347, 25.740398509533502 ], [ -100.278154198094882, 25.740429261032563 ], [ -100.276840943178712, 25.740343037230588 ], [ -100.276718092089496, 25.740687553088552 ], [ -100.276716651857626, 25.74069571676316 ], [ -100.276555953460061, 25.740678104317059 ], [ -100.276667232033105, 25.740314890840541 ], [ -100.276676650998638, 25.740270704403173 ], [ -100.277270587463534, 25.738829312477126 ], [ -100.277586253075526, 25.738934668348659 ], [ -100.277653944332329, 25.738947163057784 ], [ -100.27824040313233, 25.7391486520482 ] ] ] ] } },
{ "type": "Feature", "properties": { "CVEGEO": "1904600010229", "CVE_ENT": "19", "CVE_MUN": "046", "CVE_LOC": "0001", "CVE_ASEN": "0229", "CP": "00000", "FECHA_ACT": "11\/2022", "INSTITUCIO": "SECRETARÍA OBRAS PÚBLICAS Y DESARROLLO URBANO DEL MUNICIPIO DE SAN NICOLÁS DE LOS GARZA", "NOM_ASEN": "NINGUNO", "TIPO": "NINGUNO", "Shape_Leng": 1696.98904113, "Shape_Area": 117599.539158 }, "geometry": { "type": "MultiPolygon", "coordinates": [ [ [ [ -100.263087286820536, 25.743279044812247 ], [ -100.262706098158077, 25.743004930328727 ], [ -100.261529693382286, 25.742209715250112 ], [ -100.261233611878268, 25.742199442328559 ], [ -100.261093631255832, 25.742204450111114 ], [ -100.261132392163816, 25.741843703646101 ], [ -100.261135276012638, 25.74177864878736 ], [ -100.261146765698172, 25.741620883882266 ], [ -100.261149992259021, 25.741583639675039 ], [ -100.26117403451191, 25.741461002954374 ], [ -100.261196719464621, 25.741451721270625 ], [ -100.261218114593547, 25.741451562569981 ], [ -100.261240114581867, 25.741248372395344 ], [ -100.261285015876524, 25.740865765329854 ], [ -100.261315028860508, 25.740470184135638 ], [ -100.261361145298025, 25.740272976345643 ], [ -100.263272746887395, 25.740441895734183 ], [ -100.265574772657587, 25.740643487168121 ], [ -100.265791217767926, 25.740663225138306 ], [ -100.265482874089699, 25.740919158268841 ], [ -100.265311267174397, 25.741065002001978 ], [ -100.265082974444653, 25.741266582007707 ], [ -100.264965557797581, 25.741359895899638 ], [ -100.264680891920861, 25.741620569208564 ], [ -100.264405577188171, 25.741930803308868 ], [ -100.264253083168427, 25.742106048073882 ], [ -100.266074153981478, 25.74315697227081 ], [ -100.266060485736148, 25.743307776671099 ], [ -100.266059571962444, 25.743344717902303 ], [ -100.265601358589677, 25.7438082620376 ], [ -100.263975926459295, 25.743512559686963 ], [ -100.263840146627842, 25.743458985572808 ], [ -100.263656599211615, 25.743368386190308 ], [ -100.26321454986028, 25.743160649354433 ], [ -100.263087286820536, 25.743279044812247 ] ] ] ] } },
{ "type": "Feature", "properties": { "CVEGEO": "1904600010230", "CVE_ENT": "19", "CVE_MUN": "046", "CVE_LOC": "0001", "CVE_ASEN": "0230", "CP": "00000", "FECHA_ACT": "11\/2022", "INSTITUCIO": "SECRETARÍA OBRAS PÚBLICAS Y DESARROLLO URBANO DEL MUNICIPIO DE SAN NICOLÁS DE LOS GARZA", "NOM_ASEN": "NINGUNO", "TIPO": "NINGUNO", "Shape_Leng": 14664.1743233, "Shape_Area": 2997860.7604200002 }, "geometry": { "type": "MultiPolygon", "coordinates": [ [ [ [ -100.255507552908256, 25.739954035285727 ], [ -100.25486572307004, 25.738879125799247 ], [ -100.254727736008491, 25.738566674345503 ], [ -100.254668770763089, 25.738371192301802 ], [ -100.254551705471457, 25.738008588787114 ], [ -100.254231123361663, 25.737145159798093 ], [ -100.254172236301756, 25.736834736819333 ], [ -100.254187321880238, 25.736691962455073 ], [ -100.253818359146109, 25.73732598241671 ], [ -100.253571034539988, 25.737761239144273 ], [ -100.253529547725975, 25.737851942959296 ], [ -100.253130912179955, 25.738547315356474 ], [ -100.252806607587701, 25.739098204332056 ], [ -100.252651476955108, 25.739356257052986 ], [ -100.252628535433317, 25.739394417377234 ], [ -100.251289744117116, 25.738893899943086 ], [ -100.251246615899817, 25.738875045885404 ], [ -100.251206907396266, 25.738857321619115 ], [ -100.248655492979069, 25.73785339752115 ], [ -100.248561638857851, 25.737893546590545 ], [ -100.248313889523203, 25.737805980916665 ], [ -100.247597725401008, 25.739777416088518 ], [ -100.246706247232822, 25.739447167757668 ], [ -100.246531356635074, 25.739309160322616 ], [ -100.246087587516314, 25.738877286891107 ], [ -100.246194624526609, 25.738537459863768 ], [ -100.246408619958174, 25.73767346073231 ], [ -100.24638954695321, 25.737541270898269 ], [ -100.246489594297088, 25.737353354949558 ], [ -100.246446540402317, 25.737353117602478 ], [ -100.246559506548067, 25.737105950178243 ], [ -100.246655644663619, 25.737044235340523 ], [ -100.246696826898997, 25.736933849594379 ], [ -100.243746854722929, 25.736925354171966 ], [ -100.243159053300701, 25.736963788330012 ], [ -100.24294499214588, 25.736847558214112 ], [ -100.242754014858917, 25.736767833460981 ], [ -100.240949417299859, 25.735939348397164 ], [ -100.24088912073276, 25.735911665991313 ], [ -100.242141635516077, 25.734820447345367 ], [ -100.24224718993284, 25.734750097847606 ], [ -100.243356621615632, 25.733769903783813 ], [ -100.244662852688364, 25.732616171669765 ], [ -100.244736065651182, 25.732551422749239 ], [ -100.245901534488723, 25.731520662596534 ], [ -100.246113616280866, 25.731342493114351 ], [ -100.246834063321714, 25.730695509678519 ], [ -100.247264481328415, 25.731171271773487 ], [ -100.247949187853791, 25.73196896937031 ], [ -100.248336448892459, 25.731682954349811 ], [ -100.248254763584114, 25.73152946592641 ], [ -100.248247725832442, 25.731032556140249 ], [ -100.248250998420943, 25.730946709214233 ], [ -100.248257856826896, 25.730863913234241 ], [ -100.248287123530076, 25.73039203748197 ], [ -100.24829419830256, 25.730316806526332 ], [ -100.24830304836803, 25.730247450878498 ], [ -100.248280984993173, 25.729786263023009 ], [ -100.248291637424543, 25.729569882375809 ], [ -100.248375294510197, 25.729501162016572 ], [ -100.248916293177032, 25.729026509146692 ], [ -100.249163925919504, 25.728878273543593 ], [ -100.248984574526744, 25.728569212591626 ], [ -100.248874389865705, 25.728373016899045 ], [ -100.248874333140691, 25.728372916500188 ], [ -100.248779919028792, 25.728204801223708 ], [ -100.248585753257871, 25.727864047058844 ], [ -100.248359279672258, 25.727458050035267 ], [ -100.248358873055793, 25.727457312669078 ], [ -100.248358789007355, 25.727457159360792 ], [ -100.24835864045761, 25.727456888334054 ], [ -100.248147402912181, 25.72707307629538 ], [ -100.24814692586331, 25.727072215702108 ], [ -100.247939081358879, 25.726702935802326 ], [ -100.247710572988652, 25.726306818609533 ], [ -100.247468633636132, 25.725888990701918 ], [ -100.246853572432528, 25.724773272548241 ], [ -100.246880466769639, 25.724725580110917 ], [ -100.246519813904428, 25.724058836309943 ], [ -100.246023073591587, 25.72350723702743 ], [ -100.245995424933, 25.723465882736956 ], [ -100.245961376628756, 25.723429516882494 ], [ -100.245024738534397, 25.722433439057511 ], [ -100.244952308932227, 25.722355403553046 ], [ -100.244930179309236, 25.722327889635636 ], [ -100.244913266048144, 25.722295961940659 ], [ -100.244518251099564, 25.721725116657094 ], [ -100.244174704452348, 25.721181518153106 ], [ -100.244116662354514, 25.721138324342068 ], [ -100.244073391727767, 25.721098663009812 ], [ -100.243843872574956, 25.720781207326855 ], [ -100.243815718673929, 25.720743545772741 ], [ -100.243781810469386, 25.720695284439952 ], [ -100.243566526398411, 25.720351662613879 ], [ -100.243543442233957, 25.720321034039159 ], [ -100.243521331434181, 25.720284917904344 ], [ -100.243313750241498, 25.719940435951976 ], [ -100.243293376853885, 25.719898318250703 ], [ -100.243276681865538, 25.719862889820408 ], [ -100.243074619828505, 25.719531974201175 ], [ -100.243045119447217, 25.719490110717238 ], [ -100.243018213465689, 25.71945764554145 ], [ -100.242806586219245, 25.719127192913191 ], [ -100.242640687673699, 25.719006861889312 ], [ -100.242916987406261, 25.718903475241724 ], [ -100.245939969197551, 25.717810357198569 ], [ -100.247133691065031, 25.717376213816248 ], [ -100.247179615132282, 25.717359519709895 ], [ -100.250038646912003, 25.71612273084995 ], [ -100.250170729986493, 25.716098701677396 ], [ -100.250306432369214, 25.716035358503337 ], [ -100.250374236653172, 25.716221135012322 ], [ -100.250472374703335, 25.716518034006636 ], [ -100.250956658216822, 25.718351722698429 ], [ -100.251063165722783, 25.718799763006171 ], [ -100.251199247157004, 25.719313008904486 ], [ -100.251304425972862, 25.719693849241743 ], [ -100.251354143982581, 25.719883372326052 ], [ -100.251414846607005, 25.720114751375654 ], [ -100.251443890947925, 25.720222917679649 ], [ -100.251545536540917, 25.720601534437954 ], [ -100.251840791313427, 25.721723765740361 ], [ -100.251848971480555, 25.721758994859641 ], [ -100.251931284642978, 25.722112954182972 ], [ -100.251940508380883, 25.722150180270731 ], [ -100.252038045262267, 25.722543702008927 ], [ -100.25236699452114, 25.723848317167331 ], [ -100.252654430540503, 25.725071478263114 ], [ -100.252717433805685, 25.725339568155245 ], [ -100.252793247279683, 25.725745095146767 ], [ -100.253152806608611, 25.725427328002649 ], [ -100.253184248637851, 25.725398933402772 ], [ -100.253550748733701, 25.725078298600195 ], [ -100.254485482276095, 25.724299410378219 ], [ -100.254486578054568, 25.724302068225448 ], [ -100.254498135960702, 25.724330112702035 ], [ -100.254515992135651, 25.724375300286287 ], [ -100.254623615344101, 25.724641934993794 ], [ -100.254648052294357, 25.724702475594665 ], [ -100.25476927567307, 25.725017658409769 ], [ -100.255149410524481, 25.724898397961486 ], [ -100.255155035885949, 25.724846368229915 ], [ -100.255242698421227, 25.72477534628317 ], [ -100.255400714046132, 25.724749340137731 ], [ -100.255684660042334, 25.7247352608325 ], [ -100.25572706753907, 25.724732317667399 ], [ -100.255777138620871, 25.72471420109979 ], [ -100.256184637785623, 25.724727714722174 ], [ -100.25663442306913, 25.724851194209982 ], [ -100.256726785781808, 25.724867415526756 ], [ -100.256756659990245, 25.72488661401524 ], [ -100.25680069935872, 25.724892051214287 ], [ -100.256913855472064, 25.724895597251063 ], [ -100.25689657496784, 25.722331786511276 ], [ -100.256847268448809, 25.722262558835727 ], [ -100.256888397760704, 25.722220936947338 ], [ -100.256927833853453, 25.722181030622803 ], [ -100.258543483147434, 25.720867774249264 ], [ -100.258580739606288, 25.720837495994324 ], [ -100.259038664549777, 25.720435242853984 ], [ -100.259295452996156, 25.721035769816233 ], [ -100.259312674410168, 25.721079922334894 ], [ -100.259795497214427, 25.720914084883656 ], [ -100.261051559028161, 25.720435524056271 ], [ -100.260854182174995, 25.72000206858689 ], [ -100.261108034968231, 25.719800039438645 ], [ -100.261004083262293, 25.719633110889067 ], [ -100.261197710805021, 25.719528722744478 ], [ -100.260875842934354, 25.718951726132694 ], [ -100.260761098335649, 25.718841496265707 ], [ -100.261240396613942, 25.718385828095144 ], [ -100.261534007502561, 25.718123838949012 ], [ -100.261831551043386, 25.717867922264944 ], [ -100.262093169872443, 25.717641798982008 ], [ -100.262791814942332, 25.71701863039458 ], [ -100.263078111892995, 25.716763267143055 ], [ -100.263612122998708, 25.716325428511066 ], [ -100.263549600306391, 25.716489120388633 ], [ -100.26352295043813, 25.716558888205974 ], [ -100.262693338178551, 25.71844486055009 ], [ -100.263766995549418, 25.719035870644831 ], [ -100.264062722488845, 25.719271954466123 ], [ -100.264806593783646, 25.719941518253748 ], [ -100.264746322659633, 25.720172682514914 ], [ -100.264910661918648, 25.720650533104219 ], [ -100.265028891430347, 25.721178417055295 ], [ -100.264940340089638, 25.721181928197545 ], [ -100.264625019592955, 25.721403779914247 ], [ -100.264256721817205, 25.72168367341985 ], [ -100.264219400985809, 25.721666319349186 ], [ -100.263919561615268, 25.720740120299418 ], [ -100.263865465124965, 25.72060928200181 ], [ -100.262744405083922, 25.721408437110849 ], [ -100.26251754923905, 25.721570150477813 ], [ -100.262498980618005, 25.721587111095264 ], [ -100.262676519876976, 25.723361355924883 ], [ -100.262771699206496, 25.724425451938874 ], [ -100.26290339110443, 25.725858522011034 ], [ -100.262866446295888, 25.725947756891482 ], [ -100.262912309358228, 25.726627009580127 ], [ -100.262806383109123, 25.726601537582901 ], [ -100.262792765291934, 25.726720040993612 ], [ -100.262798473901228, 25.726915247632604 ], [ -100.262860409807189, 25.726918911271667 ], [ -100.262917949590928, 25.727454184375592 ], [ -100.263007366092339, 25.728306200193337 ], [ -100.263020355233976, 25.728390849964072 ], [ -100.263067346768153, 25.73054336791629 ], [ -100.263073240365202, 25.730756535689661 ], [ -100.263115798647064, 25.730972138247921 ], [ -100.262608535620046, 25.731183328413483 ], [ -100.261548500631989, 25.731595339503393 ], [ -100.26139543781288, 25.731470738981944 ], [ -100.26095924607209, 25.731436260428396 ], [ -100.260802086650642, 25.731479171812644 ], [ -100.260723093605904, 25.731026901226357 ], [ -100.260529846479727, 25.730744872906296 ], [ -100.260131540777834, 25.730522021127179 ], [ -100.259961567224195, 25.730502994398609 ], [ -100.259635862525357, 25.730675200652207 ], [ -100.259460258448229, 25.730318280627419 ], [ -100.258961998756106, 25.729927097592405 ], [ -100.258647910202072, 25.729674400266344 ], [ -100.258347626880436, 25.729339601711533 ], [ -100.257345748611769, 25.729333501003936 ], [ -100.252669558937072, 25.731009420703057 ], [ -100.252563857012376, 25.731076500418251 ], [ -100.252977835608462, 25.73190301306861 ], [ -100.253344647066044, 25.732650224440007 ], [ -100.253379576571433, 25.732723712963676 ], [ -100.25359126595346, 25.733174878258449 ], [ -100.253668554095796, 25.73328936270865 ], [ -100.254150221444746, 25.734374156053498 ], [ -100.254282433647759, 25.734490639745026 ], [ -100.257669363565597, 25.733125689674218 ], [ -100.259104393851715, 25.732551702228516 ], [ -100.259137056503207, 25.732755048319849 ], [ -100.259236537321101, 25.732976509111602 ], [ -100.259852640749486, 25.734356131117114 ], [ -100.260002150097861, 25.734743982844524 ], [ -100.260173471828821, 25.735117559130291 ], [ -100.260170968625374, 25.735146918679391 ], [ -100.25983987837688, 25.73631648171618 ], [ -100.259930189671991, 25.736474214087785 ], [ -100.259895907221647, 25.736487076917516 ], [ -100.259385093050128, 25.736679752242246 ], [ -100.259342381119936, 25.736695862792487 ], [ -100.257522838040117, 25.737427594141021 ], [ -100.257274718264355, 25.73752871390419 ], [ -100.257357151075624, 25.73797763139752 ], [ -100.257302046730729, 25.738426067192002 ], [ -100.256967033725701, 25.739613903455911 ], [ -100.25681429949185, 25.740021250373548 ], [ -100.256808133909573, 25.740663626340478 ], [ -100.256777366614017, 25.74079875049032 ], [ -100.256264111037012, 25.740537821116661 ], [ -100.255811642462163, 25.740210116553602 ], [ -100.255636819964749, 25.740083700762831 ], [ -100.255507552908256, 25.739954035285727 ] ] ] ] } },
{ "type": "Feature", "properties": { "CVEGEO": "1904600010234", "CVE_ENT": "19", "CVE_MUN": "046", "CVE_LOC": "0001", "CVE_ASEN": "0234", "CP": "00000", "FECHA_ACT": "11\/2022", "INSTITUCIO": "SECRETARÍA OBRAS PÚBLICAS Y DESARROLLO URBANO DEL MUNICIPIO DE SAN NICOLÁS DE LOS GARZA", "NOM_ASEN": "ALCATRACES RESIDENCIAL", "TIPO": "COLONIA", "Shape_Leng": 2776.8841580600001, "Shape_Area": 187109.878516 }, "geometry": { "type": "MultiPolygon", "coordinates": [ [ [ [ -100.227329037823168, 25.723018137576442 ], [ -100.227344461097346, 25.723235264711725 ], [ -100.227407762445949, 25.724032619842159 ], [ -100.22755900580367, 25.724015594961731 ], [ -100.227588527325409, 25.724345512348712 ], [ -100.227590926681103, 25.72440611895658 ], [ -100.227661963918408, 25.725235065977721 ], [ -100.227700157599628, 25.725628096029432 ], [ -100.227831230294427, 25.726982965612073 ], [ -100.227853090547569, 25.727164784062076 ], [ -100.227985335371741, 25.727158007650534 ], [ -100.228386024231753, 25.727127386552716 ], [ -100.230274543871133, 25.726976600318164 ], [ -100.230294238964873, 25.727355600313892 ], [ -100.232003008256527, 25.726719147860127 ], [ -100.232361216684055, 25.727203728091688 ], [ -100.232440229539392, 25.727298969779646 ], [ -100.232572601065968, 25.727500274852378 ], [ -100.232628518910715, 25.72762519737288 ], [ -100.232683246207529, 25.727801276748536 ], [ -100.232712989131912, 25.727976166557134 ], [ -100.232729707498493, 25.728116835304391 ], [ -100.232670643266147, 25.728129976248869 ], [ -100.231086224529776, 25.72872860810115 ], [ -100.231048818309858, 25.728759313484581 ], [ -100.230653741979026, 25.728900119267035 ], [ -100.229271982191008, 25.729407496005233 ], [ -100.228281542002236, 25.729771191650563 ], [ -100.227842674890638, 25.729917789583766 ], [ -100.226366652505121, 25.730456378129517 ], [ -100.2263545968503, 25.730331641134718 ], [ -100.226103417776713, 25.727689894363497 ], [ -100.226087931622146, 25.72752925521587 ], [ -100.226070246870179, 25.727328702654546 ], [ -100.226275838423533, 25.727327287246062 ], [ -100.227178802829044, 25.72732103974603 ], [ -100.227153705916692, 25.727122436011292 ], [ -100.227150849214098, 25.727084933367397 ], [ -100.227148553140736, 25.727046852881408 ], [ -100.226866532902946, 25.724244194720086 ], [ -100.226874542010236, 25.724237846401202 ], [ -100.226764861100293, 25.723215273148799 ], [ -100.227074606284916, 25.723110443972388 ], [ -100.227329037823168, 25.723018137576442 ] ] ] ] } },
{ "type": "Feature", "properties": { "CVEGEO": "1904600010235", "CVE_ENT": "19", "CVE_MUN": "046", "CVE_LOC": "0001", "CVE_ASEN": "0235", "CP": "00000", "FECHA_ACT": "11\/2022", "INSTITUCIO": "SECRETARÍA OBRAS PÚBLICAS Y DESARROLLO URBANO DEL MUNICIPIO DE SAN NICOLÁS DE LOS GARZA", "NOM_ASEN": "NINGUNO", "TIPO": "NINGUNO", "Shape_Leng": 9118.7916022099998, "Shape_Area": 1261287.8492300001 }, "geometry": { "type": "MultiPolygon", "coordinates": [ [ [ [ -100.209661493091446, 25.733307231556488 ], [ -100.20935815031531, 25.733168324349226 ], [ -100.209296973506042, 25.733293974879945 ], [ -100.206680308836752, 25.732762122851554 ], [ -100.206883624950109, 25.731911703513322 ], [ -100.206885312944081, 25.731911147582689 ], [ -100.20688689976545, 25.731910231328577 ], [ -100.206888184617668, 25.731909137507888 ], [ -100.206889949088477, 25.731906233276106 ], [ -100.206890231890497, 25.731904607481003 ], [ -100.206901196340226, 25.731795987881522 ], [ -100.206942796520451, 25.731779390794735 ], [ -100.206890658188044, 25.731578186866702 ], [ -100.206791046440841, 25.731193767001582 ], [ -100.206801924021534, 25.731185815042991 ], [ -100.206865858190923, 25.731192615212656 ], [ -100.210233676282201, 25.731222951844114 ], [ -100.210384290008392, 25.731338910005665 ], [ -100.210994880941598, 25.730185755496173 ], [ -100.211286621682987, 25.729634752731144 ], [ -100.211585764838944, 25.729069796753304 ], [ -100.212702970054721, 25.727056029902286 ], [ -100.212733682171105, 25.727002108836778 ], [ -100.213828177377096, 25.724964979312489 ], [ -100.213884829891811, 25.724783249587006 ], [ -100.214253060006101, 25.724093060148302 ], [ -100.21451005941077, 25.723826550288919 ], [ -100.215037874363134, 25.722702726815005 ], [ -100.215158534429278, 25.72246761056017 ], [ -100.214999777286749, 25.722305804130173 ], [ -100.213789345722915, 25.72106668678731 ], [ -100.21371571297513, 25.721010562157488 ], [ -100.213604223803415, 25.720970124488609 ], [ -100.213300496942864, 25.720888384807957 ], [ -100.212662943447398, 25.720680215923036 ], [ -100.21202367971452, 25.720507261099584 ], [ -100.212025139846901, 25.720468248421124 ], [ -100.212031847170067, 25.719825947236323 ], [ -100.212241975394861, 25.719829749670588 ], [ -100.212281940803294, 25.719834554675248 ], [ -100.212320026804349, 25.719839140717024 ], [ -100.213438117839971, 25.719944586705626 ], [ -100.213465222072557, 25.719945364218528 ], [ -100.213481523497052, 25.719947226163558 ], [ -100.21347664853559, 25.719717922087224 ], [ -100.213485443868535, 25.719296125996596 ], [ -100.213432740323327, 25.719076819865712 ], [ -100.215203545362172, 25.719175564514963 ], [ -100.215495943772808, 25.718563001876337 ], [ -100.215670956572907, 25.718599796938417 ], [ -100.215714350644006, 25.718604853785319 ], [ -100.215755298827887, 25.718612299364757 ], [ -100.215933008341693, 25.718653969845082 ], [ -100.216226898682336, 25.71868614473938 ], [ -100.216266650290592, 25.718691045201545 ], [ -100.21629964681982, 25.718700353868847 ], [ -100.216918729940602, 25.718841309546406 ], [ -100.21708098236374, 25.718942658173873 ], [ -100.217236437583566, 25.718676758988288 ], [ -100.217507536071324, 25.718126448391793 ], [ -100.217876723980098, 25.717355618173499 ], [ -100.218067719912256, 25.716992830522354 ], [ -100.21828874828816, 25.716690229655985 ], [ -100.218148474757072, 25.716470086989602 ], [ -100.217617392708178, 25.714683124320775 ], [ -100.217584094638767, 25.714691629205461 ], [ -100.217573018849151, 25.714655138199515 ], [ -100.217519727502946, 25.714502828986429 ], [ -100.217426736892975, 25.714474279087238 ], [ -100.217400846508369, 25.714389496248916 ], [ -100.217154548927425, 25.713565248655279 ], [ -100.217095425463839, 25.713357332581943 ], [ -100.217100405379156, 25.713342029070688 ], [ -100.217130939851955, 25.713325634675833 ], [ -100.217847781108745, 25.713054648356156 ], [ -100.21848575464989, 25.712837655471098 ], [ -100.218915403337704, 25.712691518869562 ], [ -100.218924516465634, 25.711727332994112 ], [ -100.218931047618668, 25.711727686746595 ], [ -100.219275335828513, 25.71174633809796 ], [ -100.219446345759252, 25.711787064290604 ], [ -100.219476053324854, 25.711794137642876 ], [ -100.219814166217802, 25.711915817505542 ], [ -100.220574564826947, 25.712264763125798 ], [ -100.220602729628098, 25.71227768738915 ], [ -100.220672348662688, 25.712358651138182 ], [ -100.220682814978829, 25.712370826800029 ], [ -100.22099405290534, 25.712446770801346 ], [ -100.220659649241341, 25.712705740246811 ], [ -100.220068029956565, 25.713804621016152 ], [ -100.219456769238235, 25.714859951005522 ], [ -100.21954977004475, 25.715255369904348 ], [ -100.22009197481951, 25.716833767309272 ], [ -100.220801248725209, 25.718619366626946 ], [ -100.221443247959755, 25.720290596149528 ], [ -100.222033306996849, 25.721900001681959 ], [ -100.222766139798367, 25.723892450603653 ], [ -100.222990658897402, 25.723860221960596 ], [ -100.223504506350551, 25.723781247581893 ], [ -100.22387601954496, 25.723723021063321 ], [ -100.224517894118037, 25.723622374207594 ], [ -100.224527858969452, 25.723740933564301 ], [ -100.22457549714305, 25.725723685319512 ], [ -100.225078125667835, 25.725712891186706 ], [ -100.225090788039566, 25.725833263738423 ], [ -100.225252884164149, 25.727346174450389 ], [ -100.224317517317374, 25.72735963566921 ], [ -100.223983493177386, 25.727472366360868 ], [ -100.223919253517849, 25.727298004728674 ], [ -100.223847214873331, 25.727113440504752 ], [ -100.223775296315367, 25.726929189579398 ], [ -100.223663463584373, 25.726615099384446 ], [ -100.223656709764242, 25.726596556745655 ], [ -100.22352783372844, 25.726242714684346 ], [ -100.223463586960094, 25.726046410038396 ], [ -100.223393393492643, 25.725854862122844 ], [ -100.223045992261916, 25.724951856636103 ], [ -100.222906792636465, 25.724591368978324 ], [ -100.222655263595186, 25.723909291891903 ], [ -100.221536134162619, 25.724069665775797 ], [ -100.22052784122809, 25.724203941811783 ], [ -100.219939054671485, 25.724279738405968 ], [ -100.219349910315628, 25.724355579582575 ], [ -100.219157985711888, 25.724383261821995 ], [ -100.217810878504807, 25.724557169898919 ], [ -100.217544689776489, 25.724590339752375 ], [ -100.217549882986745, 25.724745171907387 ], [ -100.217572233980874, 25.725442445479544 ], [ -100.217203675072483, 25.725540707216044 ], [ -100.217264590462918, 25.725630649163907 ], [ -100.217319317809398, 25.725706791873527 ], [ -100.217390702495706, 25.725813868203577 ], [ -100.217424013145333, 25.727096397758423 ], [ -100.217498717561568, 25.727125287421028 ], [ -100.217520999719937, 25.727136070561901 ], [ -100.217520655589425, 25.72847426978614 ], [ -100.217512875961162, 25.728641171098086 ], [ -100.217501633728162, 25.729005971444131 ], [ -100.217511293311674, 25.729150865277507 ], [ -100.217517194765961, 25.729264747648806 ], [ -100.217519331238506, 25.729385918121334 ], [ -100.217513025330348, 25.72966988802823 ], [ -100.217512872338418, 25.729716503255954 ], [ -100.217513905057473, 25.729762527758698 ], [ -100.2175515371421, 25.731797785490322 ], [ -100.217555962576327, 25.731829725000772 ], [ -100.217562720087784, 25.731872110535285 ], [ -100.217573260045384, 25.732003512136224 ], [ -100.217437886197246, 25.731997599984599 ], [ -100.217394399547501, 25.731996040117309 ], [ -100.217336069935428, 25.731993785240928 ], [ -100.217331824456878, 25.731993757395582 ], [ -100.216464985789258, 25.731984430683806 ], [ -100.216058890069874, 25.731977078446558 ], [ -100.215451861838091, 25.73196777262919 ], [ -100.215407131949306, 25.731966617243614 ], [ -100.215371957594797, 25.731964707886494 ], [ -100.21499110464795, 25.731949350950217 ], [ -100.214895060657156, 25.731946686312945 ], [ -100.214811093859836, 25.731943109279072 ], [ -100.213751507003863, 25.731886047767809 ], [ -100.213706923127788, 25.731881122185111 ], [ -100.213664806899303, 25.731878218046578 ], [ -100.21328155667058, 25.731854588817491 ], [ -100.21320574054306, 25.731850769126222 ], [ -100.21313462129109, 25.731845756168138 ], [ -100.212764432786642, 25.731816047348158 ], [ -100.212603691938526, 25.731831266573543 ], [ -100.212471460275339, 25.731946187200233 ], [ -100.212024882428977, 25.732604538294723 ], [ -100.21180252359224, 25.732958846214146 ], [ -100.21143671804839, 25.732773953962969 ], [ -100.21136888355052, 25.73276074890002 ], [ -100.211282861170076, 25.732770427271323 ], [ -100.211084790657225, 25.732829166221119 ], [ -100.210990380795664, 25.73294120226549 ], [ -100.210974909215196, 25.732968548049215 ], [ -100.210770028802372, 25.733273012032434 ], [ -100.210721883658707, 25.733307338994759 ], [ -100.210439446795021, 25.733667935413138 ], [ -100.210381402047716, 25.733636888082877 ], [ -100.209661493091446, 25.733307231556488 ] ] ] ] } },
{ "type": "Feature", "properties": { "CVEGEO": "1904600010236", "CVE_ENT": "19", "CVE_MUN": "046", "CVE_LOC": "0001", "CVE_ASEN": "0236", "CP": "00000", "FECHA_ACT": "11\/2022", "INSTITUCIO": "SECRETARÍA OBRAS PÚBLICAS Y DESARROLLO URBANO DEL MUNICIPIO DE SAN NICOLÁS DE LOS GARZA", "NOM_ASEN": "NINGUNO", "TIPO": "NINGUNO", "Shape_Leng": 7958.7718041199996, "Shape_Area": 1214078.87466 }, "geometry": { "type": "MultiPolygon", "coordinates": [ [ [ [ -100.269604563478723, 25.719725480531718 ], [ -100.268921316434273, 25.717234454439101 ], [ -100.268859745401215, 25.717094040193388 ], [ -100.268584060530173, 25.717287654672834 ], [ -100.2663559955312, 25.718839980384239 ], [ -100.265915536156669, 25.718325527658973 ], [ -100.26581664109078, 25.718200365911446 ], [ -100.265903240896392, 25.718116366656712 ], [ -100.265344596906885, 25.715648423545016 ], [ -100.265332198292555, 25.715614762355482 ], [ -100.26532254831254, 25.715557615836897 ], [ -100.265244207809928, 25.715180941973838 ], [ -100.26523970497945, 25.715160787582406 ], [ -100.265267024382851, 25.714913687595882 ], [ -100.266465925732902, 25.713866862999691 ], [ -100.266764649619716, 25.713599053704225 ], [ -100.266944462255665, 25.713447541267623 ], [ -100.267011170707676, 25.713512681056134 ], [ -100.268343699682688, 25.712181087313169 ], [ -100.268672081501123, 25.711900092967518 ], [ -100.269582880959632, 25.711094026948839 ], [ -100.2698832894134, 25.710825511365663 ], [ -100.269975309513512, 25.710757580418623 ], [ -100.270683597637785, 25.710137823072902 ], [ -100.271066480808344, 25.70980018093875 ], [ -100.271488285556259, 25.709453374629675 ], [ -100.271882243068404, 25.709094642316941 ], [ -100.272297351524074, 25.708736676745787 ], [ -100.272658715959409, 25.708426420918936 ], [ -100.272894552254286, 25.708224000709414 ], [ -100.275330259417458, 25.70816902163628 ], [ -100.275421120942369, 25.708166970271588 ], [ -100.277284381748672, 25.708153261890761 ], [ -100.281783169045369, 25.708081431693095 ], [ -100.282931286159268, 25.708056679443189 ], [ -100.283836952429795, 25.708064570297104 ], [ -100.287746460999386, 25.709305753836244 ], [ -100.286310481841141, 25.711632261521444 ], [ -100.285371851463793, 25.713084840449572 ], [ -100.284884459596483, 25.712801095925354 ], [ -100.284444248287201, 25.712550815048694 ], [ -100.28281578534623, 25.711629356293699 ], [ -100.281163836202936, 25.710684633608437 ], [ -100.27946203026228, 25.709719084283694 ], [ -100.278947430214728, 25.710075868645347 ], [ -100.278239806411008, 25.710555305959954 ], [ -100.277511834860263, 25.711058741571314 ], [ -100.277170010028215, 25.711295047641585 ], [ -100.276825691595221, 25.711532811504661 ], [ -100.276179481645457, 25.711972202303571 ], [ -100.27566561627259, 25.712321605823345 ], [ -100.275838563361773, 25.71270747594982 ], [ -100.275965913625512, 25.712979549359979 ], [ -100.275748049369057, 25.713177238590497 ], [ -100.275395968667453, 25.713496693485041 ], [ -100.275145308341422, 25.713760583652988 ], [ -100.274789424624217, 25.71442666306206 ], [ -100.274742336863724, 25.714872961476004 ], [ -100.275717807441538, 25.716819492357185 ], [ -100.275741918020302, 25.716867605704248 ], [ -100.275548491344964, 25.717079352421386 ], [ -100.275488701920111, 25.717149504927075 ], [ -100.27516128529183, 25.717488996470291 ], [ -100.275495486860279, 25.717785646253617 ], [ -100.27541143924276, 25.717829181912197 ], [ -100.274637377909684, 25.718125694973601 ], [ -100.273801263786041, 25.718492313210024 ], [ -100.273539164024214, 25.716545463506176 ], [ -100.273851409737944, 25.716296158852202 ], [ -100.273457284157161, 25.715937238630083 ], [ -100.273232262498524, 25.715737003045149 ], [ -100.273016582127951, 25.715528411937658 ], [ -100.273007131703864, 25.715519118906577 ], [ -100.2723677775776, 25.714909367408993 ], [ -100.272254066729673, 25.714844872572804 ], [ -100.272182805742744, 25.714754557281164 ], [ -100.271054600460261, 25.715551357583617 ], [ -100.27114791895346, 25.715633977775411 ], [ -100.271425998049466, 25.716649612361895 ], [ -100.271663628746069, 25.717459295098685 ], [ -100.271858774321046, 25.718218403980618 ], [ -100.271894778867519, 25.718256579790744 ], [ -100.272076214073905, 25.718987941284656 ], [ -100.271904411065307, 25.718923044591055 ], [ -100.271391107372835, 25.718640038140641 ], [ -100.271866598877054, 25.720477834296947 ], [ -100.270180247000994, 25.721683484893511 ], [ -100.269628891839545, 25.719800865695582 ], [ -100.26961686252406, 25.719763571862789 ], [ -100.269604563478723, 25.719725480531718 ] ] ] ] } },
{ "type": "Feature", "properties": { "CVEGEO": "1904600010237", "CVE_ENT": "19", "CVE_MUN": "046", "CVE_LOC": "0001", "CVE_ASEN": "0237", "CP": "00000", "FECHA_ACT": "11\/2022", "INSTITUCIO": "SECRETARÍA OBRAS PÚBLICAS Y DESARROLLO URBANO DEL MUNICIPIO DE SAN NICOLÁS DE LOS GARZA", "NOM_ASEN": "NINGUNO", "TIPO": "NINGUNO", "Shape_Leng": 2526.4915493399999, "Shape_Area": 219368.53508199999 }, "geometry": { "type": "MultiPolygon", "coordinates": [ [ [ [ -100.259029467223655, 25.710645617414595 ], [ -100.259426575352634, 25.710521366982341 ], [ -100.259607243288897, 25.710509929355894 ], [ -100.259763095908042, 25.710511439539918 ], [ -100.261186605559288, 25.709559638680606 ], [ -100.262475048251986, 25.708691709651731 ], [ -100.26219197834277, 25.70839087624001 ], [ -100.261894397376366, 25.708069465722051 ], [ -100.261472710787913, 25.707602256520495 ], [ -100.261675752122997, 25.707606603279746 ], [ -100.263093998942992, 25.707636969960621 ], [ -100.263200842751317, 25.70763856128093 ], [ -100.263692024166062, 25.7076422080257 ], [ -100.263754222777479, 25.707642609054322 ], [ -100.263818492919341, 25.707641581534126 ], [ -100.265994824018463, 25.707737353906484 ], [ -100.266055541644576, 25.707737699712723 ], [ -100.266118827378421, 25.707736916257456 ], [ -100.267902635919214, 25.707738681149763 ], [ -100.268132247190053, 25.707661909187731 ], [ -100.268141816927127, 25.707743000527895 ], [ -100.268147128111551, 25.707756755650841 ], [ -100.26817529991186, 25.70782974212436 ], [ -100.268239830017151, 25.707996922909455 ], [ -100.267427174825201, 25.708346479542307 ], [ -100.267285054266324, 25.708389032718252 ], [ -100.267191578532064, 25.708454197095374 ], [ -100.26603973008524, 25.709205942137555 ], [ -100.265961530671092, 25.709257364746101 ], [ -100.265943320149646, 25.70926934028175 ], [ -100.264923488754349, 25.709940026209011 ], [ -100.264260188441696, 25.710371379715777 ], [ -100.264082227232009, 25.710492312168419 ], [ -100.263948401280047, 25.710575023839894 ], [ -100.263047759516368, 25.711147583421777 ], [ -100.262996851362942, 25.711179952573485 ], [ -100.262120520269804, 25.711737060144081 ], [ -100.261495079804035, 25.712134659631737 ], [ -100.26139579059236, 25.712197782925116 ], [ -100.261171420336083, 25.712269339981411 ], [ -100.261084510321197, 25.712297059109996 ], [ -100.26037458623145, 25.712526936067029 ], [ -100.260022185226092, 25.712619831780952 ], [ -100.259624079590878, 25.712726029164511 ], [ -100.259622996516612, 25.712525029746896 ], [ -100.259475802585825, 25.712074698281093 ], [ -100.259375296117199, 25.711736277942581 ], [ -100.259266290841978, 25.711389934548659 ], [ -100.259162772574555, 25.711055265777581 ], [ -100.259029467223655, 25.710645617414595 ] ] ] ] } },
{ "type": "Feature", "properties": { "CVEGEO": "1904600010238", "CVE_ENT": "19", "CVE_MUN": "046", "CVE_LOC": "0001", "CVE_ASEN": "0238", "CP": "00000", "FECHA_ACT": "11\/2022", "INSTITUCIO": "SECRETARÍA OBRAS PÚBLICAS Y DESARROLLO URBANO DEL MUNICIPIO DE SAN NICOLÁS DE LOS GARZA", "NOM_ASEN": "VALLE LOS MORALES", "TIPO": "COLONIA", "Shape_Leng": 1117.20407273, "Shape_Area": 71871.885297300003 }, "geometry": { "type": "MultiPolygon", "coordinates": [ [ [ [ -100.25227526816019, 25.712614274958035 ], [ -100.252361736051213, 25.712560410776497 ], [ -100.252478046921524, 25.712899686641105 ], [ -100.252496294446928, 25.7129529036586 ], [ -100.252609705084936, 25.713297788989113 ], [ -100.252709162691318, 25.713585379430427 ], [ -100.25284128221962, 25.713959999969294 ], [ -100.252963197318209, 25.714323788461687 ], [ -100.253112353963587, 25.714737990383814 ], [ -100.253108710189721, 25.714958790363958 ], [ -100.252513056833777, 25.715182919587878 ], [ -100.251914853354236, 25.715408005235457 ], [ -100.251771440494011, 25.715470477361841 ], [ -100.250306432369214, 25.716035358503337 ], [ -100.250170729986493, 25.716098701677396 ], [ -100.250228790956257, 25.715746174207478 ], [ -100.250314453059417, 25.715123707774435 ], [ -100.250494715341873, 25.713742303834941 ], [ -100.250534313774466, 25.713347677929868 ], [ -100.250567573061332, 25.713103776508738 ], [ -100.251526701603154, 25.71282935476119 ], [ -100.251556130986771, 25.712820934266592 ], [ -100.251933068151502, 25.712717237175998 ], [ -100.25227526816019, 25.712614274958035 ] ] ] ] } },
{ "type": "Feature", "properties": { "CVEGEO": "1904600010240", "CVE_ENT": "19", "CVE_MUN": "046", "CVE_LOC": "0001", "CVE_ASEN": "0240", "CP": "00000", "FECHA_ACT": "11\/2022", "INSTITUCIO": "SECRETARÍA OBRAS PÚBLICAS Y DESARROLLO URBANO DEL MUNICIPIO DE SAN NICOLÁS DE LOS GARZA", "NOM_ASEN": "NINGUNO", "TIPO": "NINGUNO", "Shape_Leng": 2020.8346401, "Shape_Area": 156466.88639599999 }, "geometry": { "type": "MultiPolygon", "coordinates": [ [ [ [ -100.205674639981964, 25.722589576766065 ], [ -100.205615861234705, 25.72252272524333 ], [ -100.205498129661791, 25.722054135098745 ], [ -100.205460764573388, 25.721905418965864 ], [ -100.205406553972139, 25.721689630783843 ], [ -100.20535370589819, 25.721481121421853 ], [ -100.205328987489807, 25.721400469991593 ], [ -100.20522275241639, 25.721053888846601 ], [ -100.205098551743404, 25.720624321699486 ], [ -100.204954190456249, 25.720109275519974 ], [ -100.20491732032562, 25.719977722783682 ], [ -100.204804898465881, 25.719788528238478 ], [ -100.204789218446209, 25.719762141090573 ], [ -100.204583002331859, 25.719479341860648 ], [ -100.204467765675304, 25.719321305800449 ], [ -100.203820383250232, 25.718519417307185 ], [ -100.203607085028935, 25.718590498790764 ], [ -100.203805176758024, 25.718173042604469 ], [ -100.203813804831213, 25.718154860322002 ], [ -100.203813997121387, 25.718154857061524 ], [ -100.204132098617137, 25.718149070859713 ], [ -100.204217885187035, 25.718126240017625 ], [ -100.204264062303139, 25.718119268152762 ], [ -100.204368216308538, 25.718089333134628 ], [ -100.204467359308509, 25.718066394238772 ], [ -100.204541659612701, 25.718051062839692 ], [ -100.204558639210134, 25.71804570441526 ], [ -100.204631278143324, 25.718022782290703 ], [ -100.204723308691698, 25.71797660623546 ], [ -100.204926789350935, 25.71786287426789 ], [ -100.205069953912314, 25.717757767895499 ], [ -100.205325995227483, 25.717627619156932 ], [ -100.205403487678396, 25.717582827088972 ], [ -100.205563655549909, 25.717552789721591 ], [ -100.206561778266476, 25.717613511067427 ], [ -100.206803723444054, 25.717617737435152 ], [ -100.206969664413151, 25.717606702717575 ], [ -100.207113584840684, 25.717566685716719 ], [ -100.207201744421397, 25.717522165957799 ], [ -100.207243494022919, 25.717479604946238 ], [ -100.207313902955406, 25.717515773494149 ], [ -100.207243075518363, 25.717572912198111 ], [ -100.208957889949318, 25.718385162454105 ], [ -100.2092766973702, 25.718510939541488 ], [ -100.209337817036996, 25.718831177164947 ], [ -100.209608656142237, 25.718786242439666 ], [ -100.209751303525564, 25.719200627478699 ], [ -100.210105584354622, 25.719252631177682 ], [ -100.210086038520586, 25.719614887502768 ], [ -100.210027536456749, 25.719758981503631 ], [ -100.210018693502178, 25.719808802251535 ], [ -100.20986909488947, 25.71978061118736 ], [ -100.209032620796791, 25.719768805172656 ], [ -100.208989511774433, 25.719770078932083 ], [ -100.208555696352505, 25.719826501741199 ], [ -100.207562443743157, 25.720016905142796 ], [ -100.207479372668757, 25.720042883232693 ], [ -100.207286008484431, 25.720095189531609 ], [ -100.207207900234778, 25.720118662242612 ], [ -100.207036214565761, 25.720213281444359 ], [ -100.206915652166018, 25.72030692121475 ], [ -100.206594371554459, 25.720735414919435 ], [ -100.206398287260285, 25.721075144660556 ], [ -100.20638225784171, 25.72112232957873 ], [ -100.2062215425468, 25.72162724019968 ], [ -100.206013034624007, 25.722655437338091 ], [ -100.205674639981964, 25.722589576766065 ] ] ] ] } },
{ "type": "Feature", "properties": { "CVEGEO": "1904600010241", "CVE_ENT": "19", "CVE_MUN": "046", "CVE_LOC": "0001", "CVE_ASEN": "0241", "CP": "00000", "FECHA_ACT": "11\/2022", "INSTITUCIO": "SECRETARÍA OBRAS PÚBLICAS Y DESARROLLO URBANO DEL MUNICIPIO DE SAN NICOLÁS DE LOS GARZA", "NOM_ASEN": "NINGUNO", "TIPO": "NINGUNO", "Shape_Leng": 832.37660390200006, "Shape_Area": 25120.953390400002 }, "geometry": { "type": "MultiPolygon", "coordinates": [ [ [ [ -100.243513953805618, 25.708147427778322 ], [ -100.243758130433676, 25.707985006896962 ], [ -100.24377181364855, 25.707975905193681 ], [ -100.2439947899976, 25.707827585229751 ], [ -100.244223824250057, 25.707669026466426 ], [ -100.24428420405377, 25.707982505035861 ], [ -100.244293618842732, 25.708069963584023 ], [ -100.244418038050966, 25.708843315391551 ], [ -100.24445837641295, 25.70888807288155 ], [ -100.244515481864326, 25.709310664655366 ], [ -100.244502925058171, 25.709348431914737 ], [ -100.244566199104554, 25.709713165510987 ], [ -100.244606834731186, 25.709756545728965 ], [ -100.244662165306295, 25.710163841313872 ], [ -100.244621538979857, 25.710207870535225 ], [ -100.244678003256752, 25.71055135468054 ], [ -100.2447006144385, 25.710589463794125 ], [ -100.244690085759615, 25.710637403149398 ], [ -100.244725794937764, 25.710850251980691 ], [ -100.244697951281665, 25.710854017613926 ], [ -100.244656563656818, 25.710859006300893 ], [ -100.244013514135162, 25.710941815401068 ], [ -100.244010244109376, 25.710942263480874 ], [ -100.243568399436668, 25.708275654457182 ], [ -100.243513953805618, 25.708147427778322 ] ] ] ] } },
{ "type": "Feature", "properties": { "CVEGEO": "1904600010242", "CVE_ENT": "19", "CVE_MUN": "046", "CVE_LOC": "0001", "CVE_ASEN": "0242", "CP": "00000", "FECHA_ACT": "11\/2022", "INSTITUCIO": "SECRETARÍA OBRAS PÚBLICAS Y DESARROLLO URBANO DEL MUNICIPIO DE SAN NICOLÁS DE LOS GARZA", "NOM_ASEN": "NINGUNO", "TIPO": "NINGUNO", "Shape_Leng": 660.10940930200002, "Shape_Area": 22373.968898200001 }, "geometry": { "type": "MultiPolygon", "coordinates": [ [ [ [ -100.235374568385694, 25.719459663066154 ], [ -100.235309879737613, 25.719475119651356 ], [ -100.234514542118589, 25.71980383835924 ], [ -100.23441827086927, 25.719620059867221 ], [ -100.23431383891409, 25.717552135099034 ], [ -100.234307830732945, 25.717412645999634 ], [ -100.235300729596531, 25.717677186079626 ], [ -100.235374568385694, 25.719459663066154 ] ] ] ] } },
{ "type": "Feature", "properties": { "CVEGEO": "1904600010243", "CVE_ENT": "19", "CVE_MUN": "046", "CVE_LOC": "0001", "CVE_ASEN": "0243", "CP": "66470", "FECHA_ACT": "11\/2022", "INSTITUCIO": "SECRETARÍA OBRAS PÚBLICAS Y DESARROLLO URBANO DEL MUNICIPIO DE SAN NICOLÁS DE LOS GARZA", "NOM_ASEN": "TACUBA", "TIPO": "COLONIA", "Shape_Leng": 1718.5935379499999, "Shape_Area": 74487.136080800003 }, "geometry": { "type": "MultiPolygon", "coordinates": [ [ [ [ -100.242098400808715, 25.719192565670433 ], [ -100.242640687673699, 25.719006861889312 ], [ -100.242806586219245, 25.719127192913191 ], [ -100.243018213465689, 25.71945764554145 ], [ -100.243045119447217, 25.719490110717238 ], [ -100.243074619828505, 25.719531974201175 ], [ -100.243276681865538, 25.719862889820408 ], [ -100.243293376853885, 25.719898318250703 ], [ -100.243313750241498, 25.719940435951976 ], [ -100.243521331434181, 25.720284917904344 ], [ -100.243543442233957, 25.720321034039159 ], [ -100.243566526398411, 25.720351662613879 ], [ -100.243781810469386, 25.720695284439952 ], [ -100.243815718673929, 25.720743545772741 ], [ -100.243843872574956, 25.720781207326855 ], [ -100.244073391727767, 25.721098663009812 ], [ -100.244116662354514, 25.721138324342068 ], [ -100.244174704452348, 25.721181518153106 ], [ -100.244518251099564, 25.721725116657094 ], [ -100.244913266048144, 25.722295961940659 ], [ -100.244930179309236, 25.722327889635636 ], [ -100.244952308932227, 25.722355403553046 ], [ -100.245024738534397, 25.722433439057511 ], [ -100.245961376628756, 25.723429516882494 ], [ -100.245995424933, 25.723465882736956 ], [ -100.246023073591587, 25.72350723702743 ], [ -100.246519813904428, 25.724058836309943 ], [ -100.24651320600519, 25.724062634273498 ], [ -100.246324230835697, 25.724152111806248 ], [ -100.246252260058711, 25.724176139653647 ], [ -100.246045350751274, 25.72409609264221 ], [ -100.245613490253518, 25.723960309999768 ], [ -100.245375379723797, 25.723880552163219 ], [ -100.244950574490801, 25.725082595036653 ], [ -100.244797011946815, 25.724755556764464 ], [ -100.244782662749401, 25.72472266889843 ], [ -100.244576429910992, 25.724286231560402 ], [ -100.244386364312561, 25.723911987647814 ], [ -100.244357706318183, 25.723849031247802 ], [ -100.244141109763177, 25.72338739995028 ], [ -100.244086170565808, 25.723275622923254 ], [ -100.244054355453045, 25.72325505898862 ], [ -100.244032028671313, 25.723264801254395 ], [ -100.243766561862302, 25.722754692166884 ], [ -100.243577125528489, 25.722361497067077 ], [ -100.24337381971695, 25.72192894999386 ], [ -100.243166889824735, 25.72148883039225 ], [ -100.242960250099557, 25.721073630300719 ], [ -100.242747939545367, 25.720616149608322 ], [ -100.242541550365658, 25.720193510237564 ], [ -100.242347459744863, 25.719780459946946 ], [ -100.24206701724566, 25.719199772676355 ], [ -100.242098400808715, 25.719192565670433 ] ] ] ] } },
{ "type": "Feature", "properties": { "CVEGEO": "1904600010244", "CVE_ENT": "19", "CVE_MUN": "046", "CVE_LOC": "0001", "CVE_ASEN": "0244", "CP": "66473", "FECHA_ACT": "11\/2022", "INSTITUCIO": "SECRETARÍA OBRAS PÚBLICAS Y DESARROLLO URBANO DEL MUNICIPIO DE SAN NICOLÁS DE LOS GARZA", "NOM_ASEN": "TALAVERNA CROC", "TIPO": "FRACCIONAMIENTO", "Shape_Leng": 1704.9891953700001, "Shape_Area": 98170.7832433 }, "geometry": { "type": "MultiPolygon", "coordinates": [ [ [ [ -100.228341015091331, 25.716387496779092 ], [ -100.226605339695396, 25.716092875954725 ], [ -100.226514733473465, 25.716077495515318 ], [ -100.223874791553655, 25.715629338542229 ], [ -100.223793208364725, 25.71561548904851 ], [ -100.222481977198555, 25.715391485013253 ], [ -100.22230301808851, 25.715360826258639 ], [ -100.222439586097252, 25.715169317558185 ], [ -100.222350519947554, 25.715164544245756 ], [ -100.221901396854904, 25.71508783638745 ], [ -100.221651317736942, 25.715056129541793 ], [ -100.221567419381515, 25.715008404503713 ], [ -100.221554425592828, 25.714159489171504 ], [ -100.22154129648132, 25.713948461714931 ], [ -100.221597422960656, 25.713953961152335 ], [ -100.223205496725583, 25.714196591876672 ], [ -100.225062838760621, 25.714516449758637 ], [ -100.225138639251313, 25.714529488209898 ], [ -100.22682997626795, 25.714818615107816 ], [ -100.226872249682557, 25.714827808730426 ], [ -100.226910215416098, 25.714832330080728 ], [ -100.228354966817008, 25.715022856819406 ], [ -100.228380047752282, 25.715025822290812 ], [ -100.228406967987794, 25.715029007886642 ], [ -100.228554502261318, 25.715055001553296 ], [ -100.228390252198679, 25.716082854130299 ], [ -100.228371152611203, 25.716201034255306 ], [ -100.228341015091331, 25.716387496779092 ] ] ] ] } },
{ "type": "Feature", "properties": { "CVEGEO": "1904600010245", "CVE_ENT": "19", "CVE_MUN": "046", "CVE_LOC": "0001", "CVE_ASEN": "0245", "CP": "66440", "FECHA_ACT": "11\/2022", "INSTITUCIO": "SECRETARÍA OBRAS PÚBLICAS Y DESARROLLO URBANO DEL MUNICIPIO DE SAN NICOLÁS DE LOS GARZA", "NOM_ASEN": "TORRES DE SANTO DOMINGO", "TIPO": "COLONIA", "Shape_Leng": 1360.2993330500001, "Shape_Area": 89177.803591899996 }, "geometry": { "type": "MultiPolygon", "coordinates": [ [ [ [ -100.252099138795543, 25.740387408238647 ], [ -100.252234135278712, 25.740114730777307 ], [ -100.252257066939691, 25.740074642128604 ], [ -100.252450982461767, 25.739721203776071 ], [ -100.252628535433317, 25.739394417377234 ], [ -100.252651476955108, 25.739356257052986 ], [ -100.252806607587701, 25.739098204332056 ], [ -100.253130912179955, 25.738547315356474 ], [ -100.253529547725975, 25.737851942959296 ], [ -100.253571034539988, 25.737761239144273 ], [ -100.253818359146109, 25.73732598241671 ], [ -100.254187321880238, 25.736691962455073 ], [ -100.254172236301756, 25.736834736819333 ], [ -100.254231123361663, 25.737145159798093 ], [ -100.254551705471457, 25.738008588787114 ], [ -100.254668770763089, 25.738371192301802 ], [ -100.254727736008491, 25.738566674345503 ], [ -100.25486572307004, 25.738879125799247 ], [ -100.255507552908256, 25.739954035285727 ], [ -100.255282244363357, 25.740573019650434 ], [ -100.255101015867027, 25.7410387084654 ], [ -100.254962410566264, 25.741392684804701 ], [ -100.25455047934031, 25.741299396123473 ], [ -100.25418081719198, 25.741217782961748 ], [ -100.253076481839884, 25.741047429188541 ], [ -100.252864891567015, 25.741013489247457 ], [ -100.252809921859921, 25.740984319346104 ], [ -100.252927409670235, 25.740628738514985 ], [ -100.252879005505008, 25.740614465146511 ], [ -100.252546167640716, 25.740516311547953 ], [ -100.252473847957589, 25.740494080913891 ], [ -100.252140743203057, 25.74040032610181 ], [ -100.252099138795543, 25.740387408238647 ] ] ] ] } },
{ "type": "Feature", "properties": { "CVEGEO": "1904600010246", "CVE_ENT": "19", "CVE_MUN": "046", "CVE_LOC": "0001", "CVE_ASEN": "0246", "CP": "66440", "FECHA_ACT": "11\/2022", "INSTITUCIO": "SECRETARÍA OBRAS PÚBLICAS Y DESARROLLO URBANO DEL MUNICIPIO DE SAN NICOLÁS DE LOS GARZA", "NOM_ASEN": "TORRES DE SANTO DOMINGO (FOMERREY 118)", "TIPO": "COLONIA", "Shape_Leng": 2642.4921152500001, "Shape_Area": 202803.75920500001 }, "geometry": { "type": "MultiPolygon", "coordinates": [ [ [ [ -100.245007432760929, 25.755670324916991 ], [ -100.245045127573249, 25.755657057011749 ], [ -100.245297347669307, 25.755008230942295 ], [ -100.243782999308181, 25.753783764342497 ], [ -100.243635721666692, 25.753664678702538 ], [ -100.243598938506068, 25.75363493306682 ], [ -100.243717966017172, 25.753563856770604 ], [ -100.243741541450362, 25.753449722494896 ], [ -100.24388287654844, 25.752842722822642 ], [ -100.243981107234305, 25.752333721012693 ], [ -100.244006696723687, 25.752192814429101 ], [ -100.244021428682643, 25.752111674608415 ], [ -100.244210540411771, 25.752162059956984 ], [ -100.244257820018859, 25.752170866845148 ], [ -100.244249488789819, 25.752245133682141 ], [ -100.24539564498896, 25.752468541323317 ], [ -100.246102507187274, 25.751539502219789 ], [ -100.246300676412361, 25.751450763200843 ], [ -100.246166760503485, 25.751056895050375 ], [ -100.246381235189304, 25.750867471127364 ], [ -100.246755512832181, 25.750536902419036 ], [ -100.247009739281637, 25.75072760500839 ], [ -100.247064892565106, 25.750758521942927 ], [ -100.247386531840661, 25.750976741016629 ], [ -100.247681495298622, 25.751197053238965 ], [ -100.247732879988675, 25.751232067758192 ], [ -100.248079497337685, 25.751503027835032 ], [ -100.248405352812128, 25.751755537688613 ], [ -100.248035509130091, 25.752157497904108 ], [ -100.247711599456295, 25.752500981655796 ], [ -100.2475061499687, 25.752717566331452 ], [ -100.247381868416042, 25.752855055629215 ], [ -100.246953546722693, 25.753308031927808 ], [ -100.247078334354271, 25.753628501499243 ], [ -100.247164825820391, 25.753890758723589 ], [ -100.247199293700845, 25.75398792929613 ], [ -100.247308409301738, 25.75428472479868 ], [ -100.247331228018581, 25.754350674602183 ], [ -100.247465415376197, 25.754747056016829 ], [ -100.248061070363306, 25.754534255625693 ], [ -100.248391264677053, 25.75440785055736 ], [ -100.248485568872837, 25.754372053289366 ], [ -100.248912828129761, 25.754219244145677 ], [ -100.249334335563674, 25.754060483860474 ], [ -100.249741034498442, 25.7539109806414 ], [ -100.250183371829024, 25.753745845370588 ], [ -100.250423893973675, 25.753657923042415 ], [ -100.251032882871343, 25.754051900427662 ], [ -100.251066678451295, 25.754120673757178 ], [ -100.250740859136158, 25.754418639937462 ], [ -100.250541852915688, 25.754570746764113 ], [ -100.250207433543153, 25.754874240121961 ], [ -100.249933792805564, 25.755114880341392 ], [ -100.249850770722801, 25.755185706075849 ], [ -100.24962897511169, 25.755391293771083 ], [ -100.249499281362759, 25.755511504433056 ], [ -100.249127689082528, 25.755838177151325 ], [ -100.248782688900306, 25.756146696560506 ], [ -100.248457368666962, 25.756445280847693 ], [ -100.248428398148718, 25.756393903972196 ], [ -100.248168859267778, 25.756269507895325 ], [ -100.248007352368433, 25.756148064332706 ], [ -100.24795949502716, 25.75612538519794 ], [ -100.247926410475102, 25.756109708216911 ], [ -100.247890988213086, 25.756092922414918 ], [ -100.247832228478359, 25.756065076107824 ], [ -100.247532507272453, 25.755999151749403 ], [ -100.247259337704293, 25.755959878823948 ], [ -100.24697665877369, 25.755953377771959 ], [ -100.246584540523202, 25.755959443594904 ], [ -100.245962233490076, 25.755859846590333 ], [ -100.245283137480214, 25.755728616850107 ], [ -100.245007432760929, 25.755670324916991 ] ] ] ] } },
{ "type": "Feature", "properties": { "CVEGEO": "1904600010247", "CVE_ENT": "19", "CVE_MUN": "046", "CVE_LOC": "0001", "CVE_ASEN": "0247", "CP": "66440", "FECHA_ACT": "11\/2022", "INSTITUCIO": "SECRETARÍA OBRAS PÚBLICAS Y DESARROLLO URBANO DEL MUNICIPIO DE SAN NICOLÁS DE LOS GARZA", "NOM_ASEN": "UNIDAD LABORAL PRIMER SECTOR", "TIPO": "COLONIA", "Shape_Leng": 2487.3754111899998, "Shape_Area": 238517.90572899999 }, "geometry": { "type": "MultiPolygon", "coordinates": [ [ [ [ -100.25362348185115, 25.744928920881353 ], [ -100.253484716853976, 25.744874037916187 ], [ -100.253148289163931, 25.744757804382406 ], [ -100.253042100983691, 25.74495418869088 ], [ -100.252931099640733, 25.745140277941488 ], [ -100.252877695017403, 25.745141295932157 ], [ -100.252847088216342, 25.745141560486783 ], [ -100.251267232179501, 25.744540128593581 ], [ -100.251217053651544, 25.74452053466354 ], [ -100.251358120010195, 25.744279636424938 ], [ -100.251525469323283, 25.743951932457509 ], [ -100.251538834760396, 25.743925760650203 ], [ -100.251724207752702, 25.743588967698347 ], [ -100.251919731847451, 25.743192854261128 ], [ -100.252120731258827, 25.742821707204889 ], [ -100.252307318113495, 25.742488696207431 ], [ -100.25237239137067, 25.742305124072594 ], [ -100.25091402354964, 25.741865870249061 ], [ -100.251102760141322, 25.741713377896588 ], [ -100.251128680679457, 25.741693824380285 ], [ -100.251451853693496, 25.741438978903293 ], [ -100.25149677239618, 25.741400624308543 ], [ -100.251692373868522, 25.741130704637399 ], [ -100.251741463819741, 25.741056235579027 ], [ -100.25188646691538, 25.740783505765304 ], [ -100.251933367811176, 25.740683264421087 ], [ -100.252060996437635, 25.740457907701067 ], [ -100.252099138795543, 25.740387408238647 ], [ -100.252140743203057, 25.74040032610181 ], [ -100.252473847957589, 25.740494080913891 ], [ -100.252546167640716, 25.740516311547953 ], [ -100.252879005505008, 25.740614465146511 ], [ -100.252927409670235, 25.740628738514985 ], [ -100.252809921859921, 25.740984319346104 ], [ -100.252864891567015, 25.741013489247457 ], [ -100.253076481839884, 25.741047429188541 ], [ -100.25418081719198, 25.741217782961748 ], [ -100.25455047934031, 25.741299396123473 ], [ -100.254962410566264, 25.741392684804701 ], [ -100.255101015867027, 25.7410387084654 ], [ -100.255282244363357, 25.740573019650434 ], [ -100.255507552908256, 25.739954035285727 ], [ -100.255636819964749, 25.740083700762831 ], [ -100.255811642462163, 25.740210116553602 ], [ -100.256264111037012, 25.740537821116661 ], [ -100.256777366614017, 25.74079875049032 ], [ -100.256715118349376, 25.740844440300084 ], [ -100.25670752076104, 25.741135185620003 ], [ -100.256729507928128, 25.74154233851154 ], [ -100.25674292350898, 25.741852285884864 ], [ -100.256757839184715, 25.742348936286103 ], [ -100.256740501767808, 25.742767545742577 ], [ -100.256623812142905, 25.743142189971707 ], [ -100.256514813783312, 25.74350313135534 ], [ -100.256441251469298, 25.743880961110797 ], [ -100.256369606002309, 25.744242195561323 ], [ -100.256306053117925, 25.744612079268137 ], [ -100.256296408309936, 25.744653151824181 ], [ -100.256221909568936, 25.744859695486873 ], [ -100.256181403300801, 25.744935517322805 ], [ -100.256026571385689, 25.745243504003998 ], [ -100.255980995921078, 25.745305264033881 ], [ -100.255754296104769, 25.745645205174963 ], [ -100.255629709545872, 25.745843104428062 ], [ -100.255531455339934, 25.74600166136241 ], [ -100.255319191436598, 25.746340645135501 ], [ -100.25492392818029, 25.745965221473249 ], [ -100.254918483677031, 25.745417099152792 ], [ -100.254806547598335, 25.745373301813899 ], [ -100.254416072498827, 25.745227487632825 ], [ -100.254030215505807, 25.745085665207569 ], [ -100.25362348185115, 25.744928920881353 ] ] ] ] } },
{ "type": "Feature", "properties": { "CVEGEO": "1904600010248", "CVE_ENT": "19", "CVE_MUN": "046", "CVE_LOC": "0001", "CVE_ASEN": "0248", "CP": "66440", "FECHA_ACT": "11\/2022", "INSTITUCIO": "SECRETARÍA OBRAS PÚBLICAS Y DESARROLLO URBANO DEL MUNICIPIO DE SAN NICOLÁS DE LOS GARZA", "NOM_ASEN": "UNIDAD LABORAL SEGUNDO SECTOR", "TIPO": "COLONIA", "Shape_Leng": 1915.7278963700001, "Shape_Area": 190700.60196500001 }, "geometry": { "type": "MultiPolygon", "coordinates": [ [ [ [ -100.248797344226148, 25.743641918906157 ], [ -100.248740319278241, 25.743621811278373 ], [ -100.248608554170076, 25.743734538326873 ], [ -100.247930918524062, 25.74427909078506 ], [ -100.247788015623499, 25.744383801139666 ], [ -100.247401696841735, 25.744181610765512 ], [ -100.247313109184475, 25.744136881917321 ], [ -100.247024887396023, 25.743982969468885 ], [ -100.246616864555108, 25.743762717843801 ], [ -100.246227085682804, 25.743567101826734 ], [ -100.245827153996117, 25.743353622287355 ], [ -100.245506834082931, 25.743182998090457 ], [ -100.24546866213548, 25.743162541258432 ], [ -100.245127112028186, 25.742990440239847 ], [ -100.24525431555351, 25.742804713351767 ], [ -100.245527822404298, 25.742451420423983 ], [ -100.245791052732045, 25.742120971175304 ], [ -100.245845280119212, 25.742100026941113 ], [ -100.245930782591856, 25.741853084487865 ], [ -100.24598903546358, 25.741830229292479 ], [ -100.245948463559202, 25.741810424404722 ], [ -100.246224069366974, 25.741490365968325 ], [ -100.246474654519844, 25.741169050342293 ], [ -100.246526338607495, 25.741075119162527 ], [ -100.246654879889093, 25.741037417082755 ], [ -100.246827826347115, 25.740736102205378 ], [ -100.247116930605586, 25.74038989010765 ], [ -100.24738699916783, 25.740506483729941 ], [ -100.247476516629121, 25.740350745870437 ], [ -100.248482706508923, 25.740817052033236 ], [ -100.248753990206879, 25.740942759398475 ], [ -100.248815335996625, 25.740968975466991 ], [ -100.250855313594656, 25.741840781612577 ], [ -100.25091402354964, 25.741865870249061 ], [ -100.25237239137067, 25.742305124072594 ], [ -100.252307318113495, 25.742488696207431 ], [ -100.252120731258827, 25.742821707204889 ], [ -100.251919731847451, 25.743192854261128 ], [ -100.251724207752702, 25.743588967698347 ], [ -100.251538834760396, 25.743925760650203 ], [ -100.251525469323283, 25.743951932457509 ], [ -100.251358120010195, 25.744279636424938 ], [ -100.251217053651544, 25.74452053466354 ], [ -100.251170625281034, 25.744504018775672 ], [ -100.248797344226148, 25.743641918906157 ] ] ] ] } },
{ "type": "Feature", "properties": { "CVEGEO": "1904600010249", "CVE_ENT": "19", "CVE_MUN": "046", "CVE_LOC": "0001", "CVE_ASEN": "0249", "CP": "66440", "FECHA_ACT": "11\/2022", "INSTITUCIO": "SECRETARÍA OBRAS PÚBLICAS Y DESARROLLO URBANO DEL MUNICIPIO DE SAN NICOLÁS DE LOS GARZA", "NOM_ASEN": "LOS NOGALES (FOMERREY 44)", "TIPO": "COLONIA", "Shape_Leng": 1118.5154741900001, "Shape_Area": 73296.672921599995 }, "geometry": { "type": "MultiPolygon", "coordinates": [ [ [ [ -100.251677477891391, 25.747106848409228 ], [ -100.251887468888754, 25.74676997233971 ], [ -100.252027493394678, 25.746384225383899 ], [ -100.252064152773542, 25.746301859012831 ], [ -100.252158046325889, 25.746020408319236 ], [ -100.252184881334571, 25.745948282335682 ], [ -100.252278741185947, 25.745683289559118 ], [ -100.252903662506682, 25.745789395087979 ], [ -100.253141596886834, 25.745829794794577 ], [ -100.25362348185115, 25.744928920881353 ], [ -100.254030215505807, 25.745085665207569 ], [ -100.254416072498827, 25.745227487632825 ], [ -100.254806547598335, 25.745373301813899 ], [ -100.254918483677031, 25.745417099152792 ], [ -100.25492392818029, 25.745965221473249 ], [ -100.255319191436598, 25.746340645135501 ], [ -100.255105254933071, 25.746695954248796 ], [ -100.255061299575615, 25.746778389629352 ], [ -100.254960188828036, 25.746976517857732 ], [ -100.254884059837224, 25.747054437305941 ], [ -100.254741532445564, 25.74714719902223 ], [ -100.254274523831398, 25.747600899559401 ], [ -100.253966383667773, 25.748005407862063 ], [ -100.253870131978033, 25.74813415351084 ], [ -100.253467428736641, 25.747940416413016 ], [ -100.252538782570397, 25.747523521979684 ], [ -100.251677477891391, 25.747106848409228 ] ] ] ] } },
{ "type": "Feature", "properties": { "CVEGEO": "1904600010250", "CVE_ENT": "19", "CVE_MUN": "046", "CVE_LOC": "0001", "CVE_ASEN": "0250", "CP": "65600", "FECHA_ACT": "11\/2022", "INSTITUCIO": "SECRETARÍA OBRAS PÚBLICAS Y DESARROLLO URBANO DEL MUNICIPIO DE SAN NICOLÁS DE LOS GARZA", "NOM_ASEN": "BENITO JUÁREZ", "TIPO": "COLONIA", "Shape_Leng": 826.55951330699997, "Shape_Area": 40652.806841500002 }, "geometry": { "type": "MultiPolygon", "coordinates": [ [ [ [ -100.267134767341176, 25.764253479110533 ], [ -100.267197597008121, 25.76406028921992 ], [ -100.267253686540883, 25.7638738569545 ], [ -100.267270248819045, 25.763803560793075 ], [ -100.267274462071072, 25.763693028029408 ], [ -100.267377339810722, 25.763345206831922 ], [ -100.267453734282512, 25.763125988559889 ], [ -100.26760089588268, 25.762749157194641 ], [ -100.267705291166649, 25.762762976960243 ], [ -100.268579799238879, 25.763045905662619 ], [ -100.26906132689669, 25.763154554759037 ], [ -100.269828095762449, 25.763223253207926 ], [ -100.269839884938762, 25.763693569131629 ], [ -100.26981696006024, 25.763822858068689 ], [ -100.269753334807092, 25.764146577329427 ], [ -100.269729929362043, 25.764269522941817 ], [ -100.269706763030442, 25.76438684784047 ], [ -100.269631219045749, 25.76473979218397 ], [ -100.267604825563396, 25.764340888743295 ], [ -100.267134767341176, 25.764253479110533 ] ] ] ] } },
{ "type": "Feature", "properties": { "CVEGEO": "1904600010251", "CVE_ENT": "19", "CVE_MUN": "046", "CVE_LOC": "0001", "CVE_ASEN": "0251", "CP": "66418", "FECHA_ACT": "11\/2022", "INSTITUCIO": "SECRETARÍA OBRAS PÚBLICAS Y DESARROLLO URBANO DEL MUNICIPIO DE SAN NICOLÁS DE LOS GARZA", "NOM_ASEN": "VALLE DORADO", "TIPO": "COLONIA", "Shape_Leng": 958.65115751899998, "Shape_Area": 45881.449021599998 }, "geometry": { "type": "MultiPolygon", "coordinates": [ [ [ [ -100.285934578802127, 25.76412120494772 ], [ -100.286155020496892, 25.764188884381028 ], [ -100.285901577399486, 25.764620666926355 ], [ -100.285877764067379, 25.764661236183183 ], [ -100.285508104127146, 25.765387054066149 ], [ -100.285218160610611, 25.766139111201344 ], [ -100.285081698822651, 25.766964517228136 ], [ -100.284986691249628, 25.766979946581273 ], [ -100.2848753822135, 25.767043809982805 ], [ -100.283534951828017, 25.766782870525159 ], [ -100.283579233789268, 25.766677743162639 ], [ -100.283687839508943, 25.766433145881901 ], [ -100.283824760932831, 25.76608170067993 ], [ -100.283957206077844, 25.765740580843957 ], [ -100.284090145172399, 25.765391134608546 ], [ -100.284235062860077, 25.765003646607919 ], [ -100.284581910516849, 25.764316296235474 ], [ -100.284630058959351, 25.764220882348376 ], [ -100.284735445390211, 25.764012838614089 ], [ -100.285934578802127, 25.76412120494772 ] ] ] ] } },
{ "type": "Feature", "properties": { "CVEGEO": "1904600010252", "CVE_ENT": "19", "CVE_MUN": "046", "CVE_LOC": "0001", "CVE_ASEN": "0252", "CP": "66450", "FECHA_ACT": "11\/2022", "INSTITUCIO": "SECRETARÍA OBRAS PÚBLICAS Y DESARROLLO URBANO DEL MUNICIPIO DE SAN NICOLÁS DE LOS GARZA", "NOM_ASEN": "VALLE DE ANÁHUAC", "TIPO": "COLONIA", "Shape_Leng": 1562.1395078400001, "Shape_Area": 105727.65760200001 }, "geometry": { "type": "MultiPolygon", "coordinates": [ [ [ [ -100.31424353655774, 25.737081988780488 ], [ -100.314258893324123, 25.73703329205642 ], [ -100.314447565694266, 25.736462367031457 ], [ -100.314560056067748, 25.736123242467915 ], [ -100.314656293117736, 25.735822242045522 ], [ -100.314848912622423, 25.735237644139893 ], [ -100.315085506153878, 25.734533344715242 ], [ -100.315095944077385, 25.734502356429282 ], [ -100.315131219541797, 25.734395478552234 ], [ -100.315514036578662, 25.733203607970779 ], [ -100.315523629072132, 25.733175712588856 ], [ -100.315625329400802, 25.73287114645208 ], [ -100.315826924792205, 25.732269841985097 ], [ -100.315984089294815, 25.731818940367869 ], [ -100.316632938284101, 25.732009983167721 ], [ -100.317283981960344, 25.732201659719248 ], [ -100.317345215797587, 25.732219692333341 ], [ -100.317160292169632, 25.732638914066143 ], [ -100.317023570013575, 25.733090586172814 ], [ -100.316888037403132, 25.733545283721735 ], [ -100.316877447620456, 25.734038588885738 ], [ -100.316885720550786, 25.734523505035817 ], [ -100.316760152669275, 25.737138808770052 ], [ -100.316751909820809, 25.737250490103211 ], [ -100.316393313470925, 25.737235337387343 ], [ -100.31540630307228, 25.737164023337748 ], [ -100.314446467532136, 25.737094445419089 ], [ -100.31424353655774, 25.737081988780488 ] ] ] ] } },
{ "type": "Feature", "properties": { "CVEGEO": "1904600010253", "CVE_ENT": "19", "CVE_MUN": "046", "CVE_LOC": "0001", "CVE_ASEN": "0253", "CP": "66478", "FECHA_ACT": "11\/2022", "INSTITUCIO": "SECRETARÍA OBRAS PÚBLICAS Y DESARROLLO URBANO DEL MUNICIPIO DE SAN NICOLÁS DE LOS GARZA", "NOM_ASEN": "VALLE DE CASA BLANCA SEGUNDO SECTOR", "TIPO": "COLONIA", "Shape_Leng": 1566.34516534, "Shape_Area": 128144.59366899999 }, "geometry": { "type": "MultiPolygon", "coordinates": [ [ [ [ -100.22752416195037, 25.733682886064084 ], [ -100.227664852968672, 25.733639649148852 ], [ -100.22953120767076, 25.733028617953316 ], [ -100.229887958769794, 25.732921461451031 ], [ -100.230262605533639, 25.732799202876695 ], [ -100.230752954253205, 25.732642059243954 ], [ -100.231123015842883, 25.732561950657107 ], [ -100.231423528880995, 25.732518168416686 ], [ -100.231661544534035, 25.732505777707125 ], [ -100.231769930985891, 25.732501029104839 ], [ -100.231911008062895, 25.732494851412639 ], [ -100.233325708567151, 25.73241826546117 ], [ -100.233426118883742, 25.732412998619616 ], [ -100.233292723152076, 25.732906838413108 ], [ -100.233160610767698, 25.733239552608001 ], [ -100.23311360766165, 25.73329019079382 ], [ -100.232940322106586, 25.733696150780641 ], [ -100.232769008576781, 25.734112388944681 ], [ -100.232748532409403, 25.734113684181665 ], [ -100.232365996507937, 25.73499130395858 ], [ -100.232141680036761, 25.734997334559406 ], [ -100.231545219496539, 25.735020445576193 ], [ -100.230507695160327, 25.73504656402983 ], [ -100.230299695897926, 25.735055936211928 ], [ -100.229856739902161, 25.735071414277598 ], [ -100.229472392986338, 25.735138248354335 ], [ -100.229125053204399, 25.735261525044375 ], [ -100.228696385795914, 25.735465482186445 ], [ -100.228341059656842, 25.73565920505747 ], [ -100.227687439353772, 25.734113849832891 ], [ -100.227686762432469, 25.734056894654799 ], [ -100.22752416195037, 25.733682886064084 ] ] ] ] } },
{ "type": "Feature", "properties": { "CVEGEO": "1904600010254", "CVE_ENT": "19", "CVE_MUN": "046", "CVE_LOC": "0001", "CVE_ASEN": "0254", "CP": "66478", "FECHA_ACT": "11\/2022", "INSTITUCIO": "SECRETARÍA OBRAS PÚBLICAS Y DESARROLLO URBANO DEL MUNICIPIO DE SAN NICOLÁS DE LOS GARZA", "NOM_ASEN": "VALLE DE CASA BLANCA PRIMER SECTOR", "TIPO": "COLONIA", "Shape_Leng": 899.76976997300005, "Shape_Area": 43795.045246399997 }, "geometry": { "type": "MultiPolygon", "coordinates": [ [ [ [ -100.232314198679106, 25.730518698837976 ], [ -100.232389402725673, 25.730287099908615 ], [ -100.232517240012697, 25.730290288454626 ], [ -100.233434760479668, 25.730313170220093 ], [ -100.23400622952353, 25.730295019660296 ], [ -100.234427228963739, 25.730208641628437 ], [ -100.234358794991024, 25.730423802098475 ], [ -100.23424894906114, 25.730438667522449 ], [ -100.23403202893671, 25.731162986981673 ], [ -100.233877089814555, 25.731508592026184 ], [ -100.233712869568393, 25.731917642204564 ], [ -100.233647955604553, 25.731956855606466 ], [ -100.233519691994758, 25.732263239176042 ], [ -100.233526531145444, 25.732407735364188 ], [ -100.233426118883742, 25.732412998619616 ], [ -100.233325708567151, 25.73241826546117 ], [ -100.231911008062895, 25.732494851412639 ], [ -100.231769930985891, 25.732501029104839 ], [ -100.231904676765168, 25.732026405085435 ], [ -100.232012275708357, 25.731629511577999 ], [ -100.232104733140574, 25.731267203731601 ], [ -100.232207305542772, 25.730903599167988 ], [ -100.232306134155522, 25.730543533529094 ], [ -100.232314198679106, 25.730518698837976 ] ] ] ] } },
{ "type": "Feature", "properties": { "CVEGEO": "1904600010255", "CVE_ENT": "19", "CVE_MUN": "046", "CVE_LOC": "0001", "CVE_ASEN": "0255", "CP": "66437", "FECHA_ACT": "11\/2022", "INSTITUCIO": "SECRETARÍA OBRAS PÚBLICAS Y DESARROLLO URBANO DEL MUNICIPIO DE SAN NICOLÁS DE LOS GARZA", "NOM_ASEN": "VALLE DE SAN CARLOS", "TIPO": "COLONIA", "Shape_Leng": 1815.32355727, "Shape_Area": 194682.32338099999 }, "geometry": { "type": "MultiPolygon", "coordinates": [ [ [ [ -100.255114177926316, 25.751578462571885 ], [ -100.255207213123114, 25.751622963604479 ], [ -100.255312517514255, 25.751632395605956 ], [ -100.255367867521528, 25.75158651096357 ], [ -100.25550128819431, 25.751333978304658 ], [ -100.255515423624473, 25.751262109440209 ], [ -100.255588008147853, 25.751089725298907 ], [ -100.25564540025394, 25.751134865624376 ], [ -100.255961034088415, 25.751227142458426 ], [ -100.256412712828336, 25.75136053057383 ], [ -100.256850259065828, 25.751489727494441 ], [ -100.257318211485682, 25.751623337460416 ], [ -100.257660516946785, 25.751731849339034 ], [ -100.258187393961151, 25.751886608536186 ], [ -100.258282655836084, 25.751887344290235 ], [ -100.258328129124649, 25.752373854342952 ], [ -100.258254251552444, 25.752853473528766 ], [ -100.257948869211376, 25.753459691171258 ], [ -100.257747935070469, 25.753780748030184 ], [ -100.257837870762629, 25.754870761447577 ], [ -100.257957664982655, 25.756112169168198 ], [ -100.254330401886122, 25.75634105823584 ], [ -100.254186273670953, 25.755443164380473 ], [ -100.254261610949669, 25.754262787786889 ], [ -100.254247016514654, 25.754199890107625 ], [ -100.253654898706372, 25.753889536656168 ], [ -100.253761299958171, 25.753690294977009 ], [ -100.253902365073571, 25.753424252478279 ], [ -100.25412206981386, 25.753011056998535 ], [ -100.254513095322537, 25.752271827068665 ], [ -100.254624922636012, 25.752120698837281 ], [ -100.25509784359356, 25.75159988542638 ], [ -100.255114177926316, 25.751578462571885 ] ] ] ] } },
{ "type": "Feature", "properties": { "CVEGEO": "1904600010256", "CVE_ENT": "19", "CVE_MUN": "046", "CVE_LOC": "0001", "CVE_ASEN": "0256", "CP": "66438", "FECHA_ACT": "11\/2022", "INSTITUCIO": "SECRETARÍA OBRAS PÚBLICAS Y DESARROLLO URBANO DEL MUNICIPIO DE SAN NICOLÁS DE LOS GARZA", "NOM_ASEN": "VALLE DE SANTO DOMINGO PRIMER SECTOR", "TIPO": "COLONIA", "Shape_Leng": 1093.89492152, "Shape_Area": 65734.264616700006 }, "geometry": { "type": "MultiPolygon", "coordinates": [ [ [ [ -100.261273208680734, 25.75564442493225 ], [ -100.261283543078008, 25.755363564719577 ], [ -100.261432748044939, 25.754407347169519 ], [ -100.26143912886495, 25.754355054663804 ], [ -100.261447679188777, 25.754312327546518 ], [ -100.261470056979874, 25.75411546895959 ], [ -100.261878702960487, 25.751970965169264 ], [ -100.262114712521367, 25.752008654274036 ], [ -100.263197186694498, 25.752191269917631 ], [ -100.263295668346871, 25.752206488211627 ], [ -100.26349562891194, 25.752238377835255 ], [ -100.263547824397136, 25.752312572775057 ], [ -100.263675483992159, 25.754140918465627 ], [ -100.263697109610462, 25.754423183394984 ], [ -100.26346458840348, 25.754522287866902 ], [ -100.262122409881641, 25.755215565286296 ], [ -100.261273208680734, 25.75564442493225 ] ] ] ] } },
{ "type": "Feature", "properties": { "CVEGEO": "1904600010257", "CVE_ENT": "19", "CVE_MUN": "046", "CVE_LOC": "0001", "CVE_ASEN": "0257", "CP": "66438", "FECHA_ACT": "11\/2022", "INSTITUCIO": "SECRETARÍA OBRAS PÚBLICAS Y DESARROLLO URBANO DEL MUNICIPIO DE SAN NICOLÁS DE LOS GARZA", "NOM_ASEN": "VALLE DE SANTO DOMINGO SEGUNDO SECTOR", "TIPO": "COLONIA", "Shape_Leng": 839.83177195600001, "Shape_Area": 42768.629079400002 }, "geometry": { "type": "MultiPolygon", "coordinates": [ [ [ [ -100.259414288516354, 25.7518988812575 ], [ -100.259701286395583, 25.75190390025762 ], [ -100.260142538251458, 25.751910863884135 ], [ -100.260775799190114, 25.751923711902705 ], [ -100.261180909060016, 25.751859667910143 ], [ -100.261432542322666, 25.751901981122625 ], [ -100.261878702960487, 25.751970965169264 ], [ -100.261470056979874, 25.75411546895959 ], [ -100.260213775532222, 25.753719994773707 ], [ -100.259966123671248, 25.75344367176266 ], [ -100.259802704947376, 25.753198262798158 ], [ -100.259520263180974, 25.752276699468979 ], [ -100.259414288516354, 25.7518988812575 ] ] ] ] } },
{ "type": "Feature", "properties": { "CVEGEO": "1904600010258", "CVE_ENT": "19", "CVE_MUN": "046", "CVE_LOC": "0001", "CVE_ASEN": "0258", "CP": "66438", "FECHA_ACT": "11\/2022", "INSTITUCIO": "SECRETARÍA OBRAS PÚBLICAS Y DESARROLLO URBANO DEL MUNICIPIO DE SAN NICOLÁS DE LOS GARZA", "NOM_ASEN": "VALLE DE LAS FLORES TERCER SECTOR", "TIPO": "COLONIA", "Shape_Leng": 1344.03210678, "Shape_Area": 92066.080611400001 }, "geometry": { "type": "MultiPolygon", "coordinates": [ [ [ [ -100.260878490115729, 25.756783180426275 ], [ -100.260422910278294, 25.756762981037706 ], [ -100.260461728041989, 25.756719541666016 ], [ -100.260446024151847, 25.756371189410881 ], [ -100.260447758119412, 25.75628764725959 ], [ -100.260422216476442, 25.756123572948258 ], [ -100.261273208680734, 25.75564442493225 ], [ -100.262122409881641, 25.755215565286296 ], [ -100.26346458840348, 25.754522287866902 ], [ -100.263697109610462, 25.754423183394984 ], [ -100.263706344070613, 25.754660951361458 ], [ -100.263765534054727, 25.755298033672101 ], [ -100.263766443747997, 25.755305504568035 ], [ -100.263771641242712, 25.755422420307486 ], [ -100.263778498103036, 25.75550406677333 ], [ -100.263846535265543, 25.756314169086302 ], [ -100.263337237727882, 25.756430212524819 ], [ -100.263356152514191, 25.756531536847806 ], [ -100.26344071789751, 25.757811855377454 ], [ -100.263389829206673, 25.75781234584046 ], [ -100.263237763237257, 25.757831854692718 ], [ -100.263059989024299, 25.75786796598398 ], [ -100.262769724766059, 25.757961783048874 ], [ -100.262065887822573, 25.758181047882108 ], [ -100.2619318865857, 25.758225786667307 ], [ -100.261888273841663, 25.758227426750551 ], [ -100.261628755717226, 25.758237195455362 ], [ -100.261040224980448, 25.758258053698096 ], [ -100.26093706381937, 25.758277449740564 ], [ -100.260850448141667, 25.758308109933353 ], [ -100.26085242891422, 25.757852580063403 ], [ -100.260878490115729, 25.756783180426275 ] ] ] ] } },
{ "type": "Feature", "properties": { "CVEGEO": "1904600010259", "CVE_ENT": "19", "CVE_MUN": "046", "CVE_LOC": "0001", "CVE_ASEN": "0259", "CP": "66438", "FECHA_ACT": "11\/2022", "INSTITUCIO": "SECRETARÍA OBRAS PÚBLICAS Y DESARROLLO URBANO DEL MUNICIPIO DE SAN NICOLÁS DE LOS GARZA", "NOM_ASEN": "VALLE DE LAS FLORES PRIMER SECTOR", "TIPO": "COLONIA", "Shape_Leng": 916.55368499400004, "Shape_Area": 33614.801838200001 }, "geometry": { "type": "MultiPolygon", "coordinates": [ [ [ [ -100.266857490762121, 25.75476025182677 ], [ -100.266804958794737, 25.754891923726689 ], [ -100.266236749079795, 25.755896329510605 ], [ -100.265794625513905, 25.755712558981582 ], [ -100.265374082537718, 25.755545304072513 ], [ -100.264877183612541, 25.755351826529051 ], [ -100.264819742015661, 25.755357990536517 ], [ -100.263942621484787, 25.755467066707105 ], [ -100.263818336063892, 25.755495081688213 ], [ -100.263778498103036, 25.75550406677333 ], [ -100.263771641242712, 25.755422420307486 ], [ -100.263766443747997, 25.755305504568035 ], [ -100.263765534054727, 25.755298033672101 ], [ -100.264645476328809, 25.755198376774072 ], [ -100.264698762076407, 25.755113906509894 ], [ -100.264757676303887, 25.75448374019442 ], [ -100.264630594667992, 25.754131959779695 ], [ -100.264758503331308, 25.754070278151598 ], [ -100.264799747980646, 25.754049822061152 ], [ -100.264847921125536, 25.754030430497011 ], [ -100.26506888909941, 25.753933981876589 ], [ -100.265120901864904, 25.753928552832015 ], [ -100.265135410140957, 25.753933511581 ], [ -100.265329821386885, 25.754004679772596 ], [ -100.265839761164557, 25.754196869539378 ], [ -100.265921345652828, 25.754227902300197 ], [ -100.266226167597864, 25.754339360662286 ], [ -100.266358123816161, 25.754377478635696 ], [ -100.266381529482814, 25.754380972826581 ], [ -100.266415019797748, 25.754388441200636 ], [ -100.266786452805988, 25.754394750686675 ], [ -100.266880075389551, 25.754359354091946 ], [ -100.266863445260938, 25.754576431417558 ], [ -100.266857490762121, 25.75476025182677 ] ] ] ] } },
{ "type": "Feature", "properties": { "CVEGEO": "1904600010260", "CVE_ENT": "19", "CVE_MUN": "046", "CVE_LOC": "0001", "CVE_ASEN": "0260", "CP": "66438", "FECHA_ACT": "11\/2022", "INSTITUCIO": "SECRETARÍA OBRAS PÚBLICAS Y DESARROLLO URBANO DEL MUNICIPIO DE SAN NICOLÁS DE LOS GARZA", "NOM_ASEN": "VALLE DE LAS FLORES SEGUNDO SECTOR", "TIPO": "COLONIA", "Shape_Leng": 963.39247848000002, "Shape_Area": 56294.367163399998 }, "geometry": { "type": "MultiPolygon", "coordinates": [ [ [ [ -100.264819742015661, 25.755357990536517 ], [ -100.264877183612541, 25.755351826529051 ], [ -100.265374082537718, 25.755545304072513 ], [ -100.265794625513905, 25.755712558981582 ], [ -100.266236749079795, 25.755896329510605 ], [ -100.266088648355108, 25.756177923583987 ], [ -100.265548622224401, 25.757119293898704 ], [ -100.265131551930665, 25.757831549632719 ], [ -100.263659410445783, 25.757809747327386 ], [ -100.26344071789751, 25.757811855377454 ], [ -100.263356152514191, 25.756531536847806 ], [ -100.263337237727882, 25.756430212524819 ], [ -100.263846535265543, 25.756314169086302 ], [ -100.263778498103036, 25.75550406677333 ], [ -100.263818336063892, 25.755495081688213 ], [ -100.263942621484787, 25.755467066707105 ], [ -100.264819742015661, 25.755357990536517 ] ] ] ] } },
{ "type": "Feature", "properties": { "CVEGEO": "1904600010261", "CVE_ENT": "19", "CVE_MUN": "046", "CVE_LOC": "0001", "CVE_ASEN": "0261", "CP": "66480", "FECHA_ACT": "11\/2022", "INSTITUCIO": "SECRETARÍA OBRAS PÚBLICAS Y DESARROLLO URBANO DEL MUNICIPIO DE SAN NICOLÁS DE LOS GARZA", "NOM_ASEN": "VALLE DE LAS GRANJAS (FOMERREY 13)", "TIPO": "COLONIA", "Shape_Leng": 557.34965102199999, "Shape_Area": 16561.075984800002 }, "geometry": { "type": "MultiPolygon", "coordinates": [ [ [ [ -100.264701110230973, 25.723191487059552 ], [ -100.264646462703027, 25.722950425359429 ], [ -100.264538603048166, 25.722573691064753 ], [ -100.264440532162652, 25.722231102415861 ], [ -100.264307560260832, 25.721848734691292 ], [ -100.264256721817205, 25.72168367341985 ], [ -100.264625019592955, 25.721403779914247 ], [ -100.264940340089638, 25.721181928197545 ], [ -100.265028891430347, 25.721178417055295 ], [ -100.265174950735656, 25.721677453195642 ], [ -100.265286345784702, 25.722042587210655 ], [ -100.265317338200305, 25.722158506149025 ], [ -100.265384840598756, 25.722398576646636 ], [ -100.265474427149329, 25.72277460226907 ], [ -100.265521421786502, 25.722961018295262 ], [ -100.265114366780779, 25.723075064530288 ], [ -100.264701110230973, 25.723191487059552 ] ] ] ] } },
{ "type": "Feature", "properties": { "CVEGEO": "1904600010262", "CVE_ENT": "19", "CVE_MUN": "046", "CVE_LOC": "0001", "CVE_ASEN": "0262", "CP": "66460", "FECHA_ACT": "11\/2022", "INSTITUCIO": "SECRETARÍA OBRAS PÚBLICAS Y DESARROLLO URBANO DEL MUNICIPIO DE SAN NICOLÁS DE LOS GARZA", "NOM_ASEN": "VALLE DE LAS PUENTES", "TIPO": "COLONIA", "Shape_Leng": 1291.4891913399999, "Shape_Area": 110751.62874099999 }, "geometry": { "type": "MultiPolygon", "coordinates": [ [ [ [ -100.284310689208866, 25.747565258336852 ], [ -100.284326538598975, 25.746287255803104 ], [ -100.284354694925923, 25.745600313895512 ], [ -100.284322005934172, 25.745581105045968 ], [ -100.284145641948626, 25.745474832160877 ], [ -100.284390615139358, 25.745089366319007 ], [ -100.284645021372256, 25.744322277994794 ], [ -100.284711787053539, 25.744137505357031 ], [ -100.285020180078675, 25.744199599248773 ], [ -100.28527454656988, 25.744250349588661 ], [ -100.286330975515767, 25.744261785795345 ], [ -100.286671919612729, 25.744338667235667 ], [ -100.28671353016955, 25.744348125764947 ], [ -100.286661633435472, 25.744456270812201 ], [ -100.286693109089569, 25.744529885098896 ], [ -100.286862356754256, 25.744869455364451 ], [ -100.287072500663754, 25.745341080456043 ], [ -100.287265828683971, 25.745783049386898 ], [ -100.287364822763919, 25.746551093651256 ], [ -100.287379429473361, 25.746629550896351 ], [ -100.287407625717961, 25.74680284924835 ], [ -100.287444677502094, 25.746928883579248 ], [ -100.287468147345749, 25.747010239264203 ], [ -100.287241169635976, 25.747176600163439 ], [ -100.286814452746214, 25.747511402407643 ], [ -100.286643569821024, 25.747646511910169 ], [ -100.28640907141822, 25.747808186268042 ], [ -100.285921378821357, 25.748019527898006 ], [ -100.285446170659071, 25.748156573244607 ], [ -100.285244029758658, 25.748164760526944 ], [ -100.284979763864115, 25.748116204219698 ], [ -100.284843436451922, 25.748070937920005 ], [ -100.284665488465492, 25.747913315426413 ], [ -100.284473237770214, 25.74772701271338 ], [ -100.28437888670166, 25.747618893263173 ], [ -100.284310689208866, 25.747565258336852 ] ] ] ] } },
{ "type": "Feature", "properties": { "CVEGEO": "1904600010263", "CVE_ENT": "19", "CVE_MUN": "046", "CVE_LOC": "0001", "CVE_ASEN": "0263", "CP": "66445", "FECHA_ACT": "11\/2022", "INSTITUCIO": "SECRETARÍA OBRAS PÚBLICAS Y DESARROLLO URBANO DEL MUNICIPIO DE SAN NICOLÁS DE LOS GARZA", "NOM_ASEN": "VALLE DEL MEZQUITAL (FOMERREY 30)", "TIPO": "COLONIA", "Shape_Leng": 2140.6475209800001, "Shape_Area": 272477.32844000001 }, "geometry": { "type": "MultiPolygon", "coordinates": [ [ [ [ -100.24184483885125, 25.74301489081671 ], [ -100.241603896851828, 25.74282178277436 ], [ -100.24126195243025, 25.742566228201277 ], [ -100.240956080344645, 25.742304134964108 ], [ -100.240624921890344, 25.742044317867091 ], [ -100.24025476160449, 25.741773889985339 ], [ -100.239984580702682, 25.741560019475404 ], [ -100.239097142776004, 25.740833181069295 ], [ -100.239105719172017, 25.740802230559083 ], [ -100.239150020091529, 25.740668461013914 ], [ -100.239170228649471, 25.740556371251959 ], [ -100.241615677048529, 25.739609217216287 ], [ -100.241931265877611, 25.739486219525677 ], [ -100.242151678267831, 25.739396984594041 ], [ -100.24267297971096, 25.739185931183084 ], [ -100.243205081994347, 25.738970502563763 ], [ -100.243691064478725, 25.738773741965097 ], [ -100.24386749518051, 25.738702311098052 ], [ -100.244270294266528, 25.738539228415977 ], [ -100.245013335114194, 25.738236859414265 ], [ -100.245035414451394, 25.738227976013668 ], [ -100.24551421060626, 25.739104191328213 ], [ -100.245664034116231, 25.739400262756302 ], [ -100.245704789822241, 25.739475505088784 ], [ -100.245953934695194, 25.739968411906794 ], [ -100.246077810545046, 25.740193527783152 ], [ -100.246227771309506, 25.740485925632228 ], [ -100.246321567951185, 25.740683946886218 ], [ -100.246347974057926, 25.740739358016306 ], [ -100.246526338607495, 25.741075119162527 ], [ -100.246474654519844, 25.741169050342293 ], [ -100.246224069366974, 25.741490365968325 ], [ -100.245948463559202, 25.741810424404722 ], [ -100.24598903546358, 25.741830229292479 ], [ -100.245930782591856, 25.741853084487865 ], [ -100.245845280119212, 25.742100026941113 ], [ -100.245791052732045, 25.742120971175304 ], [ -100.245527822404298, 25.742451420423983 ], [ -100.24525431555351, 25.742804713351767 ], [ -100.245127112028186, 25.742990440239847 ], [ -100.245037277645821, 25.743112958522019 ], [ -100.244818190198714, 25.743433024256436 ], [ -100.244628456163042, 25.743704672686917 ], [ -100.244598149225283, 25.743748573056806 ], [ -100.244379424825524, 25.744057030621747 ], [ -100.243993320188935, 25.744596350400922 ], [ -100.243957033902007, 25.744654480481408 ], [ -100.243756653455037, 25.744529223369884 ], [ -100.24184483885125, 25.74301489081671 ] ] ] ] } },
{ "type": "Feature", "properties": { "CVEGEO": "1904600010264", "CVE_ENT": "19", "CVE_MUN": "046", "CVE_LOC": "0001", "CVE_ASEN": "0264", "CP": "66480", "FECHA_ACT": "11\/2022", "INSTITUCIO": "SECRETARÍA OBRAS PÚBLICAS Y DESARROLLO URBANO DEL MUNICIPIO DE SAN NICOLÁS DE LOS GARZA", "NOM_ASEN": "VALLE DEL NOGALAR", "TIPO": "COLONIA", "Shape_Leng": 2057.4790062500001, "Shape_Area": 146196.30107300001 }, "geometry": { "type": "MultiPolygon", "coordinates": [ [ [ [ -100.280035524326067, 25.711808728834587 ], [ -100.27878526342441, 25.710934169595166 ], [ -100.278239806411008, 25.710555305959954 ], [ -100.278947430214728, 25.710075868645347 ], [ -100.27946203026228, 25.709719084283694 ], [ -100.281163836202936, 25.710684633608437 ], [ -100.28281578534623, 25.711629356293699 ], [ -100.284444248287201, 25.712550815048694 ], [ -100.284884459596483, 25.712801095925354 ], [ -100.285371851463793, 25.713084840449572 ], [ -100.284268204069932, 25.714796499566678 ], [ -100.28401503757145, 25.715166267202925 ], [ -100.283692001284706, 25.71561554817243 ], [ -100.282619647077937, 25.714876381234426 ], [ -100.283004713012815, 25.714437035624641 ], [ -100.283292090797062, 25.714107010534537 ], [ -100.282429468503992, 25.713497125745803 ], [ -100.28203315820619, 25.713220896650128 ], [ -100.280990645803328, 25.712488067048071 ], [ -100.280035524326067, 25.711808728834587 ] ] ] ] } },
{ "type": "Feature", "properties": { "CVEGEO": "1904600010265", "CVE_ENT": "19", "CVE_MUN": "046", "CVE_LOC": "0001", "CVE_ASEN": "0265", "CP": "00000", "FECHA_ACT": "11\/2022", "INSTITUCIO": "SECRETARÍA OBRAS PÚBLICAS Y DESARROLLO URBANO DEL MUNICIPIO DE SAN NICOLÁS DE LOS GARZA", "NOM_ASEN": "RESIDENCIAL SAN NICOLÁS PRIMER SECTOR", "TIPO": "COLONIA", "Shape_Leng": 1540.6669528299999, "Shape_Area": 28398.248888599999 }, "geometry": { "type": "MultiPolygon", "coordinates": [ [ [ [ -100.264696882447595, 25.758581642984328 ], [ -100.266641734874312, 25.759147724878009 ], [ -100.26842600841573, 25.759222854805795 ], [ -100.268436114473005, 25.759028593803801 ], [ -100.26845721934987, 25.758710576352904 ], [ -100.269153120930355, 25.758736943674911 ], [ -100.269138028492037, 25.758775162535589 ], [ -100.269121845867275, 25.759086055923916 ], [ -100.269110970950365, 25.759269996076448 ], [ -100.270873426352026, 25.759354624576883 ], [ -100.270836104441031, 25.759475788101462 ], [ -100.270816106310406, 25.759543818869599 ], [ -100.270757646380687, 25.759733307230192 ], [ -100.269086634985172, 25.759644784685648 ], [ -100.269100095978374, 25.759453938014346 ], [ -100.269107885603873, 25.759322183178277 ], [ -100.268422186814917, 25.759296286426743 ], [ -100.268415900301136, 25.75941711756829 ], [ -100.26840558867012, 25.759610115545485 ], [ -100.266546020174118, 25.75951668365666 ], [ -100.264480737329379, 25.758953045114641 ], [ -100.264574719206195, 25.758793318264836 ], [ -100.264696882447595, 25.758581642984328 ] ] ] ] } },
{ "type": "Feature", "properties": { "CVEGEO": "1904600010266", "CVE_ENT": "19", "CVE_MUN": "046", "CVE_LOC": "0001", "CVE_ASEN": "0266", "CP": "67195", "FECHA_ACT": "11\/2022", "INSTITUCIO": "SECRETARÍA OBRAS PÚBLICAS Y DESARROLLO URBANO DEL MUNICIPIO DE SAN NICOLÁS DE LOS GARZA", "NOM_ASEN": "VALLE DEL SOL", "TIPO": "COLONIA", "Shape_Leng": 906.54497123299996, "Shape_Area": 49628.534697700001 }, "geometry": { "type": "MultiPolygon", "coordinates": [ [ [ [ -100.279374534244752, 25.766788227793789 ], [ -100.279418915877443, 25.76662049540499 ], [ -100.279474350276459, 25.766633240303339 ], [ -100.281285614215662, 25.767054235196291 ], [ -100.281269983761092, 25.767197780615088 ], [ -100.281265147192983, 25.767240963991615 ], [ -100.281258706995516, 25.767278470392657 ], [ -100.281188861921393, 25.767685312150785 ], [ -100.281018357519699, 25.768678475301869 ], [ -100.280981322379731, 25.768894184360395 ], [ -100.280789656674614, 25.768917018776865 ], [ -100.27973183112411, 25.769014014168597 ], [ -100.278800897913271, 25.769120583361648 ], [ -100.278746952618675, 25.769126758661098 ], [ -100.278746919520501, 25.769126761929325 ], [ -100.278984639414404, 25.768236203104792 ], [ -100.27907185947565, 25.767915442441105 ], [ -100.279094727028991, 25.767830048198263 ], [ -100.279107775523798, 25.767780543575746 ], [ -100.27917853660901, 25.767510369534978 ], [ -100.279214474237136, 25.767364603371256 ], [ -100.279279261822992, 25.767141540104021 ], [ -100.279323180636837, 25.766977610273972 ], [ -100.279374534244752, 25.766788227793789 ] ] ] ] } },
{ "type": "Feature", "properties": { "CVEGEO": "1904600010267", "CVE_ENT": "19", "CVE_MUN": "046", "CVE_LOC": "0001", "CVE_ASEN": "0267", "CP": "66437", "FECHA_ACT": "11\/2022", "INSTITUCIO": "SECRETARÍA OBRAS PÚBLICAS Y DESARROLLO URBANO DEL MUNICIPIO DE SAN NICOLÁS DE LOS GARZA", "NOM_ASEN": "VICENTE GUERRERO (FOMERREY 46)", "TIPO": "COLONIA", "Shape_Leng": 4372.76197443, "Shape_Area": 491934.78528800001 }, "geometry": { "type": "MultiPolygon", "coordinates": [ [ [ [ -100.252478229964098, 25.759110751956626 ], [ -100.252251895407426, 25.759044860197761 ], [ -100.251181169507973, 25.758392523001021 ], [ -100.250836605657938, 25.758117475535226 ], [ -100.250650372936789, 25.75802250808815 ], [ -100.251701860444712, 25.756608993371085 ], [ -100.25151137990018, 25.756488636715318 ], [ -100.2508248796251, 25.756002257719619 ], [ -100.250165625809046, 25.755542423139673 ], [ -100.250315296710383, 25.755404769862995 ], [ -100.250280614013278, 25.755368988518075 ], [ -100.249933792805564, 25.755114880341392 ], [ -100.250207433543153, 25.754874240121961 ], [ -100.250541852915688, 25.754570746764113 ], [ -100.250740859136158, 25.754418639937462 ], [ -100.251066678451295, 25.754120673757178 ], [ -100.251680098663485, 25.753563796971065 ], [ -100.25172897817302, 25.753605604863029 ], [ -100.251989724882378, 25.753828676157216 ], [ -100.252016185276119, 25.753848060464296 ], [ -100.252043229662604, 25.7538672153939 ], [ -100.252309358289125, 25.754057945846647 ], [ -100.252338361251532, 25.754078927255563 ], [ -100.252366386747951, 25.754098863897923 ], [ -100.252653713144568, 25.754304929110084 ], [ -100.252681976024533, 25.75432509505973 ], [ -100.252710276407242, 25.754345451886515 ], [ -100.252965605022069, 25.75453150705507 ], [ -100.253003848012369, 25.754559376395473 ], [ -100.253424771680102, 25.754192895360195 ], [ -100.253625950177508, 25.753943744123905 ], [ -100.253654898706372, 25.753889536656168 ], [ -100.254247016514654, 25.754199890107625 ], [ -100.254261610949669, 25.754262787786889 ], [ -100.254186273670953, 25.755443164380473 ], [ -100.254330401886122, 25.75634105823584 ], [ -100.257957664982655, 25.756112169168198 ], [ -100.257837870762629, 25.754870761447577 ], [ -100.257747935070469, 25.753780748030184 ], [ -100.257948869211376, 25.753459691171258 ], [ -100.258254251552444, 25.752853473528766 ], [ -100.258328129124649, 25.752373854342952 ], [ -100.258282655836084, 25.751887344290235 ], [ -100.259128502261547, 25.7518938804985 ], [ -100.259414288516354, 25.7518988812575 ], [ -100.259520263180974, 25.752276699468979 ], [ -100.259802704947376, 25.753198262798158 ], [ -100.259966123671248, 25.75344367176266 ], [ -100.260213775532222, 25.753719994773707 ], [ -100.261470056979874, 25.75411546895959 ], [ -100.261447679188777, 25.754312327546518 ], [ -100.26143912886495, 25.754355054663804 ], [ -100.261432748044939, 25.754407347169519 ], [ -100.261283543078008, 25.755363564719577 ], [ -100.261273208680734, 25.75564442493225 ], [ -100.260422216476442, 25.756123572948258 ], [ -100.260447758119412, 25.75628764725959 ], [ -100.260446024151847, 25.756371189410881 ], [ -100.260461728041989, 25.756719541666016 ], [ -100.260422910278294, 25.756762981037706 ], [ -100.260878490115729, 25.756783180426275 ], [ -100.26085242891422, 25.757852580063403 ], [ -100.260850448141667, 25.758308109933353 ], [ -100.26072631265977, 25.758386970915357 ], [ -100.260592268613436, 25.758486303494319 ], [ -100.260519437655631, 25.758582157922312 ], [ -100.260479227835816, 25.758865426521862 ], [ -100.259746273229624, 25.758835541039929 ], [ -100.259277747185877, 25.758816436970577 ], [ -100.259066818329316, 25.758792301653504 ], [ -100.258708191366281, 25.758701267864762 ], [ -100.258427821633219, 25.758618077686148 ], [ -100.258239246642134, 25.758562124955123 ], [ -100.257612644760016, 25.758314663830891 ], [ -100.257492157544235, 25.758304134031352 ], [ -100.256201661917274, 25.758506105547081 ], [ -100.25599990886397, 25.758548179549571 ], [ -100.255796139888417, 25.758877411606534 ], [ -100.255586292093852, 25.759213066791911 ], [ -100.255390759084136, 25.75953477017071 ], [ -100.254636489374306, 25.759167309255723 ], [ -100.25457543406624, 25.759183292342463 ], [ -100.254395344863539, 25.75945225817004 ], [ -100.254161647841045, 25.75978997854487 ], [ -100.25395857255694, 25.759687711441821 ], [ -100.253876140709295, 25.759646202093613 ], [ -100.253860907426983, 25.759638534234657 ], [ -100.253428542699751, 25.759420801562396 ], [ -100.253297632126333, 25.759358671037273 ], [ -100.253212553298169, 25.759318293081822 ], [ -100.253051943201498, 25.759274151441176 ], [ -100.252828644301559, 25.759212770913518 ], [ -100.252701538595502, 25.759175776476461 ], [ -100.252701498708703, 25.759175763338483 ], [ -100.252478229964098, 25.759110751956626 ] ] ] ] } },
{ "type": "Feature", "properties": { "CVEGEO": "1904600010268", "CVE_ENT": "19", "CVE_MUN": "046", "CVE_LOC": "0001", "CVE_ASEN": "0268", "CP": "66437", "FECHA_ACT": "11\/2022", "INSTITUCIO": "SECRETARÍA OBRAS PÚBLICAS Y DESARROLLO URBANO DEL MUNICIPIO DE SAN NICOLÁS DE LOS GARZA", "NOM_ASEN": "AMPLIACIÓN VICENTE GUERRERO (FOMERREY 117)", "TIPO": "COLONIA", "Shape_Leng": 942.63444530300001, "Shape_Area": 52336.5034868 }, "geometry": { "type": "MultiPolygon", "coordinates": [ [ [ [ -100.248525843042813, 25.756510176179074 ], [ -100.248457368666962, 25.756445280847693 ], [ -100.248782688900306, 25.756146696560506 ], [ -100.249127689082528, 25.755838177151325 ], [ -100.249499281362759, 25.755511504433056 ], [ -100.24962897511169, 25.755391293771083 ], [ -100.249850770722801, 25.755185706075849 ], [ -100.249933792805564, 25.755114880341392 ], [ -100.250280614013278, 25.755368988518075 ], [ -100.250315296710383, 25.755404769862995 ], [ -100.250165625809046, 25.755542423139673 ], [ -100.2508248796251, 25.756002257719619 ], [ -100.25151137990018, 25.756488636715318 ], [ -100.251701860444712, 25.756608993371085 ], [ -100.250650372936789, 25.75802250808815 ], [ -100.250464141501567, 25.757927539519009 ], [ -100.250119908014881, 25.757743169632846 ], [ -100.249750307321747, 25.757554953222719 ], [ -100.249514982809771, 25.757427003239993 ], [ -100.249373569039321, 25.757313939891475 ], [ -100.249117620270397, 25.757076459625939 ], [ -100.24881693866449, 25.756785989322534 ], [ -100.248525843042813, 25.756510176179074 ] ] ] ] } },
{ "type": "Feature", "properties": { "CVEGEO": "1904600010269", "CVE_ENT": "19", "CVE_MUN": "046", "CVE_LOC": "0001", "CVE_ASEN": "0269", "CP": "66418", "FECHA_ACT": "11\/2022", "INSTITUCIO": "SECRETARÍA OBRAS PÚBLICAS Y DESARROLLO URBANO DEL MUNICIPIO DE SAN NICOLÁS DE LOS GARZA", "NOM_ASEN": "VIEJO ROBLE PRIMER SECTOR", "TIPO": "COLONIA", "Shape_Leng": 807.10403842000005, "Shape_Area": 26936.645916000001 }, "geometry": { "type": "MultiPolygon", "coordinates": [ [ [ [ -100.283244750842982, 25.767443436883163 ], [ -100.281188861921393, 25.767685312150785 ], [ -100.281258706995516, 25.767278470392657 ], [ -100.281265147192983, 25.767240963991615 ], [ -100.281269983761092, 25.767197780615088 ], [ -100.281285614215662, 25.767054235196291 ], [ -100.281529390403335, 25.767116656013794 ], [ -100.281538354132365, 25.767059812897227 ], [ -100.281558781207963, 25.766921032165673 ], [ -100.281565426672941, 25.766888897308245 ], [ -100.281583964738431, 25.766861526166284 ], [ -100.28100676658697, 25.766714567744099 ], [ -100.28122418869826, 25.766305973326944 ], [ -100.281816938857958, 25.766543618469257 ], [ -100.282123029994807, 25.766168741303822 ], [ -100.282512258197059, 25.766313936835616 ], [ -100.282565521461336, 25.766345141426843 ], [ -100.282603784518656, 25.766417975314319 ], [ -100.283535255456698, 25.766665932891382 ], [ -100.283579233789268, 25.766677743162639 ], [ -100.283534951828017, 25.766782870525159 ], [ -100.283502295791109, 25.766869137090541 ], [ -100.283467515826445, 25.76696922480776 ], [ -100.28333510821426, 25.767250029994599 ], [ -100.283244750842982, 25.767443436883163 ] ] ] ] } },
{ "type": "Feature", "properties": { "CVEGEO": "1904600010270", "CVE_ENT": "19", "CVE_MUN": "046", "CVE_LOC": "0001", "CVE_ASEN": "0270", "CP": "66420", "FECHA_ACT": "11\/2022", "INSTITUCIO": "SECRETARÍA OBRAS PÚBLICAS Y DESARROLLO URBANO DEL MUNICIPIO DE SAN NICOLÁS DE LOS GARZA", "NOM_ASEN": "VILLA AZUL PRIMER SECTOR", "TIPO": "COLONIA", "Shape_Leng": 1054.51160099, "Shape_Area": 57524.552455800003 }, "geometry": { "type": "MultiPolygon", "coordinates": [ [ [ [ -100.301465471190255, 25.756712156966579 ], [ -100.301189899416499, 25.756709629239449 ], [ -100.300647087366471, 25.756631975651139 ], [ -100.300633041498088, 25.756648502645501 ], [ -100.300106749329871, 25.756588485815442 ], [ -100.30010763151482, 25.756573885504675 ], [ -100.299778702926247, 25.755548095705791 ], [ -100.29966560254627, 25.755276491378417 ], [ -100.300151611405155, 25.75525304429101 ], [ -100.30217379252079, 25.755330836032591 ], [ -100.303682448951349, 25.755392007887206 ], [ -100.303594680373152, 25.755592461154748 ], [ -100.303434149033123, 25.756050619556099 ], [ -100.303080277935535, 25.757080280308216 ], [ -100.302754250419611, 25.757017128491995 ], [ -100.302714691521714, 25.756997967052818 ], [ -100.302204917443021, 25.756920825295808 ], [ -100.302156036374399, 25.756903862084215 ], [ -100.301742773644236, 25.756853702435269 ], [ -100.301696765088025, 25.756845245693544 ], [ -100.301465471190255, 25.756712156966579 ] ] ] ] } },
{ "type": "Feature", "properties": { "CVEGEO": "1904600010271", "CVE_ENT": "19", "CVE_MUN": "046", "CVE_LOC": "0001", "CVE_ASEN": "0271", "CP": "66469", "FECHA_ACT": "11\/2022", "INSTITUCIO": "SECRETARÍA OBRAS PÚBLICAS Y DESARROLLO URBANO DEL MUNICIPIO DE SAN NICOLÁS DE LOS GARZA", "NOM_ASEN": "VILLA ESPERANZA", "TIPO": "COLONIA", "Shape_Leng": 1698.06275123, "Shape_Area": 139170.894096 }, "geometry": { "type": "MultiPolygon", "coordinates": [ [ [ [ -100.277721516855237, 25.74556332425491 ], [ -100.277886236626159, 25.745431364203789 ], [ -100.277915842386676, 25.745356813404708 ], [ -100.277912351929089, 25.74526030430642 ], [ -100.27789669296466, 25.745042379840573 ], [ -100.277857432769451, 25.744705984888451 ], [ -100.277881065176487, 25.744622250117068 ], [ -100.277892694936298, 25.744562455667531 ], [ -100.277934259157988, 25.744563358463136 ], [ -100.279720257702039, 25.744599648587453 ], [ -100.280046997353637, 25.744644214187066 ], [ -100.279863504661037, 25.744929415111361 ], [ -100.279583057405503, 25.745374719812805 ], [ -100.280403650867612, 25.745652726858808 ], [ -100.281021055570605, 25.745885261980977 ], [ -100.281075588023782, 25.745905568459406 ], [ -100.281255684346164, 25.745973873866664 ], [ -100.281119071124394, 25.746413897767091 ], [ -100.28065614007744, 25.747250571425919 ], [ -100.280497475492851, 25.747511388080476 ], [ -100.280835742290378, 25.747648536320913 ], [ -100.280723202216393, 25.74776276252992 ], [ -100.280270989700924, 25.7482090141933 ], [ -100.279357004401248, 25.749380053082607 ], [ -100.27906928538215, 25.74927143388177 ], [ -100.278815217424622, 25.749175520490539 ], [ -100.278027158488428, 25.748915152789603 ], [ -100.278112817570289, 25.748735503046895 ], [ -100.278213944522179, 25.748465434215898 ], [ -100.278186733345606, 25.748459716323286 ], [ -100.278219068258679, 25.747981781233719 ], [ -100.277939852288895, 25.747765880124149 ], [ -100.276749015884661, 25.74713940441341 ], [ -100.276824301503694, 25.746945986454865 ], [ -100.276962767853618, 25.746699128080049 ], [ -100.277008440659756, 25.746524750350527 ], [ -100.277045690277561, 25.746473320698044 ], [ -100.277278932195372, 25.746149009654015 ], [ -100.277545822887561, 25.745804906160867 ], [ -100.277721516855237, 25.74556332425491 ] ] ] ] } },
{ "type": "Feature", "properties": { "CVEGEO": "1904600010272", "CVE_ENT": "19", "CVE_MUN": "046", "CVE_LOC": "0001", "CVE_ASEN": "0272", "CP": "66635", "FECHA_ACT": "11\/2022", "INSTITUCIO": "SECRETARÍA OBRAS PÚBLICAS Y DESARROLLO URBANO DEL MUNICIPIO DE SAN NICOLÁS DE LOS GARZA", "NOM_ASEN": "VILLA LUZ", "TIPO": "COLONIA", "Shape_Leng": 952.12812801999996, "Shape_Area": 48381.407670400004 }, "geometry": { "type": "MultiPolygon", "coordinates": [ [ [ [ -100.26383119994739, 25.763733065378716 ], [ -100.26385208617782, 25.763687559541061 ], [ -100.263959397581161, 25.763385493943648 ], [ -100.264017531846704, 25.763223932900924 ], [ -100.264088666840749, 25.76302446620916 ], [ -100.264143045913002, 25.762877952554881 ], [ -100.264219841660733, 25.762654505376833 ], [ -100.264264148135041, 25.762518638115456 ], [ -100.26433164610755, 25.762337936827265 ], [ -100.264392077244096, 25.762313814754911 ], [ -100.264925419710124, 25.762450395494504 ], [ -100.265395614203314, 25.762561278968381 ], [ -100.265519184326337, 25.76256285181573 ], [ -100.265545587863173, 25.762601024022345 ], [ -100.265740523539748, 25.762655060190866 ], [ -100.267453734282512, 25.763125988559889 ], [ -100.267377339810722, 25.763345206831922 ], [ -100.267274462071072, 25.763693028029408 ], [ -100.267270248819045, 25.763803560793075 ], [ -100.267253686540883, 25.7638738569545 ], [ -100.267197597008121, 25.76406028921992 ], [ -100.267134767341176, 25.764253479110533 ], [ -100.265313090690242, 25.76396134135187 ], [ -100.26383119994739, 25.763733065378716 ] ] ] ] } },
{ "type": "Feature", "properties": { "CVEGEO": "1904600010273", "CVE_ENT": "19", "CVE_MUN": "046", "CVE_LOC": "0001", "CVE_ASEN": "0273", "CP": "66420", "FECHA_ACT": "11\/2022", "INSTITUCIO": "SECRETARÍA OBRAS PÚBLICAS Y DESARROLLO URBANO DEL MUNICIPIO DE SAN NICOLÁS DE LOS GARZA", "NOM_ASEN": "VILLA UNIVERSIDAD", "TIPO": "COLONIA", "Shape_Leng": 3179.11923088, "Shape_Area": 326096.41742900002 }, "geometry": { "type": "MultiPolygon", "coordinates": [ [ [ [ -100.310303503541178, 25.747911271675353 ], [ -100.308064308402038, 25.748325855963028 ], [ -100.307282235720564, 25.748502745360973 ], [ -100.306182108336458, 25.748735701757823 ], [ -100.305530859246446, 25.748867675168853 ], [ -100.304583382183154, 25.74907538680522 ], [ -100.303716208629737, 25.749174694644324 ], [ -100.301207484976771, 25.749701296985851 ], [ -100.300585435328486, 25.749861935884127 ], [ -100.300019584946668, 25.749708260063052 ], [ -100.29966154975213, 25.749604429995323 ], [ -100.299542089870059, 25.749549709888633 ], [ -100.299463309540656, 25.749491080217627 ], [ -100.299195100378455, 25.749415193102593 ], [ -100.299589108768672, 25.748326769567562 ], [ -100.299619430233918, 25.748243080186384 ], [ -100.300116071199028, 25.746871166413786 ], [ -100.300222927867154, 25.746561264504432 ], [ -100.300335819809405, 25.74676665020289 ], [ -100.300719020430932, 25.747633249678888 ], [ -100.300814985737489, 25.747864435900208 ], [ -100.302686246585139, 25.747239475842754 ], [ -100.302909498754204, 25.747166090918078 ], [ -100.30581361664683, 25.746211451961017 ], [ -100.306238231600531, 25.746070022270754 ], [ -100.306330283153642, 25.746039361735129 ], [ -100.306972977115834, 25.745825291879044 ], [ -100.307030364767456, 25.745806178255087 ], [ -100.310744679215674, 25.744568936946845 ], [ -100.311446118379436, 25.744356348947353 ], [ -100.311603646303638, 25.74450752082678 ], [ -100.311516293472806, 25.744747146791418 ], [ -100.311069669110381, 25.7459391748373 ], [ -100.310987115410015, 25.746146919739925 ], [ -100.310808320920927, 25.746600447833533 ], [ -100.310641162787007, 25.747029006779361 ], [ -100.310491376634815, 25.747409433317273 ], [ -100.310303503541178, 25.747911271675353 ] ] ] ] } },
{ "type": "Feature", "properties": { "CVEGEO": "1904600010274", "CVE_ENT": "19", "CVE_MUN": "046", "CVE_LOC": "0001", "CVE_ASEN": "0274", "CP": "00000", "FECHA_ACT": "11\/2022", "INSTITUCIO": "SECRETARÍA OBRAS PÚBLICAS Y DESARROLLO URBANO DEL MUNICIPIO DE SAN NICOLÁS DE LOS GARZA", "NOM_ASEN": "VILLA DE SAN MIGUEL LA TALAVERNA II", "TIPO": "COLONIA", "Shape_Leng": 2090.2345829800001, "Shape_Area": 167383.423626 }, "geometry": { "type": "MultiPolygon", "coordinates": [ [ [ [ -100.215495943772808, 25.718563001876337 ], [ -100.215490309817923, 25.718557663123097 ], [ -100.215710650970948, 25.718087902091913 ], [ -100.215745952568113, 25.718014077294967 ], [ -100.216046199611441, 25.717376660233644 ], [ -100.215934199960671, 25.717355707538555 ], [ -100.215762726744373, 25.717329301751995 ], [ -100.215592787358403, 25.717315593266541 ], [ -100.215524875659938, 25.717308275451519 ], [ -100.215327934164677, 25.716702724486144 ], [ -100.215169840248151, 25.716233104173401 ], [ -100.214892283903737, 25.715551111569827 ], [ -100.214818666546478, 25.715549437913353 ], [ -100.214238265747341, 25.715536245325275 ], [ -100.214077728538697, 25.715532594922944 ], [ -100.213504975098644, 25.715519572989692 ], [ -100.213454349350869, 25.715518281505943 ], [ -100.213394695895005, 25.715518765668275 ], [ -100.212960169568021, 25.715772468808968 ], [ -100.212749839888872, 25.715421480897714 ], [ -100.21266438908566, 25.715300648163623 ], [ -100.212705812326149, 25.715283518617152 ], [ -100.212906446291882, 25.715194810708983 ], [ -100.21304911205128, 25.715120036837806 ], [ -100.21425838309807, 25.714392166291045 ], [ -100.215102068794309, 25.71389098133535 ], [ -100.215914838272468, 25.713398355791245 ], [ -100.216575151853206, 25.713022985116524 ], [ -100.2166872801469, 25.712959243428426 ], [ -100.217019607403202, 25.712732121006479 ], [ -100.217023116604409, 25.712729722439864 ], [ -100.217142270221487, 25.712950298364355 ], [ -100.217139071938107, 25.713057137373067 ], [ -100.217130939851955, 25.713325634675833 ], [ -100.217100405379156, 25.713342029070688 ], [ -100.217095425463839, 25.713357332581943 ], [ -100.217154548927425, 25.713565248655279 ], [ -100.217400846508369, 25.714389496248916 ], [ -100.217426736892975, 25.714474279087238 ], [ -100.217519727502946, 25.714502828986429 ], [ -100.217573018849151, 25.714655138199515 ], [ -100.217584094638767, 25.714691629205461 ], [ -100.217617392708178, 25.714683124320775 ], [ -100.218148474757072, 25.716470086989602 ], [ -100.21828874828816, 25.716690229655985 ], [ -100.218067719912256, 25.716992830522354 ], [ -100.217876723980098, 25.717355618173499 ], [ -100.217507536071324, 25.718126448391793 ], [ -100.217236437583566, 25.718676758988288 ], [ -100.21708098236374, 25.718942658173873 ], [ -100.216918729940602, 25.718841309546406 ], [ -100.21629964681982, 25.718700353868847 ], [ -100.216266650290592, 25.718691045201545 ], [ -100.216226898682336, 25.71868614473938 ], [ -100.215933008341693, 25.718653969845082 ], [ -100.215755298827887, 25.718612299364757 ], [ -100.215714350644006, 25.718604853785319 ], [ -100.215670956572907, 25.718599796938417 ], [ -100.215495943772808, 25.718563001876337 ] ] ] ] } },
{ "type": "Feature", "properties": { "CVEGEO": "1904600010275", "CVE_ENT": "19", "CVE_MUN": "046", "CVE_LOC": "0001", "CVE_ASEN": "0275", "CP": "66460", "FECHA_ACT": "11\/2022", "INSTITUCIO": "SECRETARÍA OBRAS PÚBLICAS Y DESARROLLO URBANO DEL MUNICIPIO DE SAN NICOLÁS DE LOS GARZA", "NOM_ASEN": "VILLA LAS PUENTES", "TIPO": "COLONIA", "Shape_Leng": 1456.8362877100001, "Shape_Area": 69946.255966600002 }, "geometry": { "type": "MultiPolygon", "coordinates": [ [ [ [ -100.289653818721874, 25.738564099402758 ], [ -100.29013652381272, 25.738411846002201 ], [ -100.290437088913706, 25.738323489492586 ], [ -100.29049091799034, 25.738295603452361 ], [ -100.290873212066927, 25.738068634978138 ], [ -100.291074558361956, 25.737948050691472 ], [ -100.291091234445958, 25.737974355996254 ], [ -100.292051323810981, 25.739486111059858 ], [ -100.292185639330299, 25.739697603332012 ], [ -100.292203980456804, 25.739726482367615 ], [ -100.29221974012853, 25.739751230281556 ], [ -100.292275753591355, 25.739839193194442 ], [ -100.29326957756372, 25.74144435313363 ], [ -100.293311664521411, 25.741512331147241 ], [ -100.293742857301723, 25.742208745401967 ], [ -100.293407956330228, 25.742767323950023 ], [ -100.293339662300923, 25.742881232662146 ], [ -100.29317734761274, 25.743060636389739 ], [ -100.29304974016506, 25.743162540907708 ], [ -100.292910061415526, 25.743226306463903 ], [ -100.292893767986612, 25.743233745978191 ], [ -100.292746377531245, 25.742853956257335 ], [ -100.292547361945736, 25.742370628826329 ], [ -100.292052919699969, 25.741378769316761 ], [ -100.291730170972571, 25.740896239748082 ], [ -100.291122901732905, 25.740225587967611 ], [ -100.29018865456554, 25.739168989927094 ], [ -100.289653818721874, 25.738564099402758 ] ] ] ] } },
{ "type": "Feature", "properties": { "CVEGEO": "1904600010276", "CVE_ENT": "19", "CVE_MUN": "046", "CVE_LOC": "0001", "CVE_ASEN": "0276", "CP": "00000", "FECHA_ACT": "11\/2022", "INSTITUCIO": "SECRETARÍA OBRAS PÚBLICAS Y DESARROLLO URBANO DEL MUNICIPIO DE SAN NICOLÁS DE LOS GARZA", "NOM_ASEN": "VILLARREAL PRIMER SECTOR", "TIPO": "FRACCIONAMIENTO", "Shape_Leng": 1125.6301662200001, "Shape_Area": 56281.646892299999 }, "geometry": { "type": "MultiPolygon", "coordinates": [ [ [ [ -100.290624862522364, 25.763475819018169 ], [ -100.291418193908129, 25.763275500975393 ], [ -100.291436584325439, 25.763439430069116 ], [ -100.291384250395936, 25.76368969025258 ], [ -100.291294900471712, 25.76397830463905 ], [ -100.291238095926417, 25.764161796870944 ], [ -100.291095761953684, 25.764929430626491 ], [ -100.291080538391412, 25.765148090646459 ], [ -100.289056901072769, 25.765236335773974 ], [ -100.289116434165706, 25.765425029209247 ], [ -100.289171683806543, 25.765594459160241 ], [ -100.288888518502702, 25.765608523969703 ], [ -100.287893272225347, 25.765657551207322 ], [ -100.288208579114809, 25.765086592174097 ], [ -100.288039520904022, 25.764610421364065 ], [ -100.287875766211087, 25.764171956431415 ], [ -100.287950510038073, 25.764171149993683 ], [ -100.288214139661122, 25.764106629702937 ], [ -100.288663843272516, 25.763996604595068 ], [ -100.289269649535612, 25.76384053076281 ], [ -100.289820363260162, 25.763689927446389 ], [ -100.290591887215371, 25.763484342488393 ], [ -100.290624862522364, 25.763475819018169 ] ] ] ] } },
{ "type": "Feature", "properties": { "CVEGEO": "1904600010277", "CVE_ENT": "19", "CVE_MUN": "046", "CVE_LOC": "0001", "CVE_ASEN": "0277", "CP": "66422", "FECHA_ACT": "11\/2022", "INSTITUCIO": "SECRETARÍA OBRAS PÚBLICAS Y DESARROLLO URBANO DEL MUNICIPIO DE SAN NICOLÁS DE LOS GARZA", "NOM_ASEN": "VILLAS DE ANÁHUAC PRIMER SECTOR", "TIPO": "COLONIA", "Shape_Leng": 1110.56065352, "Shape_Area": 51394.326321699999 }, "geometry": { "type": "MultiPolygon", "coordinates": [ [ [ [ -100.312165492324297, 25.750607692041935 ], [ -100.312220825222838, 25.75020623912302 ], [ -100.312125576323353, 25.750053101267692 ], [ -100.3123218715956, 25.749670153029658 ], [ -100.312548045272578, 25.749230888337554 ], [ -100.312697748719245, 25.74894024470618 ], [ -100.312272031709171, 25.748902582866165 ], [ -100.312234666631213, 25.748900651814505 ], [ -100.312198930361049, 25.748899463709289 ], [ -100.311746351945729, 25.748931245657282 ], [ -100.311718999139515, 25.74893492123589 ], [ -100.311695669357974, 25.748761318764895 ], [ -100.311724599958723, 25.748759379672027 ], [ -100.312181699513445, 25.748728757950531 ], [ -100.312214940656744, 25.748726657916734 ], [ -100.312253948933048, 25.748723442063316 ], [ -100.312690696906131, 25.748727416023424 ], [ -100.312720161763792, 25.748728600686459 ], [ -100.312773521627264, 25.748766394067015 ], [ -100.314815563236465, 25.748689653016068 ], [ -100.314874884201501, 25.748687649464298 ], [ -100.314835198818713, 25.748876284552733 ], [ -100.314680974449047, 25.749328081989013 ], [ -100.314619993348046, 25.749539419077678 ], [ -100.314576181173166, 25.749773351545144 ], [ -100.314490257079086, 25.750227081698828 ], [ -100.314476065192551, 25.75040615238623 ], [ -100.314457019136015, 25.750646710814262 ], [ -100.314435723216576, 25.7508700123946 ], [ -100.313431692136163, 25.750756460396186 ], [ -100.312809678686506, 25.750625719906768 ], [ -100.312165492324297, 25.750607692041935 ] ] ] ] } },
{ "type": "Feature", "properties": { "CVEGEO": "1904600010278", "CVE_ENT": "19", "CVE_MUN": "046", "CVE_LOC": "0001", "CVE_ASEN": "0278", "CP": "66422", "FECHA_ACT": "11\/2022", "INSTITUCIO": "SECRETARÍA OBRAS PÚBLICAS Y DESARROLLO URBANO DEL MUNICIPIO DE SAN NICOLÁS DE LOS GARZA", "NOM_ASEN": "VILLAS DE ANÁHUAC SEGUNDO SECTOR", "TIPO": "COLONIA", "Shape_Leng": 801.21982585000001, "Shape_Area": 41367.597034300001 }, "geometry": { "type": "MultiPolygon", "coordinates": [ [ [ [ -100.312165492324297, 25.750607692041935 ], [ -100.312809678686506, 25.750625719906768 ], [ -100.313431692136163, 25.750756460396186 ], [ -100.314435723216576, 25.7508700123946 ], [ -100.31442879923992, 25.750942510769121 ], [ -100.314405072848103, 25.751078201830683 ], [ -100.314393307974527, 25.751184616421998 ], [ -100.314321709586537, 25.75142456541785 ], [ -100.314290396947825, 25.751504968885801 ], [ -100.314251808492429, 25.751605488154798 ], [ -100.314199021327397, 25.751728847587831 ], [ -100.314109917326988, 25.751917430322102 ], [ -100.314069846052448, 25.751994749215783 ], [ -100.313861320403049, 25.752242876839059 ], [ -100.31378595378483, 25.752332549456728 ], [ -100.313661399447199, 25.752450175057767 ], [ -100.313602256820758, 25.75249384451643 ], [ -100.311697004311171, 25.752140263648482 ], [ -100.312031010495787, 25.751047628364343 ], [ -100.312165492324297, 25.750607692041935 ] ] ] ] } },
{ "type": "Feature", "properties": { "CVEGEO": "1904600010279", "CVE_ENT": "19", "CVE_MUN": "046", "CVE_LOC": "0001", "CVE_ASEN": "0279", "CP": "66475", "FECHA_ACT": "11\/2022", "INSTITUCIO": "SECRETARÍA OBRAS PÚBLICAS Y DESARROLLO URBANO DEL MUNICIPIO DE SAN NICOLÁS DE LOS GARZA", "NOM_ASEN": "LOS ANGELES OCTAVO SECTOR", "TIPO": "FRACCIONAMIENTO", "Shape_Leng": 1231.90174789, "Shape_Area": 44179.517352499999 }, "geometry": { "type": "MultiPolygon", "coordinates": [ [ [ [ -100.236101547683376, 25.734703093896453 ], [ -100.235919918428536, 25.735076866387431 ], [ -100.235683553073585, 25.7356039989671 ], [ -100.235380506268413, 25.735351203368776 ], [ -100.235202442875817, 25.735234990018437 ], [ -100.234641892315736, 25.735729673571466 ], [ -100.235067060047513, 25.7361630839975 ], [ -100.234655689187562, 25.736527113788849 ], [ -100.234435921788901, 25.736737137480848 ], [ -100.234368753381972, 25.736801330326269 ], [ -100.234331037596817, 25.736765260689261 ], [ -100.23413608144125, 25.736947954894667 ], [ -100.23223344499462, 25.735067952170784 ], [ -100.232141680036761, 25.734997334559406 ], [ -100.232365996507937, 25.73499130395858 ], [ -100.232471230491456, 25.734988475183393 ], [ -100.232714947578245, 25.735221545322975 ], [ -100.233673699248953, 25.735424076081255 ], [ -100.233876407406271, 25.735264158463245 ], [ -100.233965368705157, 25.735193273826621 ], [ -100.234215557579503, 25.734996460282577 ], [ -100.234275586735507, 25.734949239591817 ], [ -100.234288156174202, 25.734915218136734 ], [ -100.234560197147772, 25.734273488859266 ], [ -100.234582979820857, 25.73421993357907 ], [ -100.234762785528289, 25.73427087330079 ], [ -100.236101547683376, 25.734703093896453 ] ] ] ] } },
{ "type": "Feature", "properties": { "CVEGEO": "1904600010280", "CVE_ENT": "19", "CVE_MUN": "046", "CVE_LOC": "0001", "CVE_ASEN": "0280", "CP": "66475", "FECHA_ACT": "11\/2022", "INSTITUCIO": "SECRETARÍA OBRAS PÚBLICAS Y DESARROLLO URBANO DEL MUNICIPIO DE SAN NICOLÁS DE LOS GARZA", "NOM_ASEN": "VILLAS DE CASA BLANCA PRIMER SECTOR", "TIPO": "COLONIA", "Shape_Leng": 1047.46310116, "Shape_Area": 49642.890776300002 }, "geometry": { "type": "MultiPolygon", "coordinates": [ [ [ [ -100.242567017598773, 25.730855414904038 ], [ -100.242915365292532, 25.730902596345711 ], [ -100.243046048708266, 25.730898863878917 ], [ -100.243171386350411, 25.730928038255687 ], [ -100.241985642229864, 25.731981791502523 ], [ -100.241942058641527, 25.732019786635437 ], [ -100.241257617962887, 25.732603865262153 ], [ -100.241391779474611, 25.732733898869345 ], [ -100.241070702490063, 25.733001652004965 ], [ -100.24105029368431, 25.7330213613829 ], [ -100.240653621836472, 25.733354213499876 ], [ -100.240361286141223, 25.733107882419421 ], [ -100.240288904595261, 25.733056372461572 ], [ -100.240145825319885, 25.732973951232811 ], [ -100.240006983453, 25.732898524673487 ], [ -100.239842421267667, 25.732812076679608 ], [ -100.239590991606619, 25.732722190199251 ], [ -100.239530008508936, 25.73268928786473 ], [ -100.239828887660622, 25.732294840896859 ], [ -100.240072882578346, 25.731981902241579 ], [ -100.240371212494452, 25.73157704634351 ], [ -100.240437611735118, 25.731480948025744 ], [ -100.240553575529646, 25.731217429062674 ], [ -100.240597149546375, 25.731109619630502 ], [ -100.24057171540683, 25.73082833004559 ], [ -100.240508612836791, 25.73063878879934 ], [ -100.240813682073423, 25.730671919591028 ], [ -100.242567017598773, 25.730855414904038 ] ] ] ] } },
{ "type": "Feature", "properties": { "CVEGEO": "1904600010281", "CVE_ENT": "19", "CVE_MUN": "046", "CVE_LOC": "0001", "CVE_ASEN": "0281", "CP": "66475", "FECHA_ACT": "11\/2022", "INSTITUCIO": "SECRETARÍA OBRAS PÚBLICAS Y DESARROLLO URBANO DEL MUNICIPIO DE SAN NICOLÁS DE LOS GARZA", "NOM_ASEN": "VILLAS DE CASA BLANCA SEGUNDO SECTOR", "TIPO": "COLONIA", "Shape_Leng": 776.13312483000004, "Shape_Area": 27876.382507400001 }, "geometry": { "type": "MultiPolygon", "coordinates": [ [ [ [ -100.238092220237348, 25.730971818554391 ], [ -100.238028946552561, 25.731184061023619 ], [ -100.237811405493332, 25.731132133454771 ], [ -100.237822376923745, 25.731096969148073 ], [ -100.23799827929993, 25.730533320901241 ], [ -100.238100336135986, 25.730125992350011 ], [ -100.238133206472057, 25.729990627219664 ], [ -100.23817431325368, 25.730001498967589 ], [ -100.240321450744815, 25.730535009106308 ], [ -100.240427781012755, 25.730522079509161 ], [ -100.240508612836791, 25.73063878879934 ], [ -100.24057171540683, 25.73082833004559 ], [ -100.240597149546375, 25.731109619630502 ], [ -100.240553575529646, 25.731217429062674 ], [ -100.240437611735118, 25.731480948025744 ], [ -100.240371212494452, 25.73157704634351 ], [ -100.239117794426662, 25.731187925942734 ], [ -100.239075570810328, 25.731185685861988 ], [ -100.238092220237348, 25.730971818554391 ] ] ] ] } },
{ "type": "Feature", "properties": { "CVEGEO": "1904600010282", "CVE_ENT": "19", "CVE_MUN": "046", "CVE_LOC": "0001", "CVE_ASEN": "0282", "CP": "66475", "FECHA_ACT": "11\/2022", "INSTITUCIO": "SECRETARÍA OBRAS PÚBLICAS Y DESARROLLO URBANO DEL MUNICIPIO DE SAN NICOLÁS DE LOS GARZA", "NOM_ASEN": "VILLAS DE CASA BLANCA TERCER SECTOR", "TIPO": "COLONIA", "Shape_Leng": 784.63683838500003, "Shape_Area": 34473.065717999998 }, "geometry": { "type": "MultiPolygon", "coordinates": [ [ [ [ -100.239530008508936, 25.73268928786473 ], [ -100.239449190842961, 25.732650117011104 ], [ -100.239095942905109, 25.732531869073771 ], [ -100.238804659835338, 25.732476501557638 ], [ -100.237683447291161, 25.732346061906451 ], [ -100.237644877536738, 25.732342111586583 ], [ -100.237431773965014, 25.732327146517452 ], [ -100.237469934601094, 25.732198294937781 ], [ -100.23779693121908, 25.731177043624506 ], [ -100.237811405493332, 25.731132133454771 ], [ -100.238028946552561, 25.731184061023619 ], [ -100.238092220237348, 25.730971818554391 ], [ -100.239075570810328, 25.731185685861988 ], [ -100.239117794426662, 25.731187925942734 ], [ -100.240371212494452, 25.73157704634351 ], [ -100.240072882578346, 25.731981902241579 ], [ -100.239828887660622, 25.732294840896859 ], [ -100.239530008508936, 25.73268928786473 ] ] ] ] } },
{ "type": "Feature", "properties": { "CVEGEO": "1904600010283", "CVE_ENT": "19", "CVE_MUN": "046", "CVE_LOC": "0001", "CVE_ASEN": "0283", "CP": "66470", "FECHA_ACT": "11\/2022", "INSTITUCIO": "SECRETARÍA OBRAS PÚBLICAS Y DESARROLLO URBANO DEL MUNICIPIO DE SAN NICOLÁS DE LOS GARZA", "NOM_ASEN": "VILLAS DE ORIENTE PRIMER SECTOR", "TIPO": "COLONIA", "Shape_Leng": 1263.83780301, "Shape_Area": 90361.976104400004 }, "geometry": { "type": "MultiPolygon", "coordinates": [ [ [ [ -100.243916983964027, 25.728358901167844 ], [ -100.243581160020199, 25.727915185264607 ], [ -100.243678667663488, 25.727876648550719 ], [ -100.244067237197328, 25.727741205664739 ], [ -100.244250677116526, 25.727678444695542 ], [ -100.244483430069934, 25.727601685411596 ], [ -100.244607543494681, 25.727557625529467 ], [ -100.245024646926524, 25.727411692277787 ], [ -100.245107320133016, 25.727382769676982 ], [ -100.245249626209912, 25.727325614098529 ], [ -100.245331293328235, 25.727292883465783 ], [ -100.245412662096285, 25.727367345923462 ], [ -100.246509533041177, 25.728349318997836 ], [ -100.246541472694844, 25.728377913509675 ], [ -100.246571249313121, 25.728404737150868 ], [ -100.246897010270729, 25.728698182527879 ], [ -100.247428791232295, 25.729306809162836 ], [ -100.247782117387899, 25.729847343051912 ], [ -100.247833455243878, 25.729981566755843 ], [ -100.247676244770275, 25.73011906603087 ], [ -100.247017436013195, 25.730657081827143 ], [ -100.246834063321714, 25.730695509678519 ], [ -100.246113616280866, 25.731342493114351 ], [ -100.24583035921755, 25.730991615882246 ], [ -100.245793570685862, 25.730924740641793 ], [ -100.244793396954464, 25.729564081362845 ], [ -100.243916983964027, 25.728358901167844 ] ] ] ] } },
{ "type": "Feature", "properties": { "CVEGEO": "1904600010284", "CVE_ENT": "19", "CVE_MUN": "046", "CVE_LOC": "0001", "CVE_ASEN": "0284", "CP": "66470", "FECHA_ACT": "11\/2022", "INSTITUCIO": "SECRETARÍA OBRAS PÚBLICAS Y DESARROLLO URBANO DEL MUNICIPIO DE SAN NICOLÁS DE LOS GARZA", "NOM_ASEN": "VILLAS DE ORIENTE SEGUNDO SECTOR", "TIPO": "COLONIA", "Shape_Leng": 1354.81423236, "Shape_Area": 73483.361502200001 }, "geometry": { "type": "MultiPolygon", "coordinates": [ [ [ [ -100.243046048708266, 25.730898863878917 ], [ -100.242915365292532, 25.730902596345711 ], [ -100.242567017598773, 25.730855414904038 ], [ -100.242642485304998, 25.730401507326004 ], [ -100.243125946987988, 25.73046374959134 ], [ -100.243260494778838, 25.729299625591516 ], [ -100.243355469505545, 25.729260097754825 ], [ -100.243099269351745, 25.728885205325131 ], [ -100.242816469371931, 25.728501233616399 ], [ -100.243345482920674, 25.72846045435012 ], [ -100.243814484895623, 25.728404725837436 ], [ -100.243916983964027, 25.728358901167844 ], [ -100.244793396954464, 25.729564081362845 ], [ -100.245793570685862, 25.730924740641793 ], [ -100.24583035921755, 25.730991615882246 ], [ -100.246113616280866, 25.731342493114351 ], [ -100.245901534488723, 25.731520662596534 ], [ -100.244736065651182, 25.732551422749239 ], [ -100.244507994157075, 25.732138275789943 ], [ -100.244022275739511, 25.731215175379006 ], [ -100.243965706082562, 25.731139030167409 ], [ -100.243451809017003, 25.730993314336665 ], [ -100.243171386350411, 25.730928038255687 ], [ -100.243046048708266, 25.730898863878917 ] ] ] ] } },
{ "type": "Feature", "properties": { "CVEGEO": "1904600010285", "CVE_ENT": "19", "CVE_MUN": "046", "CVE_LOC": "0001", "CVE_ASEN": "0285", "CP": "66470", "FECHA_ACT": "11\/2022", "INSTITUCIO": "SECRETARÍA OBRAS PÚBLICAS Y DESARROLLO URBANO DEL MUNICIPIO DE SAN NICOLÁS DE LOS GARZA", "NOM_ASEN": "VILLAS DE ORIENTE TERCER SECTOR", "TIPO": "COLONIA", "Shape_Leng": 1544.3251194500001, "Shape_Area": 102952.485837 }, "geometry": { "type": "MultiPolygon", "coordinates": [ [ [ [ -100.240427781012755, 25.730522079509161 ], [ -100.240076515373957, 25.730079462340679 ], [ -100.24004145244696, 25.73003357318964 ], [ -100.239799891850538, 25.729685751196197 ], [ -100.239400028817798, 25.729244597308131 ], [ -100.238986115932391, 25.728791073009781 ], [ -100.238534998936032, 25.728342034125554 ], [ -100.239774424341249, 25.72826756585005 ], [ -100.239963275102767, 25.728257229221992 ], [ -100.240271709992811, 25.72823589519616 ], [ -100.240720918479141, 25.728213691330975 ], [ -100.240797185875564, 25.72820833115766 ], [ -100.241248583740969, 25.728176613774114 ], [ -100.241499639972872, 25.728152086726649 ], [ -100.241648026466862, 25.728135784922429 ], [ -100.242051468102247, 25.728096008065275 ], [ -100.243436462420576, 25.727946341349238 ], [ -100.243581160020199, 25.727915185264607 ], [ -100.243916983964027, 25.728358901167844 ], [ -100.243814484895623, 25.728404725837436 ], [ -100.243345482920674, 25.72846045435012 ], [ -100.242816469371931, 25.728501233616399 ], [ -100.243099269351745, 25.728885205325131 ], [ -100.243355469505545, 25.729260097754825 ], [ -100.243260494778838, 25.729299625591516 ], [ -100.243125946987988, 25.73046374959134 ], [ -100.242642485304998, 25.730401507326004 ], [ -100.242567017598773, 25.730855414904038 ], [ -100.240813682073423, 25.730671919591028 ], [ -100.240508612836791, 25.73063878879934 ], [ -100.240427781012755, 25.730522079509161 ] ] ] ] } },
{ "type": "Feature", "properties": { "CVEGEO": "1904600010286", "CVE_ENT": "19", "CVE_MUN": "046", "CVE_LOC": "0001", "CVE_ASEN": "0286", "CP": "66478", "FECHA_ACT": "11\/2022", "INSTITUCIO": "SECRETARÍA OBRAS PÚBLICAS Y DESARROLLO URBANO DEL MUNICIPIO DE SAN NICOLÁS DE LOS GARZA", "NOM_ASEN": "VILLAS DE SAN CRISTÓBAL PRIMER SECTOR", "TIPO": "COLONIA", "Shape_Leng": 839.22423780600002, "Shape_Area": 44529.106369699999 }, "geometry": { "type": "MultiPolygon", "coordinates": [ [ [ [ -100.21180252359224, 25.732958846214146 ], [ -100.212024882428977, 25.732604538294723 ], [ -100.212471460275339, 25.731946187200233 ], [ -100.212603691938526, 25.731831266573543 ], [ -100.212764432786642, 25.731816047348158 ], [ -100.21313462129109, 25.731845756168138 ], [ -100.21320574054306, 25.731850769126222 ], [ -100.21328155667058, 25.731854588817491 ], [ -100.213664806899303, 25.731878218046578 ], [ -100.213706923127788, 25.731881122185111 ], [ -100.213751507003863, 25.731886047767809 ], [ -100.214811093859836, 25.731943109279072 ], [ -100.214895060657156, 25.731946686312945 ], [ -100.214854578658873, 25.73218511370359 ], [ -100.214798807467915, 25.73256780326928 ], [ -100.214742979332755, 25.732969475840484 ], [ -100.214691245118999, 25.733346917325477 ], [ -100.21342869411589, 25.733491425379398 ], [ -100.213154484460674, 25.733518353224909 ], [ -100.213052754142893, 25.733527136933919 ], [ -100.212948331555395, 25.733517905943586 ], [ -100.212361130693338, 25.733226791010875 ], [ -100.211849439813619, 25.732964440831125 ], [ -100.21180252359224, 25.732958846214146 ] ] ] ] } },
{ "type": "Feature", "properties": { "CVEGEO": "1904600010287", "CVE_ENT": "19", "CVE_MUN": "046", "CVE_LOC": "0001", "CVE_ASEN": "0287", "CP": "66478", "FECHA_ACT": "11\/2022", "INSTITUCIO": "SECRETARÍA OBRAS PÚBLICAS Y DESARROLLO URBANO DEL MUNICIPIO DE SAN NICOLÁS DE LOS GARZA", "NOM_ASEN": "VILLAS DE SAN CRISTÓBAL SEGUNDO SECTOR", "TIPO": "COLONIA", "Shape_Leng": 1073.55580171, "Shape_Area": 54352.975962700002 }, "geometry": { "type": "MultiPolygon", "coordinates": [ [ [ [ -100.212742353752006, 25.734718338285582 ], [ -100.212582509491497, 25.734680365926835 ], [ -100.212463923954644, 25.734645680912585 ], [ -100.212327013042227, 25.734597444949429 ], [ -100.211708888374602, 25.73430487854095 ], [ -100.210692720549602, 25.733803387637071 ], [ -100.210439446795021, 25.733667935413138 ], [ -100.210721883658707, 25.733307338994759 ], [ -100.210770028802372, 25.733273012032434 ], [ -100.210974909215196, 25.732968548049215 ], [ -100.210990380795664, 25.73294120226549 ], [ -100.211084790657225, 25.732829166221119 ], [ -100.211282861170076, 25.732770427271323 ], [ -100.21136888355052, 25.73276074890002 ], [ -100.21143671804839, 25.732773953962969 ], [ -100.21180252359224, 25.732958846214146 ], [ -100.211849439813619, 25.732964440831125 ], [ -100.212361130693338, 25.733226791010875 ], [ -100.212948331555395, 25.733517905943586 ], [ -100.213052754142893, 25.733527136933919 ], [ -100.213154484460674, 25.733518353224909 ], [ -100.21342869411589, 25.733491425379398 ], [ -100.214691245118999, 25.733346917325477 ], [ -100.214629994639836, 25.733730529718365 ], [ -100.214576474364051, 25.734139658132513 ], [ -100.214513051525643, 25.734608259964979 ], [ -100.214007328073251, 25.734659612842758 ], [ -100.213631804854074, 25.734704690837312 ], [ -100.213510105787961, 25.734718853070564 ], [ -100.213187527686586, 25.734749280507515 ], [ -100.212871038188851, 25.734747665977807 ], [ -100.212742353752006, 25.734718338285582 ] ] ] ] } },
{ "type": "Feature", "properties": { "CVEGEO": "1904600010288", "CVE_ENT": "19", "CVE_MUN": "046", "CVE_LOC": "0001", "CVE_ASEN": "0288", "CP": "66437", "FECHA_ACT": "11\/2022", "INSTITUCIO": "SECRETARÍA OBRAS PÚBLICAS Y DESARROLLO URBANO DEL MUNICIPIO DE SAN NICOLÁS DE LOS GARZA", "NOM_ASEN": "VILLAS DE SANTO DOMINGO PRIMER SECTOR", "TIPO": "COLONIA", "Shape_Leng": 1637.58297369, "Shape_Area": 78947.029791599998 }, "geometry": { "type": "MultiPolygon", "coordinates": [ [ [ [ -100.259561121354665, 25.751607840208951 ], [ -100.259636015107034, 25.751163634845017 ], [ -100.25970044821382, 25.750778343475421 ], [ -100.259765936991442, 25.750388982079212 ], [ -100.260202157446173, 25.750459093466944 ], [ -100.260269047052219, 25.750069928569751 ], [ -100.260897968214749, 25.750161702566206 ], [ -100.260927984807708, 25.749500878546534 ], [ -100.260927870624727, 25.749061680117087 ], [ -100.26093942788215, 25.748888165967145 ], [ -100.259084240033033, 25.748793195468807 ], [ -100.259116667411163, 25.748586634880603 ], [ -100.259149220084524, 25.748392387223607 ], [ -100.25967722914784, 25.748418578406287 ], [ -100.263030302716871, 25.748563820992118 ], [ -100.263001601673281, 25.748681381415675 ], [ -100.262974672488298, 25.748791659928198 ], [ -100.262941461518338, 25.748913341225148 ], [ -100.262815572964172, 25.749186259876513 ], [ -100.262710201545076, 25.749370479643797 ], [ -100.262604301741234, 25.749580550192491 ], [ -100.262510272500649, 25.749774379587212 ], [ -100.262401663199512, 25.749986751192118 ], [ -100.262295752729941, 25.750193801024682 ], [ -100.262205142422303, 25.750378000899659 ], [ -100.262014862813132, 25.75075272071755 ], [ -100.261831432464476, 25.751112179894864 ], [ -100.261684922766676, 25.751406290482286 ], [ -100.261650002139362, 25.751475979834602 ], [ -100.261432542322666, 25.751901981122625 ], [ -100.261180909060016, 25.751859667910143 ], [ -100.259561121354665, 25.751607840208951 ] ] ] ] } },
{ "type": "Feature", "properties": { "CVEGEO": "1904600010289", "CVE_ENT": "19", "CVE_MUN": "046", "CVE_LOC": "0001", "CVE_ASEN": "0289", "CP": "66417", "FECHA_ACT": "11\/2022", "INSTITUCIO": "SECRETARÍA OBRAS PÚBLICAS Y DESARROLLO URBANO DEL MUNICIPIO DE SAN NICOLÁS DE LOS GARZA", "NOM_ASEN": "VILLAS DEL ROBLE", "TIPO": "COLONIA", "Shape_Leng": 793.10510218800005, "Shape_Area": 23397.473887700002 }, "geometry": { "type": "MultiPolygon", "coordinates": [ [ [ [ -100.277373893597513, 25.759841607400478 ], [ -100.277309287567576, 25.759874026060402 ], [ -100.277228603319301, 25.759920384347321 ], [ -100.277055462631679, 25.760125081912346 ], [ -100.27701320869582, 25.760200928950354 ], [ -100.277006703922126, 25.760258636954006 ], [ -100.276928363411784, 25.760514074053965 ], [ -100.276909086271615, 25.760552603587357 ], [ -100.276796563598623, 25.760887842743628 ], [ -100.276775683799556, 25.760926523511756 ], [ -100.276631998031903, 25.761236595501256 ], [ -100.27660797280241, 25.761275298243053 ], [ -100.276442432383391, 25.761626940641197 ], [ -100.276302054965143, 25.762007749618054 ], [ -100.276242099540767, 25.762156037003027 ], [ -100.275516488833858, 25.762037049992831 ], [ -100.276425646704112, 25.759746051572147 ], [ -100.276438094161875, 25.759714378950861 ], [ -100.276452452352885, 25.759678502369599 ], [ -100.276551334975679, 25.759429322164006 ], [ -100.277144642923588, 25.759539787479852 ], [ -100.277189485959539, 25.759556256442877 ], [ -100.277230809212782, 25.759572288029485 ], [ -100.277557924901473, 25.759691115248742 ], [ -100.277373893597513, 25.759841607400478 ] ] ] ] } },
{ "type": "Feature", "properties": { "CVEGEO": "1904600010290", "CVE_ENT": "19", "CVE_MUN": "046", "CVE_LOC": "0001", "CVE_ASEN": "0290", "CP": "66477", "FECHA_ACT": "11\/2022", "INSTITUCIO": "SECRETARÍA OBRAS PÚBLICAS Y DESARROLLO URBANO DEL MUNICIPIO DE SAN NICOLÁS DE LOS GARZA", "NOM_ASEN": "DEL LAGO PRIMER SECTOR", "TIPO": "COLONIA", "Shape_Leng": 1203.6862229799999, "Shape_Area": 85711.719164399998 }, "geometry": { "type": "MultiPolygon", "coordinates": [ [ [ [ -100.22052784122809, 25.724203941811783 ], [ -100.220535973951243, 25.724767830600474 ], [ -100.220536754338639, 25.724836371872957 ], [ -100.220536756529611, 25.724836504322301 ], [ -100.220547152466949, 25.725243730885275 ], [ -100.22054873561811, 25.725610468759324 ], [ -100.220554471775216, 25.725708823124855 ], [ -100.220577255941308, 25.726015128737217 ], [ -100.220578794259083, 25.726178855432977 ], [ -100.220582032482241, 25.726377770809229 ], [ -100.220584165444194, 25.726554448182576 ], [ -100.220585633842902, 25.726688191664763 ], [ -100.2201192797516, 25.7267609458771 ], [ -100.219184571639573, 25.726882906925102 ], [ -100.217814452083331, 25.727061165596599 ], [ -100.217770074331753, 25.727082198641551 ], [ -100.217424013145333, 25.727096397758423 ], [ -100.217390702495706, 25.725813868203577 ], [ -100.217319317809398, 25.725706791873527 ], [ -100.217264590462918, 25.725630649163907 ], [ -100.217203675072483, 25.725540707216044 ], [ -100.217572233980874, 25.725442445479544 ], [ -100.217549882986745, 25.724745171907387 ], [ -100.217544689776489, 25.724590339752375 ], [ -100.217810878504807, 25.724557169898919 ], [ -100.219157985711888, 25.724383261821995 ], [ -100.219349910315628, 25.724355579582575 ], [ -100.219939054671485, 25.724279738405968 ], [ -100.22052784122809, 25.724203941811783 ] ] ] ] } },
{ "type": "Feature", "properties": { "CVEGEO": "1904600010291", "CVE_ENT": "19", "CVE_MUN": "046", "CVE_LOC": "0001", "CVE_ASEN": "0291", "CP": "66418", "FECHA_ACT": "11\/2022", "INSTITUCIO": "SECRETARÍA OBRAS PÚBLICAS Y DESARROLLO URBANO DEL MUNICIPIO DE SAN NICOLÁS DE LOS GARZA", "NOM_ASEN": "EL CENTENARIO SEGUNDO SECTOR", "TIPO": "COLONIA", "Shape_Leng": 1085.2438713900001, "Shape_Area": 67042.179871500004 }, "geometry": { "type": "MultiPolygon", "coordinates": [ [ [ [ -100.277359274682553, 25.767156650731003 ], [ -100.277443920862069, 25.767002237825132 ], [ -100.277509687925942, 25.766962296671728 ], [ -100.277680936419515, 25.766615427589617 ], [ -100.277856621850646, 25.76634948220401 ], [ -100.277897206313824, 25.76627033024354 ], [ -100.278009762042359, 25.766059033264217 ], [ -100.278028998272191, 25.766063811793934 ], [ -100.27943789921413, 25.766392626167864 ], [ -100.279479021290584, 25.766424026420513 ], [ -100.279418915877443, 25.76662049540499 ], [ -100.279374534244752, 25.766788227793789 ], [ -100.279323180636837, 25.766977610273972 ], [ -100.279279261822992, 25.767141540104021 ], [ -100.279214474237136, 25.767364603371256 ], [ -100.27917853660901, 25.767510369534978 ], [ -100.279107775523798, 25.767780543575746 ], [ -100.279094727028991, 25.767830048198263 ], [ -100.27907185947565, 25.767915442441105 ], [ -100.278984639414404, 25.768236203104792 ], [ -100.278746919520501, 25.769126761929325 ], [ -100.27762001439973, 25.769266681786313 ], [ -100.27653741551228, 25.769390217699023 ], [ -100.276549819287169, 25.76907994006557 ], [ -100.276602629489986, 25.768896950687775 ], [ -100.276723289347089, 25.768613170144818 ], [ -100.276865710374523, 25.768066721073634 ], [ -100.276953510149013, 25.767809550888135 ], [ -100.277054361881767, 25.767758873836087 ], [ -100.277359274682553, 25.767156650731003 ] ] ] ] } },
{ "type": "Feature", "properties": { "CVEGEO": "1904600010292", "CVE_ENT": "19", "CVE_MUN": "046", "CVE_LOC": "0001", "CVE_ASEN": "0292", "CP": "66414", "FECHA_ACT": "11\/2022", "INSTITUCIO": "SECRETARÍA OBRAS PÚBLICAS Y DESARROLLO URBANO DEL MUNICIPIO DE SAN NICOLÁS DE LOS GARZA", "NOM_ASEN": "EL FUNDADOR", "TIPO": "COLONIA", "Shape_Leng": 1455.32711894, "Shape_Area": 108698.637305 }, "geometry": { "type": "MultiPolygon", "coordinates": [ [ [ [ -100.273471285655219, 25.75855278907467 ], [ -100.273435766894892, 25.758541989607632 ], [ -100.271759496010333, 25.75803312220236 ], [ -100.271720920874813, 25.758021407395166 ], [ -100.27182654585242, 25.757873091687564 ], [ -100.271895831546544, 25.757775798463648 ], [ -100.272830222303924, 25.756273492021243 ], [ -100.272865528197102, 25.756191045173132 ], [ -100.272901105188197, 25.756200878578415 ], [ -100.273839573438366, 25.756255382527801 ], [ -100.274313795337207, 25.756356749852621 ], [ -100.274475835024433, 25.756366665703631 ], [ -100.274483989812424, 25.756367717780694 ], [ -100.274492133908907, 25.756368669971746 ], [ -100.275077542471621, 25.756413788517506 ], [ -100.275111712711904, 25.756416440870115 ], [ -100.275148425140358, 25.756417116453289 ], [ -100.276521933315166, 25.756442380742008 ], [ -100.276562262530192, 25.75644312256787 ], [ -100.276954769062939, 25.756443956067745 ], [ -100.277001530852516, 25.756444054873789 ], [ -100.276612013714086, 25.757177847541058 ], [ -100.27566563581442, 25.758849553315169 ], [ -100.2755349099467, 25.759086480321386 ], [ -100.275483131936383, 25.759180311397255 ], [ -100.275305163302249, 25.759502850470181 ], [ -100.274957652303556, 25.759327880531533 ], [ -100.275017555785368, 25.75921639289718 ], [ -100.275111798534766, 25.759053250716732 ], [ -100.274229123911809, 25.758783190817017 ], [ -100.273704530987445, 25.758623701502291 ], [ -100.273471285655219, 25.75855278907467 ] ] ] ] } },
{ "type": "Feature", "properties": { "CVEGEO": "1904600010294", "CVE_ENT": "19", "CVE_MUN": "046", "CVE_LOC": "0001", "CVE_ASEN": "0294", "CP": "00000", "FECHA_ACT": "11\/2022", "INSTITUCIO": "SECRETARÍA OBRAS PÚBLICAS Y DESARROLLO URBANO DEL MUNICIPIO DE SAN NICOLÁS DE LOS GARZA", "NOM_ASEN": "MIRADOR DE SAN NICOLÁS", "TIPO": "COLONIA", "Shape_Leng": 3207.8838540900001, "Shape_Area": 546504.00293700001 }, "geometry": { "type": "MultiPolygon", "coordinates": [ [ [ [ -100.318100146569819, 25.759735827333429 ], [ -100.317879874152297, 25.75898971789973 ], [ -100.31756665020437, 25.757884859343253 ], [ -100.317388336095263, 25.757351301827448 ], [ -100.317723983661622, 25.757372668148527 ], [ -100.3184392299341, 25.757422520803896 ], [ -100.320265883715862, 25.757557493959535 ], [ -100.320624823266158, 25.757580523318101 ], [ -100.324646775758637, 25.757821410884063 ], [ -100.324847688341279, 25.757856106048031 ], [ -100.324944231992518, 25.757940898275962 ], [ -100.324985398035253, 25.758033666687922 ], [ -100.325048053575415, 25.758231921719023 ], [ -100.325150489875014, 25.75830592130513 ], [ -100.326148981378481, 25.758336665465837 ], [ -100.326191752946769, 25.758347214090339 ], [ -100.326336191147035, 25.75825170761566 ], [ -100.326425071174896, 25.758254177874875 ], [ -100.328005444428655, 25.761405251584577 ], [ -100.328178191577848, 25.761804440928767 ], [ -100.328289796953499, 25.762012595263823 ], [ -100.32830750789104, 25.762052078152685 ], [ -100.326643251915016, 25.76239383209818 ], [ -100.325731446464246, 25.762548286872793 ], [ -100.324614188854, 25.762786177778807 ], [ -100.322522014493671, 25.763181860561154 ], [ -100.322604390073366, 25.76338178212993 ], [ -100.322830630875586, 25.763979970162055 ], [ -100.322742370424194, 25.76392628178689 ], [ -100.322616258334065, 25.763899619610367 ], [ -100.322519739378691, 25.763907288950413 ], [ -100.322022659448592, 25.763963429569468 ], [ -100.321543449171372, 25.76401668787706 ], [ -100.320686651170419, 25.764112260197301 ], [ -100.319879709137396, 25.764200280110114 ], [ -100.319773255771395, 25.764211891158478 ], [ -100.31977165055909, 25.764206442213727 ], [ -100.319760771884191, 25.764169520565041 ], [ -100.319757932091122, 25.764170000161339 ], [ -100.319500630183128, 25.764213369386603 ], [ -100.319231326936034, 25.763372392870256 ], [ -100.319189403520184, 25.763246390711458 ], [ -100.31841879446516, 25.760701580201683 ], [ -100.318100146569819, 25.759735827333429 ] ] ] ] } },
{ "type": "Feature", "properties": { "CVEGEO": "1904600010295", "CVE_ENT": "19", "CVE_MUN": "046", "CVE_LOC": "0001", "CVE_ASEN": "0295", "CP": "66413", "FECHA_ACT": "11\/2022", "INSTITUCIO": "SECRETARÍA OBRAS PÚBLICAS Y DESARROLLO URBANO DEL MUNICIPIO DE SAN NICOLÁS DE LOS GARZA", "NOM_ASEN": "RINCÓN DEL ROBLE", "TIPO": "COLONIA", "Shape_Leng": 500.81972780699999, "Shape_Area": 12605.1696945 }, "geometry": { "type": "MultiPolygon", "coordinates": [ [ [ [ -100.281391313534698, 25.759986942320811 ], [ -100.281844069002801, 25.760126727590396 ], [ -100.281766166475251, 25.760283019863831 ], [ -100.28160775950164, 25.760631120850388 ], [ -100.281453825419433, 25.760971607897446 ], [ -100.281407582477669, 25.76106569035052 ], [ -100.28135188462727, 25.761163838693072 ], [ -100.28127577450762, 25.761304332204084 ], [ -100.280211506534386, 25.760883876303705 ], [ -100.280293791335964, 25.760729471803387 ], [ -100.280463225437174, 25.760537508243054 ], [ -100.280595855730994, 25.760281595905049 ], [ -100.280656532234588, 25.760150725077384 ], [ -100.281197609440611, 25.760348230300018 ], [ -100.281391313534698, 25.759986942320811 ] ] ] ] } },
{ "type": "Feature", "properties": { "CVEGEO": "1904600010296", "CVE_ENT": "19", "CVE_MUN": "046", "CVE_LOC": "0001", "CVE_ASEN": "0296", "CP": "66430", "FECHA_ACT": "11\/2022", "INSTITUCIO": "SECRETARÍA OBRAS PÚBLICAS Y DESARROLLO URBANO DEL MUNICIPIO DE SAN NICOLÁS DE LOS GARZA", "NOM_ASEN": "EL REFUGIO PRIMER SECTOR", "TIPO": "COLONIA", "Shape_Leng": 1774.3697928900001, "Shape_Area": 153712.59895799999 }, "geometry": { "type": "MultiPolygon", "coordinates": [ [ [ [ -100.265131551930665, 25.757831549632719 ], [ -100.265548622224401, 25.757119293898704 ], [ -100.266088648355108, 25.756177923583987 ], [ -100.266236749079795, 25.755896329510605 ], [ -100.266804958794737, 25.754891923726689 ], [ -100.266857490762121, 25.75476025182677 ], [ -100.266962039981706, 25.754798150961712 ], [ -100.269847139202199, 25.753684600438987 ], [ -100.269893675895986, 25.753268470440187 ], [ -100.270901505604698, 25.753426122304674 ], [ -100.270964569320313, 25.753434054110762 ], [ -100.271113851222538, 25.753460693371618 ], [ -100.270728191629473, 25.754382381182474 ], [ -100.270016735723075, 25.756009498985918 ], [ -100.269999940670488, 25.756047908016136 ], [ -100.26998010368672, 25.756079036949004 ], [ -100.268943451091573, 25.757708127743101 ], [ -100.268716415616694, 25.757707993244622 ], [ -100.268665229104343, 25.757707990557385 ], [ -100.268615065998105, 25.757705599144934 ], [ -100.266933551103889, 25.757619791998014 ], [ -100.266648217162739, 25.757628578043736 ], [ -100.266190768574745, 25.757680262945016 ], [ -100.265975821888276, 25.757710601149896 ], [ -100.265131551930665, 25.757831549632719 ] ] ] ] } },
{ "type": "Feature", "properties": { "CVEGEO": "1904600010297", "CVE_ENT": "19", "CVE_MUN": "046", "CVE_LOC": "0001", "CVE_ASEN": "0297", "CP": "66430", "FECHA_ACT": "11\/2022", "INSTITUCIO": "SECRETARÍA OBRAS PÚBLICAS Y DESARROLLO URBANO DEL MUNICIPIO DE SAN NICOLÁS DE LOS GARZA", "NOM_ASEN": "EL REFUGIO SEGUNDO SECTOR", "TIPO": "COLONIA", "Shape_Leng": 1544.19582165, "Shape_Area": 132438.30353800001 }, "geometry": { "type": "MultiPolygon", "coordinates": [ [ [ [ -100.260479227835816, 25.758865426521862 ], [ -100.260519437655631, 25.758582157922312 ], [ -100.260592268613436, 25.758486303494319 ], [ -100.26072631265977, 25.758386970915357 ], [ -100.260850448141667, 25.758308109933353 ], [ -100.26093706381937, 25.758277449740564 ], [ -100.261040224980448, 25.758258053698096 ], [ -100.261628755717226, 25.758237195455362 ], [ -100.261888273841663, 25.758227426750551 ], [ -100.2619318865857, 25.758225786667307 ], [ -100.262065887822573, 25.758181047882108 ], [ -100.262769724766059, 25.757961783048874 ], [ -100.263059989024299, 25.75786796598398 ], [ -100.263237763237257, 25.757831854692718 ], [ -100.263389829206673, 25.75781234584046 ], [ -100.26344071789751, 25.757811855377454 ], [ -100.263659410445783, 25.757809747327386 ], [ -100.265131551930665, 25.757831549632719 ], [ -100.264864517989039, 25.758291187568997 ], [ -100.264696882447595, 25.758581642984328 ], [ -100.264574719206195, 25.758793318264836 ], [ -100.264480737329379, 25.758953045114641 ], [ -100.264386759251408, 25.759112770118055 ], [ -100.264285647836147, 25.759285069375089 ], [ -100.264184540231085, 25.75945736314625 ], [ -100.26408700244076, 25.759625130175156 ], [ -100.263955900575709, 25.759850623688898 ], [ -100.263909221985386, 25.759930817726207 ], [ -100.263813301839846, 25.760028326921031 ], [ -100.263656793020559, 25.760187416640015 ], [ -100.263499389343096, 25.760331603615445 ], [ -100.263325783137333, 25.76050128053685 ], [ -100.262964325975659, 25.760820162782885 ], [ -100.26272063310978, 25.760985288117997 ], [ -100.262044318500642, 25.761308530444335 ], [ -100.262005602504672, 25.761324095784605 ], [ -100.261443887361139, 25.761597123300337 ], [ -100.261320907685928, 25.761663137069238 ], [ -100.261253969559334, 25.761709721576906 ], [ -100.261221420643992, 25.761770291160492 ], [ -100.261115804173002, 25.761795268245429 ], [ -100.260920770220963, 25.761888670673795 ], [ -100.260617759037103, 25.761922353623547 ], [ -100.260527081554073, 25.761913813381746 ], [ -100.260375164816551, 25.761899506784594 ], [ -100.260450638168109, 25.761801844125671 ], [ -100.260402647568924, 25.761791789993811 ], [ -100.260379212971273, 25.761539135869146 ], [ -100.260372144620575, 25.761451206418645 ], [ -100.260374690414707, 25.761188632161357 ], [ -100.260388495572627, 25.760768935038097 ], [ -100.260411381861005, 25.760314188963257 ], [ -100.260397056890767, 25.76026178358558 ], [ -100.260408712726388, 25.759858366583174 ], [ -100.260425888054314, 25.75945503909923 ], [ -100.260431778806691, 25.759371038529547 ], [ -100.260467957186222, 25.759021916375509 ], [ -100.260479227835816, 25.758865426521862 ] ] ] ] } },
{ "type": "Feature", "properties": { "CVEGEO": "1904600010298", "CVE_ENT": "19", "CVE_MUN": "046", "CVE_LOC": "0001", "CVE_ASEN": "0298", "CP": "66450", "FECHA_ACT": "11\/2022", "INSTITUCIO": "SECRETARÍA OBRAS PÚBLICAS Y DESARROLLO URBANO DEL MUNICIPIO DE SAN NICOLÁS DE LOS GARZA", "NOM_ASEN": "EL ROBLE PRIMER SECTOR", "TIPO": "COLONIA", "Shape_Leng": 1979.0520474299999, "Shape_Area": 230054.29897500001 }, "geometry": { "type": "MultiPolygon", "coordinates": [ [ [ [ -100.310294794978759, 25.743292999825339 ], [ -100.30902467208918, 25.743099712609368 ], [ -100.306639483934759, 25.742748852476289 ], [ -100.304110831690082, 25.742367161779924 ], [ -100.304122752563828, 25.74231013035816 ], [ -100.304291942047072, 25.741871067979865 ], [ -100.304479071461913, 25.741410130065404 ], [ -100.304649464000974, 25.740963878311511 ], [ -100.304826025273243, 25.740502200696476 ], [ -100.304974334071417, 25.740046714421894 ], [ -100.304988969781164, 25.740004913230592 ], [ -100.305257096715664, 25.739629416828183 ], [ -100.305480779892363, 25.739417018330002 ], [ -100.305786759403404, 25.739447576886921 ], [ -100.310803564496851, 25.740160691451258 ], [ -100.311864483472149, 25.742505840216882 ], [ -100.311633972516418, 25.742617241746522 ], [ -100.311363028750904, 25.742759115012255 ], [ -100.311111155550662, 25.742890098615689 ], [ -100.310294794978759, 25.743292999825339 ] ] ] ] } },
{ "type": "Feature", "properties": { "CVEGEO": "1904600010299", "CVE_ENT": "19", "CVE_MUN": "046", "CVE_LOC": "0001", "CVE_ASEN": "0299", "CP": "66635", "FECHA_ACT": "11\/2022", "INSTITUCIO": "SECRETARÍA OBRAS PÚBLICAS Y DESARROLLO URBANO DEL MUNICIPIO DE SAN NICOLÁS DE LOS GARZA", "NOM_ASEN": "LA ENRAMADA", "TIPO": "COLONIA", "Shape_Leng": 1267.3370783800001, "Shape_Area": 76886.937590700007 }, "geometry": { "type": "MultiPolygon", "coordinates": [ [ [ [ -100.254978034058311, 25.760201252415332 ], [ -100.254461463903098, 25.759941018435889 ], [ -100.254161647841045, 25.75978997854487 ], [ -100.254395344863539, 25.75945225817004 ], [ -100.25457543406624, 25.759183292342463 ], [ -100.254636489374306, 25.759167309255723 ], [ -100.255390759084136, 25.75953477017071 ], [ -100.255586292093852, 25.759213066791911 ], [ -100.255796139888417, 25.758877411606534 ], [ -100.25599990886397, 25.758548179549571 ], [ -100.256201661917274, 25.758506105547081 ], [ -100.257492157544235, 25.758304134031352 ], [ -100.257612644760016, 25.758314663830891 ], [ -100.258239246642134, 25.758562124955123 ], [ -100.258427821633219, 25.758618077686148 ], [ -100.25839487586623, 25.758653603190687 ], [ -100.257761012076784, 25.760136714603412 ], [ -100.257725330821899, 25.760220062610692 ], [ -100.257584706288668, 25.760548558107118 ], [ -100.257550566465326, 25.761443409710456 ], [ -100.2575480455084, 25.761495882108296 ], [ -100.257348899859736, 25.761393122222316 ], [ -100.257326673886851, 25.76138195207167 ], [ -100.256344151125816, 25.760888030941832 ], [ -100.254978034058311, 25.760201252415332 ] ] ] ] } },
{ "type": "Feature", "properties": { "CVEGEO": "1904600010300", "CVE_ENT": "19", "CVE_MUN": "046", "CVE_LOC": "0001", "CVE_ASEN": "0300", "CP": "66476", "FECHA_ACT": "11\/2022", "INSTITUCIO": "SECRETARÍA OBRAS PÚBLICAS Y DESARROLLO URBANO DEL MUNICIPIO DE SAN NICOLÁS DE LOS GARZA", "NOM_ASEN": "LA ESTANCIA PRIMER SECTOR", "TIPO": "COLONIA", "Shape_Leng": 1660.4547948699999, "Shape_Area": 61001.050294799999 }, "geometry": { "type": "MultiPolygon", "coordinates": [ [ [ [ -100.240446548309649, 25.723731388929664 ], [ -100.240330073028304, 25.723277964143403 ], [ -100.240472694670942, 25.723306972032798 ], [ -100.24052190802729, 25.723110776767204 ], [ -100.240450582094894, 25.723095584262772 ], [ -100.240498922063722, 25.722870867144469 ], [ -100.240359389156623, 25.722844356147494 ], [ -100.2403918421209, 25.722606947399179 ], [ -100.240317338795577, 25.722591720418148 ], [ -100.24035344202764, 25.722402694482842 ], [ -100.240252923192543, 25.722384931632035 ], [ -100.240293033011852, 25.722177918678032 ], [ -100.2402084308372, 25.722164979361924 ], [ -100.240250631091897, 25.721972919150872 ], [ -100.240119151948321, 25.721948161810229 ], [ -100.240155485639875, 25.721746492722023 ], [ -100.240062249877909, 25.721732419720908 ], [ -100.240098086477062, 25.721529603147452 ], [ -100.23986488014134, 25.721484940339987 ], [ -100.239806758920508, 25.721270173168943 ], [ -100.241207968912349, 25.721546395782934 ], [ -100.241355896959988, 25.721391510216467 ], [ -100.24134876772645, 25.721375089255869 ], [ -100.241101386536783, 25.72132364865854 ], [ -100.24113634856576, 25.721122510956931 ], [ -100.24102417211455, 25.721100193706974 ], [ -100.241097386519201, 25.720919773722006 ], [ -100.240914498712215, 25.720880752580754 ], [ -100.24055482051854, 25.719984053899577 ], [ -100.240557950371297, 25.719803821991086 ], [ -100.240414776633784, 25.719812309590402 ], [ -100.240400788511863, 25.719299430719136 ], [ -100.240487468480524, 25.719297585958749 ], [ -100.240506320120872, 25.719297179605686 ], [ -100.24073890125041, 25.719294128970148 ], [ -100.240824150101176, 25.719499343696437 ], [ -100.241461050136692, 25.721030923515936 ], [ -100.241479423364723, 25.721073570670555 ], [ -100.241499613864363, 25.721116446621004 ], [ -100.241583521480081, 25.721294651911062 ], [ -100.241850420031199, 25.721903504854904 ], [ -100.241868978700836, 25.721945785741433 ], [ -100.241888776346968, 25.721994625430732 ], [ -100.242362469998326, 25.723163107043998 ], [ -100.242382760311273, 25.723213156608939 ], [ -100.242416118473415, 25.723288613502174 ], [ -100.242585200928062, 25.723671075085502 ], [ -100.242693292014835, 25.723938732127426 ], [ -100.242479962388785, 25.724010067448852 ], [ -100.242071490622038, 25.72414665354005 ], [ -100.241986090872956, 25.723942674895167 ], [ -100.240446548309649, 25.723731388929664 ] ] ] ] } },
{ "type": "Feature", "properties": { "CVEGEO": "1904600010301", "CVE_ENT": "19", "CVE_MUN": "046", "CVE_LOC": "0001", "CVE_ASEN": "0301", "CP": "66476", "FECHA_ACT": "11\/2022", "INSTITUCIO": "SECRETARÍA OBRAS PÚBLICAS Y DESARROLLO URBANO DEL MUNICIPIO DE SAN NICOLÁS DE LOS GARZA", "NOM_ASEN": "LA ESTANCIA CUARTO SECTOR", "TIPO": "COLONIA", "Shape_Leng": 1006.89134941, "Shape_Area": 35705.581081600001 }, "geometry": { "type": "MultiPolygon", "coordinates": [ [ [ [ -100.239613726648116, 25.721839220533163 ], [ -100.239518414577702, 25.721448808171516 ], [ -100.239539512280786, 25.721341645319079 ], [ -100.239286240339041, 25.72033510064405 ], [ -100.23897974656218, 25.719330739099426 ], [ -100.2393141674482, 25.719322578490239 ], [ -100.240400788511863, 25.719299430719136 ], [ -100.240414776633784, 25.719812309590402 ], [ -100.240557950371297, 25.719803821991086 ], [ -100.24055482051854, 25.719984053899577 ], [ -100.240914498712215, 25.720880752580754 ], [ -100.241097386519201, 25.720919773722006 ], [ -100.24102417211455, 25.721100193706974 ], [ -100.24113634856576, 25.721122510956931 ], [ -100.241101386536783, 25.72132364865854 ], [ -100.24134876772645, 25.721375089255869 ], [ -100.241355896959988, 25.721391510216467 ], [ -100.241207968912349, 25.721546395782934 ], [ -100.239806758920508, 25.721270173168943 ], [ -100.23986488014134, 25.721484940339987 ], [ -100.240098086477062, 25.721529603147452 ], [ -100.240062249877909, 25.721732419720908 ], [ -100.239613726648116, 25.721839220533163 ] ] ] ] } },
{ "type": "Feature", "properties": { "CVEGEO": "1904600010302", "CVE_ENT": "19", "CVE_MUN": "046", "CVE_LOC": "0001", "CVE_ASEN": "0302", "CP": "66477", "FECHA_ACT": "11\/2022", "INSTITUCIO": "SECRETARÍA OBRAS PÚBLICAS Y DESARROLLO URBANO DEL MUNICIPIO DE SAN NICOLÁS DE LOS GARZA", "NOM_ASEN": "LA FE", "TIPO": "COLONIA", "Shape_Leng": 3507.80860287, "Shape_Area": 756419.82847900002 }, "geometry": { "type": "MultiPolygon", "coordinates": [ [ [ [ -100.2061219341103, 25.729421599523512 ], [ -100.206120139974232, 25.729421432259308 ], [ -100.206097190457143, 25.729419276575015 ], [ -100.205621706754044, 25.727373009537082 ], [ -100.205576657525214, 25.72705467808818 ], [ -100.205479390807241, 25.726367370999469 ], [ -100.205529934171992, 25.725389455543382 ], [ -100.205674639981964, 25.722589576766065 ], [ -100.206013034624007, 25.722655437338091 ], [ -100.2062215425468, 25.72162724019968 ], [ -100.20638225784171, 25.72112232957873 ], [ -100.206398287260285, 25.721075144660556 ], [ -100.206594371554459, 25.720735414919435 ], [ -100.206915652166018, 25.72030692121475 ], [ -100.207036214565761, 25.720213281444359 ], [ -100.207207900234778, 25.720118662242612 ], [ -100.207286008484431, 25.720095189531609 ], [ -100.207479372668757, 25.720042883232693 ], [ -100.207562443743157, 25.720016905142796 ], [ -100.208555696352505, 25.719826501741199 ], [ -100.208989511774433, 25.719770078932083 ], [ -100.209032620796791, 25.719768805172656 ], [ -100.20986909488947, 25.71978061118736 ], [ -100.210018693502178, 25.719808802251535 ], [ -100.210228395487235, 25.719903136121456 ], [ -100.210814732554539, 25.720165600209029 ], [ -100.211206762450473, 25.720297933031642 ], [ -100.211777349632001, 25.720440608258929 ], [ -100.21202367971452, 25.720507261099584 ], [ -100.212662943447398, 25.720680215923036 ], [ -100.213300496942864, 25.720888384807957 ], [ -100.213604223803415, 25.720970124488609 ], [ -100.21371571297513, 25.721010562157488 ], [ -100.213789345722915, 25.72106668678731 ], [ -100.214999777286749, 25.722305804130173 ], [ -100.215158534429278, 25.72246761056017 ], [ -100.215037874363134, 25.722702726815005 ], [ -100.21451005941077, 25.723826550288919 ], [ -100.214253060006101, 25.724093060148302 ], [ -100.213884829891811, 25.724783249587006 ], [ -100.213828177377096, 25.724964979312489 ], [ -100.212733682171105, 25.727002108836778 ], [ -100.212702970054721, 25.727056029902286 ], [ -100.211585764838944, 25.729069796753304 ], [ -100.210243046027955, 25.728505436792513 ], [ -100.209960150665793, 25.729096532132658 ], [ -100.209763372412496, 25.729465414705651 ], [ -100.209415331358542, 25.729313381445834 ], [ -100.208624151188388, 25.729305090327497 ], [ -100.208623212805463, 25.729003681844056 ], [ -100.208531917119359, 25.728912027053664 ], [ -100.207151056839194, 25.728915351643327 ], [ -100.206639550991184, 25.729287548774153 ], [ -100.206424649, 25.729449249959803 ], [ -100.2061219341103, 25.729421599523512 ] ] ] ] } },
{ "type": "Feature", "properties": { "CVEGEO": "1904600010303", "CVE_ENT": "19", "CVE_MUN": "046", "CVE_LOC": "0001", "CVE_ASEN": "0303", "CP": "66430", "FECHA_ACT": "11\/2022", "INSTITUCIO": "SECRETARÍA OBRAS PÚBLICAS Y DESARROLLO URBANO DEL MUNICIPIO DE SAN NICOLÁS DE LOS GARZA", "NOM_ASEN": "LA GLORIA", "TIPO": "COLONIA", "Shape_Leng": 804.94569162499999, "Shape_Area": 32520.962048599999 }, "geometry": { "type": "MultiPolygon", "coordinates": [ [ [ [ -100.281800286610263, 25.750504237638101 ], [ -100.282196256478997, 25.750505060550591 ], [ -100.282172773857951, 25.750972027829693 ], [ -100.282050252453601, 25.751463424321187 ], [ -100.282044136214779, 25.751545189705379 ], [ -100.281957395097706, 25.751573265235113 ], [ -100.281350362957753, 25.751596741636035 ], [ -100.280259254640825, 25.751537571164025 ], [ -100.279343788866811, 25.751480833195625 ], [ -100.279272597775986, 25.75147573329172 ], [ -100.279230031290879, 25.751468444722022 ], [ -100.278969658048979, 25.751443974355709 ], [ -100.279064740837669, 25.751262284556518 ], [ -100.279270617161828, 25.751013529101282 ], [ -100.27943242063769, 25.750929059178574 ], [ -100.279639622337911, 25.750679502201478 ], [ -100.279674349587737, 25.750618445971853 ], [ -100.279872563721341, 25.750538047173336 ], [ -100.279844435032075, 25.750481107044411 ], [ -100.280112893068988, 25.750469024844708 ], [ -100.281800286610263, 25.750504237638101 ] ] ] ] } },
{ "type": "Feature", "properties": { "CVEGEO": "1904600010304", "CVE_ENT": "19", "CVE_MUN": "046", "CVE_LOC": "0001", "CVE_ASEN": "0304", "CP": "66486", "FECHA_ACT": "11\/2022", "INSTITUCIO": "SECRETARÍA OBRAS PÚBLICAS Y DESARROLLO URBANO DEL MUNICIPIO DE SAN NICOLÁS DE LOS GARZA", "NOM_ASEN": "TRI DEL NOGALAR (FOMERREY 65)", "TIPO": "COLONIA", "Shape_Leng": 660.90219872, "Shape_Area": 19299.699048800001 }, "geometry": { "type": "MultiPolygon", "coordinates": [ [ [ [ -100.273747849079129, 25.723278773500777 ], [ -100.273743801548065, 25.723099151177987 ], [ -100.273742938726599, 25.723018199695883 ], [ -100.273747431164537, 25.722694291669825 ], [ -100.273739228013511, 25.722522824283462 ], [ -100.273729051902123, 25.722259685004175 ], [ -100.273722371081277, 25.721945102434979 ], [ -100.273722381532664, 25.721875369309252 ], [ -100.273687720140671, 25.721461201305779 ], [ -100.273740358562804, 25.721230451496151 ], [ -100.273715081192549, 25.720923221347704 ], [ -100.274063773101403, 25.721306990614892 ], [ -100.275068632656343, 25.722437091388677 ], [ -100.275202922920215, 25.722588117741058 ], [ -100.275038294755262, 25.72268672535802 ], [ -100.274920855270437, 25.722740439954009 ], [ -100.273829329943041, 25.723241529155793 ], [ -100.273747849079129, 25.723278773500777 ] ] ] ] } },
{ "type": "Feature", "properties": { "CVEGEO": "1904600010305", "CVE_ENT": "19", "CVE_MUN": "046", "CVE_LOC": "0001", "CVE_ASEN": "0305", "CP": "66417", "FECHA_ACT": "11\/2022", "INSTITUCIO": "SECRETARÍA OBRAS PÚBLICAS Y DESARROLLO URBANO DEL MUNICIPIO DE SAN NICOLÁS DE LOS GARZA", "NOM_ASEN": "LA NOGALERA PRIMER SECTOR", "TIPO": "COLONIA", "Shape_Leng": 1565.2057386700001, "Shape_Area": 96237.787403800001 }, "geometry": { "type": "MultiPolygon", "coordinates": [ [ [ [ -100.275411126276055, 25.765081361444732 ], [ -100.275449376130524, 25.764921045740362 ], [ -100.275412170808039, 25.76491551977789 ], [ -100.274004875427536, 25.764705229361276 ], [ -100.273963920319304, 25.764700442198428 ], [ -100.273924248406971, 25.764693160289177 ], [ -100.273786656599242, 25.764662564607722 ], [ -100.274179376609027, 25.763740260962933 ], [ -100.274194733634118, 25.763704674928114 ], [ -100.273955497124064, 25.763670546437595 ], [ -100.273421328172134, 25.763586480108501 ], [ -100.273025601047962, 25.76352567296826 ], [ -100.272599581224597, 25.763457942459439 ], [ -100.27242811023234, 25.763425388801391 ], [ -100.272433430426361, 25.763393344967163 ], [ -100.272542796829001, 25.763054991268369 ], [ -100.272668222292126, 25.762687137768637 ], [ -100.272768410939719, 25.762392445750372 ], [ -100.272785447807749, 25.762342331875402 ], [ -100.272831812900321, 25.762217430251752 ], [ -100.273027087030442, 25.762248601434546 ], [ -100.273324920854364, 25.762296146082154 ], [ -100.273473828120828, 25.76232087586736 ], [ -100.273715780034919, 25.762361059862741 ], [ -100.276013645361544, 25.762748464581357 ], [ -100.275948278617463, 25.762922473044753 ], [ -100.275882760174582, 25.763120342610925 ], [ -100.275919273275619, 25.763132101004889 ], [ -100.276630937040423, 25.763304439142296 ], [ -100.277577746976107, 25.763533714407004 ], [ -100.277500974971574, 25.763675969129661 ], [ -100.277295669655416, 25.764048736479417 ], [ -100.277275500599757, 25.76407715243359 ], [ -100.277115190576595, 25.764303041931836 ], [ -100.277040899313334, 25.764407725181904 ], [ -100.276828611930725, 25.764783528545976 ], [ -100.277030500767907, 25.765238430025466 ], [ -100.277063576762444, 25.765459248718766 ], [ -100.275445755801272, 25.765088972632991 ], [ -100.275411126276055, 25.765081361444732 ] ] ] ] } },
{ "type": "Feature", "properties": { "CVEGEO": "1904600010306", "CVE_ENT": "19", "CVE_MUN": "046", "CVE_LOC": "0001", "CVE_ASEN": "0306", "CP": "66417", "FECHA_ACT": "11\/2022", "INSTITUCIO": "SECRETARÍA OBRAS PÚBLICAS Y DESARROLLO URBANO DEL MUNICIPIO DE SAN NICOLÁS DE LOS GARZA", "NOM_ASEN": "LA NOGALERA SEGUNDO SECTOR", "TIPO": "COLONIA", "Shape_Leng": 1243.6486525299999, "Shape_Area": 86189.672372300003 }, "geometry": { "type": "MultiPolygon", "coordinates": [ [ [ [ -100.275145899540917, 25.767772815136482 ], [ -100.274872332644293, 25.767779705414068 ], [ -100.274824876077133, 25.768015413939175 ], [ -100.273155202243686, 25.768210114282567 ], [ -100.27316417611749, 25.767995663576865 ], [ -100.272692724608902, 25.767978532345463 ], [ -100.272775119586143, 25.766287139671075 ], [ -100.272779670924137, 25.766237219930009 ], [ -100.272785151540702, 25.766192665154904 ], [ -100.27304712244063, 25.76513806874388 ], [ -100.273097073757143, 25.764932901978341 ], [ -100.27363237524753, 25.765031181350338 ], [ -100.273707599156623, 25.764848135501815 ], [ -100.273723446619201, 25.764810938640441 ], [ -100.273786656599242, 25.764662564607722 ], [ -100.273924248406971, 25.764693160289177 ], [ -100.273963920319304, 25.764700442198428 ], [ -100.274004875427536, 25.764705229361276 ], [ -100.275412170808039, 25.76491551977789 ], [ -100.275449376130524, 25.764921045740362 ], [ -100.275411126276055, 25.765081361444732 ], [ -100.275405059713719, 25.765106829724516 ], [ -100.275310570934664, 25.765500797088166 ], [ -100.275099588704123, 25.766383964374477 ], [ -100.275135280297192, 25.766390821691584 ], [ -100.275403978652989, 25.76644288270084 ], [ -100.275380602932188, 25.766607555873136 ], [ -100.275372309053424, 25.76664362699313 ], [ -100.27536454524477, 25.766674026167184 ], [ -100.27536516287303, 25.766675186575611 ], [ -100.275145899540917, 25.767772815136482 ] ] ] ] } },
{ "type": "Feature", "properties": { "CVEGEO": "1904600010307", "CVE_ENT": "19", "CVE_MUN": "046", "CVE_LOC": "0001", "CVE_ASEN": "0307", "CP": "66417", "FECHA_ACT": "11\/2022", "INSTITUCIO": "SECRETARÍA OBRAS PÚBLICAS Y DESARROLLO URBANO DEL MUNICIPIO DE SAN NICOLÁS DE LOS GARZA", "NOM_ASEN": "LA NOGALERA TERCER SECTOR", "TIPO": "COLONIA", "Shape_Leng": 931.874614167, "Shape_Area": 43081.964061300001 }, "geometry": { "type": "MultiPolygon", "coordinates": [ [ [ [ -100.272692724608902, 25.767978532345463 ], [ -100.27316417611749, 25.767995663576865 ], [ -100.273155202243686, 25.768210114282567 ], [ -100.274824876077133, 25.768015413939175 ], [ -100.274872332644293, 25.767779705414068 ], [ -100.275145899540917, 25.767772815136482 ], [ -100.274776013083766, 25.769650290750185 ], [ -100.274481353245989, 25.76968649282232 ], [ -100.273098078037535, 25.769849614056749 ], [ -100.272619859951419, 25.769899770433746 ], [ -100.272692724608902, 25.767978532345463 ] ] ] ] } },
{ "type": "Feature", "properties": { "CVEGEO": "1904600010308", "CVE_ENT": "19", "CVE_MUN": "046", "CVE_LOC": "0001", "CVE_ASEN": "0308", "CP": "66410", "FECHA_ACT": "11\/2022", "INSTITUCIO": "SECRETARÍA OBRAS PÚBLICAS Y DESARROLLO URBANO DEL MUNICIPIO DE SAN NICOLÁS DE LOS GARZA", "NOM_ASEN": "LAS ALAMEDAS", "TIPO": "COLONIA", "Shape_Leng": 1193.2789126099999, "Shape_Area": 89316.888926200001 }, "geometry": { "type": "MultiPolygon", "coordinates": [ [ [ [ -100.268247187906255, 25.76769602542473 ], [ -100.267670277516132, 25.767583864199253 ], [ -100.266915761337572, 25.76744407717322 ], [ -100.266875060174328, 25.767452487584269 ], [ -100.266845596894811, 25.767479108026343 ], [ -100.266700800126273, 25.767489540087357 ], [ -100.266675926497257, 25.767490111367575 ], [ -100.266554587752111, 25.766100096453059 ], [ -100.266551615066135, 25.766041628713086 ], [ -100.266581595455634, 25.765947283969691 ], [ -100.266652336914902, 25.76572466240782 ], [ -100.266663797256044, 25.765688597322519 ], [ -100.266682415421471, 25.765632411110563 ], [ -100.266785416771981, 25.765321567230114 ], [ -100.266888039643675, 25.765005422273081 ], [ -100.266901123991346, 25.76496511753275 ], [ -100.266948201842567, 25.764806217297675 ], [ -100.267003720849331, 25.764618830276742 ], [ -100.267134767341176, 25.764253479110533 ], [ -100.267604825563396, 25.764340888743295 ], [ -100.269631219045749, 25.76473979218397 ], [ -100.269575765135002, 25.76496692486954 ], [ -100.269544442893846, 25.765082622323117 ], [ -100.269473452317186, 25.765338693931749 ], [ -100.269441559376062, 25.765466386319495 ], [ -100.269380724584153, 25.765731357460819 ], [ -100.269189471898315, 25.766549602212468 ], [ -100.269109682035946, 25.766889487724331 ], [ -100.269106901857583, 25.766901331572601 ], [ -100.269020178789006, 25.767250336174996 ], [ -100.269014627835858, 25.76727000965526 ], [ -100.268941424364655, 25.767597840509598 ], [ -100.268935023547655, 25.767625511541425 ], [ -100.268899123351602, 25.767799154725729 ], [ -100.268858723861101, 25.7678010168949 ], [ -100.268247187906255, 25.76769602542473 ] ] ] ] } },
{ "type": "Feature", "properties": { "CVEGEO": "1904600010309", "CVE_ENT": "19", "CVE_MUN": "046", "CVE_LOC": "0001", "CVE_ASEN": "0309", "CP": "66428", "FECHA_ACT": "11\/2022", "INSTITUCIO": "SECRETARÍA OBRAS PÚBLICAS Y DESARROLLO URBANO DEL MUNICIPIO DE SAN NICOLÁS DE LOS GARZA", "NOM_ASEN": "LAS MISIONES", "TIPO": "COLONIA", "Shape_Leng": 1416.7841825, "Shape_Area": 60033.2045335 }, "geometry": { "type": "MultiPolygon", "coordinates": [ [ [ [ -100.302027512616007, 25.764659263705838 ], [ -100.302040109614865, 25.764532057435833 ], [ -100.302065792183811, 25.764224950736271 ], [ -100.302102438213993, 25.763793597721037 ], [ -100.302163709455968, 25.763273858114015 ], [ -100.302299781679977, 25.76201437260551 ], [ -100.302355856262764, 25.761484726621827 ], [ -100.302431901826509, 25.760776121241783 ], [ -100.302551001946412, 25.761079093899298 ], [ -100.303118759710131, 25.763484718460386 ], [ -100.303192514508339, 25.763742159647162 ], [ -100.303154695583117, 25.763746434495751 ], [ -100.30330763100082, 25.764135260554813 ], [ -100.303470313477007, 25.764545989171339 ], [ -100.303637759236665, 25.76497753476491 ], [ -100.303799643304771, 25.765380379766722 ], [ -100.303987759769186, 25.765859107760765 ], [ -100.304076609239829, 25.766054812674973 ], [ -100.303570368245545, 25.766109279073444 ], [ -100.303024246965293, 25.766187630020845 ], [ -100.302098029982417, 25.766264981240255 ], [ -100.302061276648033, 25.765531566147367 ], [ -100.30205425305121, 25.765406709122296 ], [ -100.302046777268501, 25.765104468654837 ], [ -100.302041815179237, 25.76502840033276 ], [ -100.302027512616007, 25.764659263705838 ] ] ] ] } },
{ "type": "Feature", "properties": { "CVEGEO": "1904600010310", "CVE_ENT": "19", "CVE_MUN": "046", "CVE_LOC": "0001", "CVE_ASEN": "0310", "CP": "66465", "FECHA_ACT": "11\/2022", "INSTITUCIO": "SECRETARÍA OBRAS PÚBLICAS Y DESARROLLO URBANO DEL MUNICIPIO DE SAN NICOLÁS DE LOS GARZA", "NOM_ASEN": "RESIDENCIAL LAS PALMAS PRIMER SECTOR", "TIPO": "COLONIA", "Shape_Leng": 773.47065017800003, "Shape_Area": 24648.0066525 }, "geometry": { "type": "MultiPolygon", "coordinates": [ [ [ [ -100.283754540243962, 25.735747427569674 ], [ -100.286117977457764, 25.736324365002229 ], [ -100.286074167519047, 25.736656647305175 ], [ -100.28645747514399, 25.736749027492635 ], [ -100.286528048653722, 25.736766037483786 ], [ -100.286493934777766, 25.737004078097101 ], [ -100.286453875180996, 25.737240234864313 ], [ -100.285689224124155, 25.73704896628325 ], [ -100.285133529911434, 25.736914161562211 ], [ -100.284381911544017, 25.73670859908993 ], [ -100.283664244517851, 25.736533263245789 ], [ -100.283471934549837, 25.736436182487992 ], [ -100.283528015357248, 25.73625644515494 ], [ -100.283754540243962, 25.735747427569674 ] ] ] ] } },
{ "type": "Feature", "properties": { "CVEGEO": "1904600010311", "CVE_ENT": "19", "CVE_MUN": "046", "CVE_LOC": "0001", "CVE_ASEN": "0311", "CP": "66460", "FECHA_ACT": "11\/2022", "INSTITUCIO": "SECRETARÍA OBRAS PÚBLICAS Y DESARROLLO URBANO DEL MUNICIPIO DE SAN NICOLÁS DE LOS GARZA", "NOM_ASEN": "LAS PUENTES DÉCIMO SECTOR", "TIPO": "COLONIA", "Shape_Leng": 1892.3010326599999, "Shape_Area": 207187.280149 }, "geometry": { "type": "MultiPolygon", "coordinates": [ [ [ [ -100.269223478917468, 25.745687483889331 ], [ -100.26923234578976, 25.745494807130147 ], [ -100.269243202560446, 25.745403064873379 ], [ -100.269263497760164, 25.745100548320433 ], [ -100.269277168922358, 25.744927614947592 ], [ -100.269261463313399, 25.744696919245914 ], [ -100.269283579684128, 25.744438095398362 ], [ -100.269305538178799, 25.744364126439798 ], [ -100.269323339297216, 25.744328506271618 ], [ -100.26936191276252, 25.744272155974141 ], [ -100.269465942600561, 25.744165956649049 ], [ -100.269642369276568, 25.744011369896096 ], [ -100.269772847880859, 25.74388582008072 ], [ -100.269836499005876, 25.743781940188079 ], [ -100.269875564477374, 25.743653890354871 ], [ -100.269978399200099, 25.743316749689264 ], [ -100.270090109145087, 25.742950600156501 ], [ -100.270100702318032, 25.742915808121236 ], [ -100.270211468820733, 25.742552769984588 ], [ -100.270283170846923, 25.742321336307032 ], [ -100.270415722775624, 25.741884761193621 ], [ -100.270542385358397, 25.741469540364029 ], [ -100.270578771978506, 25.741350258799056 ], [ -100.270589582880532, 25.74131481421108 ], [ -100.270617064881975, 25.741224689831498 ], [ -100.272644598564995, 25.74175132066739 ], [ -100.273542294479938, 25.742000874935169 ], [ -100.273603379628483, 25.741656214463227 ], [ -100.273799226448247, 25.741704449779629 ], [ -100.274528069688117, 25.741868841355011 ], [ -100.274565492308383, 25.741985668256735 ], [ -100.274636571115408, 25.742129393473284 ], [ -100.274560647025481, 25.742300803965275 ], [ -100.274512603304274, 25.742423970051938 ], [ -100.274452553109597, 25.742577959417559 ], [ -100.274396126257358, 25.742811232920786 ], [ -100.274375524269985, 25.742924447036966 ], [ -100.274277453619405, 25.743337236438347 ], [ -100.274161450069329, 25.743879584773694 ], [ -100.274020778897807, 25.74445112600835 ], [ -100.273934618922297, 25.744841729621633 ], [ -100.273901488956554, 25.744988837564545 ], [ -100.273849363911737, 25.745209413989791 ], [ -100.273797640826388, 25.745445849089243 ], [ -100.273765062500715, 25.745589706821548 ], [ -100.273690885702351, 25.745921844833077 ], [ -100.273680830101426, 25.745967181296606 ], [ -100.273644820072249, 25.746128319769333 ], [ -100.273633517367756, 25.746153480044736 ], [ -100.269342659317971, 25.745645554348854 ], [ -100.269223478917468, 25.745687483889331 ] ] ] ] } },
{ "type": "Feature", "properties": { "CVEGEO": "1904600010312", "CVE_ENT": "19", "CVE_MUN": "046", "CVE_LOC": "0001", "CVE_ASEN": "0312", "CP": "66460", "FECHA_ACT": "11\/2022", "INSTITUCIO": "SECRETARÍA OBRAS PÚBLICAS Y DESARROLLO URBANO DEL MUNICIPIO DE SAN NICOLÁS DE LOS GARZA", "NOM_ASEN": "LAS PUENTES ONCEAVO SECTOR", "TIPO": "COLONIA", "Shape_Leng": 1550.29918976, "Shape_Area": 136721.08760599999 }, "geometry": { "type": "MultiPolygon", "coordinates": [ [ [ [ -100.270617064881975, 25.741224689831498 ], [ -100.270695144574461, 25.740962949865999 ], [ -100.270802694742656, 25.740598509706579 ], [ -100.27091844453291, 25.740219969751578 ], [ -100.270965395301531, 25.740040229119248 ], [ -100.271047319202907, 25.739849276095264 ], [ -100.271156852690751, 25.739481947375875 ], [ -100.271202526021341, 25.739343213692507 ], [ -100.271271898875014, 25.739116467276009 ], [ -100.271404891537657, 25.738706476665651 ], [ -100.271520116869539, 25.738318098074149 ], [ -100.27167657744431, 25.737800471295351 ], [ -100.272270696251766, 25.737797085054382 ], [ -100.27230811770778, 25.737794803194021 ], [ -100.272605054708549, 25.737789585931967 ], [ -100.272915395932159, 25.737783824994569 ], [ -100.273892967821169, 25.737839312489804 ], [ -100.274427968265911, 25.737909227224193 ], [ -100.274577469999002, 25.737929936140546 ], [ -100.274934621405592, 25.738031137361357 ], [ -100.275057101076044, 25.738063749729282 ], [ -100.274946081830109, 25.738383414867872 ], [ -100.274905071797448, 25.738495282424147 ], [ -100.274812392146288, 25.738765022496292 ], [ -100.274765769730308, 25.738896955254724 ], [ -100.274685412557034, 25.7391287407129 ], [ -100.274619375675272, 25.739325087678708 ], [ -100.274555677104473, 25.739504762132853 ], [ -100.274493630337872, 25.739689441242103 ], [ -100.274475225565638, 25.739875967275896 ], [ -100.274441208794286, 25.740218646947227 ], [ -100.274436387677255, 25.740262984951265 ], [ -100.274424382289112, 25.740446923113151 ], [ -100.273742046106008, 25.740443554658473 ], [ -100.273600894539101, 25.741498554030628 ], [ -100.273603379628483, 25.741656214463227 ], [ -100.273542294479938, 25.742000874935169 ], [ -100.272644598564995, 25.74175132066739 ], [ -100.270617064881975, 25.741224689831498 ] ] ] ] } },
{ "type": "Feature", "properties": { "CVEGEO": "1904600010313", "CVE_ENT": "19", "CVE_MUN": "046", "CVE_LOC": "0001", "CVE_ASEN": "0313", "CP": "66460", "FECHA_ACT": "11\/2022", "INSTITUCIO": "SECRETARÍA OBRAS PÚBLICAS Y DESARROLLO URBANO DEL MUNICIPIO DE SAN NICOLÁS DE LOS GARZA", "NOM_ASEN": "LAS PUENTES PRIMER SECTOR SEGUNDO SECTOR", "TIPO": "COLONIA", "Shape_Leng": 1240.6601716299999, "Shape_Area": 90568.564328499997 }, "geometry": { "type": "MultiPolygon", "coordinates": [ [ [ [ -100.270965395301531, 25.740040229119248 ], [ -100.270876762296623, 25.740038542924569 ], [ -100.269324901280626, 25.739792619543621 ], [ -100.269237461345099, 25.739782728014998 ], [ -100.267656948718667, 25.739528279304849 ], [ -100.267603480909401, 25.739519805215838 ], [ -100.267323571100974, 25.739438310276942 ], [ -100.267081989996427, 25.739367965983355 ], [ -100.26714817024785, 25.739265170224574 ], [ -100.26729320398897, 25.739039803092535 ], [ -100.267396127287952, 25.738879284793065 ], [ -100.267632932327757, 25.738497049999705 ], [ -100.26785673804747, 25.738137300509781 ], [ -100.268102637959473, 25.737740144297536 ], [ -100.268322334117741, 25.73740000926167 ], [ -100.268476067117916, 25.737450861054388 ], [ -100.268962689671994, 25.737506123257166 ], [ -100.269707406299077, 25.737598106567148 ], [ -100.270492643650059, 25.73768601388333 ], [ -100.27167657744431, 25.737800471295351 ], [ -100.271520116869539, 25.738318098074149 ], [ -100.271404891537657, 25.738706476665651 ], [ -100.271271898875014, 25.739116467276009 ], [ -100.271202526021341, 25.739343213692507 ], [ -100.271156852690751, 25.739481947375875 ], [ -100.271047319202907, 25.739849276095264 ], [ -100.270965395301531, 25.740040229119248 ] ] ] ] } },
{ "type": "Feature", "properties": { "CVEGEO": "1904600010314", "CVE_ENT": "19", "CVE_MUN": "046", "CVE_LOC": "0001", "CVE_ASEN": "0314", "CP": "66460", "FECHA_ACT": "11\/2022", "INSTITUCIO": "SECRETARÍA OBRAS PÚBLICAS Y DESARROLLO URBANO DEL MUNICIPIO DE SAN NICOLÁS DE LOS GARZA", "NOM_ASEN": "LAS PUENTES CATORCEAVO SECTOR", "TIPO": "COLONIA", "Shape_Leng": 1963.31782531, "Shape_Area": 143252.271828 }, "geometry": { "type": "MultiPolygon", "coordinates": [ [ [ [ -100.267113031792519, 25.748317903485013 ], [ -100.267030338140145, 25.750886979190458 ], [ -100.267046681335543, 25.750937844588549 ], [ -100.266781528203751, 25.750969938271936 ], [ -100.266577461924683, 25.750996178889455 ], [ -100.266569924720201, 25.750909113678624 ], [ -100.266552240277377, 25.750709027281072 ], [ -100.266428508925287, 25.750293892136817 ], [ -100.266250220759858, 25.750071347893471 ], [ -100.266108178009546, 25.749979940191341 ], [ -100.264898747844924, 25.749987624951306 ], [ -100.264864599404561, 25.749987678891227 ], [ -100.262401663199512, 25.749986751192118 ], [ -100.262510272500649, 25.749774379587212 ], [ -100.262604301741234, 25.749580550192491 ], [ -100.262710201545076, 25.749370479643797 ], [ -100.262815572964172, 25.749186259876513 ], [ -100.262941461518338, 25.748913341225148 ], [ -100.262974672488298, 25.748791659928198 ], [ -100.263001601673281, 25.748681381415675 ], [ -100.264810246167627, 25.748621174710962 ], [ -100.264762649515248, 25.748447195298763 ], [ -100.264666895687299, 25.748026683066684 ], [ -100.264601573359499, 25.747649543012297 ], [ -100.264637122516916, 25.747227996890743 ], [ -100.26468844347923, 25.746834894612189 ], [ -100.264767576259644, 25.746372620817766 ], [ -100.264888201085569, 25.745947600249288 ], [ -100.264941382921236, 25.745773302556323 ], [ -100.265452883472008, 25.745857860536493 ], [ -100.265498682851032, 25.745863299909132 ], [ -100.266892690996585, 25.746019474369859 ], [ -100.266942552405624, 25.746025072062139 ], [ -100.266994914459559, 25.746032701574137 ], [ -100.267161604354015, 25.746056983037775 ], [ -100.267147414220062, 25.746648719040788 ], [ -100.267145999609355, 25.746718716616343 ], [ -100.267113031792519, 25.748317903485013 ] ] ] ] } },
{ "type": "Feature", "properties": { "CVEGEO": "1904600010315", "CVE_ENT": "19", "CVE_MUN": "046", "CVE_LOC": "0001", "CVE_ASEN": "0315", "CP": "66460", "FECHA_ACT": "11\/2022", "INSTITUCIO": "SECRETARÍA OBRAS PÚBLICAS Y DESARROLLO URBANO DEL MUNICIPIO DE SAN NICOLÁS DE LOS GARZA", "NOM_ASEN": "LAS PUENTES QUINCEAVO SECTOR", "TIPO": "COLONIA", "Shape_Leng": 2116.5748931899998, "Shape_Area": 155605.40700599999 }, "geometry": { "type": "MultiPolygon", "coordinates": [ [ [ [ -100.263030302716871, 25.748563820992118 ], [ -100.263042922353094, 25.748512249654574 ], [ -100.263061705771491, 25.748359091411498 ], [ -100.263089972811571, 25.748055000216468 ], [ -100.263110661862171, 25.747931430957234 ], [ -100.26318435216848, 25.747569710134862 ], [ -100.263190241940507, 25.747519459896967 ], [ -100.26325697195918, 25.747125941208754 ], [ -100.26326126189683, 25.747100661222944 ], [ -100.263302238120119, 25.746886073875938 ], [ -100.263338232545493, 25.746697569748601 ], [ -100.263343362391964, 25.746662800868226 ], [ -100.263404802190408, 25.746285569780554 ], [ -100.261803234774874, 25.746196740391781 ], [ -100.261788534836057, 25.746195849806011 ], [ -100.260709003792854, 25.746130720946212 ], [ -100.260265352136571, 25.74653317006327 ], [ -100.259851697177197, 25.746181343838707 ], [ -100.260430977202304, 25.745657521716335 ], [ -100.261524723452297, 25.744665709639989 ], [ -100.261593390129789, 25.744610155069267 ], [ -100.262593244775658, 25.743731631696189 ], [ -100.263087286820536, 25.743279044812247 ], [ -100.26321454986028, 25.743160649354433 ], [ -100.263656599211615, 25.743368386190308 ], [ -100.263840146627842, 25.743458985572808 ], [ -100.263975926459295, 25.743512559686963 ], [ -100.265601358589677, 25.7438082620376 ], [ -100.265306867447194, 25.744025051077656 ], [ -100.265306868340673, 25.744299877785863 ], [ -100.265311626164049, 25.744378399980658 ], [ -100.265217636933144, 25.744728180003403 ], [ -100.265128710466414, 25.745126710368933 ], [ -100.264994307204759, 25.745534606825935 ], [ -100.265008697252597, 25.74555269406509 ], [ -100.264941382921236, 25.745773302556323 ], [ -100.264888201085569, 25.745947600249288 ], [ -100.264767576259644, 25.746372620817766 ], [ -100.26468844347923, 25.746834894612189 ], [ -100.264637122516916, 25.747227996890743 ], [ -100.264601573359499, 25.747649543012297 ], [ -100.264666895687299, 25.748026683066684 ], [ -100.264762649515248, 25.748447195298763 ], [ -100.264810246167627, 25.748621174710962 ], [ -100.263001601673281, 25.748681381415675 ], [ -100.263030302716871, 25.748563820992118 ] ] ] ] } },
{ "type": "Feature", "properties": { "CVEGEO": "1904600010316", "CVE_ENT": "19", "CVE_MUN": "046", "CVE_LOC": "0001", "CVE_ASEN": "0316", "CP": "66460", "FECHA_ACT": "11\/2022", "INSTITUCIO": "SECRETARÍA OBRAS PÚBLICAS Y DESARROLLO URBANO DEL MUNICIPIO DE SAN NICOLÁS DE LOS GARZA", "NOM_ASEN": "LAS PUENTES PRIMER SECTOR", "TIPO": "COLONIA", "Shape_Leng": 1957.06811324, "Shape_Area": 207593.796324 }, "geometry": { "type": "MultiPolygon", "coordinates": [ [ [ [ -100.287468147345749, 25.747010239264203 ], [ -100.287771620240648, 25.746815093515355 ], [ -100.288376118347742, 25.746423608261672 ], [ -100.288441975628501, 25.746375617957408 ], [ -100.288813612465418, 25.74607057040193 ], [ -100.289195483629598, 25.745708428131536 ], [ -100.289220424127862, 25.745680859094627 ], [ -100.28951371724024, 25.745290577147138 ], [ -100.2895890415693, 25.745196647549587 ], [ -100.289994258938123, 25.744777031211981 ], [ -100.290408765245374, 25.744429778229161 ], [ -100.290470774478294, 25.744375596026575 ], [ -100.290777785534644, 25.744109546027456 ], [ -100.290849968943178, 25.744050374336435 ], [ -100.290896467021554, 25.744020473599623 ], [ -100.291040447140333, 25.743943753523901 ], [ -100.291259674394723, 25.743842518274842 ], [ -100.291332889237538, 25.743811871723885 ], [ -100.291411955991606, 25.743781120485917 ], [ -100.291859536444477, 25.743617861422145 ], [ -100.291949511607825, 25.743585458028299 ], [ -100.292421157434774, 25.743418194957776 ], [ -100.292499525909875, 25.743389634208771 ], [ -100.29272076521562, 25.743307887352259 ], [ -100.292893767986612, 25.743233745978191 ], [ -100.292958090474755, 25.743376119962196 ], [ -100.29298816996932, 25.743444659640424 ], [ -100.293051302250191, 25.743574816148758 ], [ -100.293851491571701, 25.74533146172833 ], [ -100.294522247007393, 25.746719162528308 ], [ -100.294053852315145, 25.746852000660429 ], [ -100.29375111596255, 25.746939964720205 ], [ -100.293365685067968, 25.747043245024496 ], [ -100.29284792909597, 25.747173439730723 ], [ -100.291983590163071, 25.747384428753936 ], [ -100.291569332110996, 25.74749039953171 ], [ -100.291152446347382, 25.747594931395444 ], [ -100.290345487314184, 25.747773223937809 ], [ -100.289896939246418, 25.747876766686009 ], [ -100.289471181914109, 25.747975948619416 ], [ -100.288639996629641, 25.748175611705047 ], [ -100.287854233972467, 25.748359237885815 ], [ -100.287683824069475, 25.74779909739464 ], [ -100.287584058665658, 25.747401080581366 ], [ -100.287555660118912, 25.747311916819008 ], [ -100.287504749160206, 25.747136381160036 ], [ -100.28749218010762, 25.747093110270697 ], [ -100.287468147345749, 25.747010239264203 ] ] ] ] } },
{ "type": "Feature", "properties": { "CVEGEO": "1904600010317", "CVE_ENT": "19", "CVE_MUN": "046", "CVE_LOC": "0001", "CVE_ASEN": "0317", "CP": "66460", "FECHA_ACT": "11\/2022", "INSTITUCIO": "SECRETARÍA OBRAS PÚBLICAS Y DESARROLLO URBANO DEL MUNICIPIO DE SAN NICOLÁS DE LOS GARZA", "NOM_ASEN": "LAS PUENTES SEGUNDO SECTOR", "TIPO": "COLONIA", "Shape_Leng": 2691.96963469, "Shape_Area": 355799.99930700002 }, "geometry": { "type": "MultiPolygon", "coordinates": [ [ [ [ -100.285020180078675, 25.744199599248773 ], [ -100.284711787053539, 25.744137505357031 ], [ -100.284795139136378, 25.74390683130753 ], [ -100.284969399825499, 25.743533890258753 ], [ -100.285057123773925, 25.743346121787226 ], [ -100.285095325486992, 25.743204899300736 ], [ -100.285070211918239, 25.74281047678345 ], [ -100.285418747865094, 25.742832486321259 ], [ -100.285326450711267, 25.742739527053111 ], [ -100.285373513869388, 25.742681751917441 ], [ -100.285421072647267, 25.742631871221878 ], [ -100.285601225280686, 25.742473277267351 ], [ -100.286079788540732, 25.742051239672442 ], [ -100.286208419229382, 25.7419398998506 ], [ -100.286306285339563, 25.741872564807629 ], [ -100.286387651453239, 25.741790653408042 ], [ -100.286579349697405, 25.741540030982573 ], [ -100.286673814019309, 25.741451086769764 ], [ -100.286800419382672, 25.741358066797471 ], [ -100.28690053159167, 25.741295849384258 ], [ -100.287300300782078, 25.741059716003733 ], [ -100.287408496591226, 25.740998683164747 ], [ -100.287555648282179, 25.741065810912577 ], [ -100.287708745034436, 25.740774431555291 ], [ -100.287961446872117, 25.740318760744977 ], [ -100.288210531693039, 25.739906786835981 ], [ -100.288700483192045, 25.73942538887659 ], [ -100.289490976936392, 25.738590698735212 ], [ -100.289512601490785, 25.73855877907447 ], [ -100.289579876778006, 25.738459501444403 ], [ -100.289653818721874, 25.738564099402758 ], [ -100.29018865456554, 25.739168989927094 ], [ -100.291122901732905, 25.740225587967611 ], [ -100.291730170972571, 25.740896239748082 ], [ -100.292052919699969, 25.741378769316761 ], [ -100.292547361945736, 25.742370628826329 ], [ -100.292746377531245, 25.742853956257335 ], [ -100.292893767986612, 25.743233745978191 ], [ -100.29272076521562, 25.743307887352259 ], [ -100.292499525909875, 25.743389634208771 ], [ -100.292421157434774, 25.743418194957776 ], [ -100.291949511607825, 25.743585458028299 ], [ -100.291859536444477, 25.743617861422145 ], [ -100.291411955991606, 25.743781120485917 ], [ -100.291332889237538, 25.743811871723885 ], [ -100.291259674394723, 25.743842518274842 ], [ -100.291040447140333, 25.743943753523901 ], [ -100.290896467021554, 25.744020473599623 ], [ -100.290849968943178, 25.744050374336435 ], [ -100.290777785534644, 25.744109546027456 ], [ -100.290470774478294, 25.744375596026575 ], [ -100.290408765245374, 25.744429778229161 ], [ -100.289994258938123, 25.744777031211981 ], [ -100.2895890415693, 25.745196647549587 ], [ -100.28951371724024, 25.745290577147138 ], [ -100.289220424127862, 25.745680859094627 ], [ -100.289195483629598, 25.745708428131536 ], [ -100.288813612465418, 25.74607057040193 ], [ -100.288441975628501, 25.746375617957408 ], [ -100.288376118347742, 25.746423608261672 ], [ -100.287771620240648, 25.746815093515355 ], [ -100.287468147345749, 25.747010239264203 ], [ -100.287444677502094, 25.746928883579248 ], [ -100.287407625717961, 25.74680284924835 ], [ -100.287379429473361, 25.746629550896351 ], [ -100.287364822763919, 25.746551093651256 ], [ -100.287265828683971, 25.745783049386898 ], [ -100.287072500663754, 25.745341080456043 ], [ -100.286862356754256, 25.744869455364451 ], [ -100.286693109089569, 25.744529885098896 ], [ -100.286661633435472, 25.744456270812201 ], [ -100.28671353016955, 25.744348125764947 ], [ -100.286671919612729, 25.744338667235667 ], [ -100.286330975515767, 25.744261785795345 ], [ -100.28527454656988, 25.744250349588661 ], [ -100.285020180078675, 25.744199599248773 ] ] ] ] } },
{ "type": "Feature", "properties": { "CVEGEO": "1904600010318", "CVE_ENT": "19", "CVE_MUN": "046", "CVE_LOC": "0001", "CVE_ASEN": "0318", "CP": "66460", "FECHA_ACT": "11\/2022", "INSTITUCIO": "SECRETARÍA OBRAS PÚBLICAS Y DESARROLLO URBANO DEL MUNICIPIO DE SAN NICOLÁS DE LOS GARZA", "NOM_ASEN": "LAS PUENTES TERCER SECTOR", "TIPO": "COLONIA", "Shape_Leng": 2183.7597801100001, "Shape_Area": 214705.257213 }, "geometry": { "type": "MultiPolygon", "coordinates": [ [ [ [ -100.281039501017148, 25.744493666967355 ], [ -100.280222131094391, 25.744367851620783 ], [ -100.280053720835966, 25.744274049110082 ], [ -100.280027423646146, 25.744238999994163 ], [ -100.280063700902943, 25.743858669974848 ], [ -100.280104677793119, 25.743845676027028 ], [ -100.28011587694705, 25.743820359943914 ], [ -100.280132253707308, 25.743469450776633 ], [ -100.280471002295769, 25.743479365266868 ], [ -100.280473459211422, 25.743415268845457 ], [ -100.280484684556242, 25.743122446863349 ], [ -100.280793074031024, 25.743145441911519 ], [ -100.280888649960062, 25.743196490653116 ], [ -100.280846256424979, 25.743128666576503 ], [ -100.280869392250821, 25.743080012291177 ], [ -100.280965452966669, 25.74275596891983 ], [ -100.280955987900995, 25.742701130487891 ], [ -100.281047421544429, 25.742462810911281 ], [ -100.280019654485002, 25.742507824803052 ], [ -100.280063700390784, 25.742426465434786 ], [ -100.280092163031213, 25.742277988320701 ], [ -100.280104693883416, 25.742094386849548 ], [ -100.280090836636148, 25.741978002310027 ], [ -100.280081448377544, 25.741596577875963 ], [ -100.280079432043408, 25.741518560183842 ], [ -100.280076388597649, 25.741451329185868 ], [ -100.280073370755744, 25.741209958647268 ], [ -100.280070155465836, 25.741079245605654 ], [ -100.28005517971836, 25.740670863955518 ], [ -100.280052764262308, 25.740604990258337 ], [ -100.280028015358511, 25.740192918723899 ], [ -100.279993615559263, 25.739821624464561 ], [ -100.280032350757452, 25.739772648025379 ], [ -100.280069742011392, 25.739781148266559 ], [ -100.281644231154829, 25.74033827727596 ], [ -100.281874143405588, 25.740419632336788 ], [ -100.282269861466503, 25.740552879536764 ], [ -100.282685032223753, 25.740705073546117 ], [ -100.282888916281394, 25.740774605928976 ], [ -100.284064501370167, 25.741175789514955 ], [ -100.284471067041522, 25.741319693433358 ], [ -100.284879603453135, 25.741455178886991 ], [ -100.285352830098319, 25.741619665834804 ], [ -100.285240499939718, 25.742025455271534 ], [ -100.285148488212883, 25.742477395055623 ], [ -100.285127020815949, 25.742576620621008 ], [ -100.285109542277908, 25.742657408333852 ], [ -100.285070211918239, 25.74281047678345 ], [ -100.285095325486992, 25.743204899300736 ], [ -100.285057123773925, 25.743346121787226 ], [ -100.284969399825499, 25.743533890258753 ], [ -100.284795139136378, 25.74390683130753 ], [ -100.284711787053539, 25.744137505357031 ], [ -100.284645021372256, 25.744322277994794 ], [ -100.284390615139358, 25.745089366319007 ], [ -100.284145641948626, 25.745474832160877 ], [ -100.284115866807014, 25.745302002941038 ], [ -100.283654358598568, 25.745219439421692 ], [ -100.283705035944124, 25.744978771469547 ], [ -100.282238335556997, 25.744683194641137 ], [ -100.282180618762425, 25.744669475089211 ], [ -100.281229356546632, 25.744531790107487 ], [ -100.281039501017148, 25.744493666967355 ] ] ] ] } },
{ "type": "Feature", "properties": { "CVEGEO": "1904600010319", "CVE_ENT": "19", "CVE_MUN": "046", "CVE_LOC": "0001", "CVE_ASEN": "0319", "CP": "66460", "FECHA_ACT": "11\/2022", "INSTITUCIO": "SECRETARÍA OBRAS PÚBLICAS Y DESARROLLO URBANO DEL MUNICIPIO DE SAN NICOLÁS DE LOS GARZA", "NOM_ASEN": "LAS PUENTES CUARTO SECTOR", "TIPO": "COLONIA", "Shape_Leng": 2248.0974793400001, "Shape_Area": 165352.49807 }, "geometry": { "type": "MultiPolygon", "coordinates": [ [ [ [ -100.266857490762121, 25.75476025182677 ], [ -100.266863445260938, 25.754576431417558 ], [ -100.266880075389551, 25.754359354091946 ], [ -100.266904995425591, 25.753997038077067 ], [ -100.266910274769913, 25.753597664923728 ], [ -100.266909591882865, 25.753208725754988 ], [ -100.266939792674947, 25.752807159870049 ], [ -100.266965155514569, 25.752379950958488 ], [ -100.266974636472284, 25.752202786218817 ], [ -100.266977887138438, 25.752004360428352 ], [ -100.266992383112026, 25.751615429958793 ], [ -100.266983368388438, 25.7515830023675 ], [ -100.267044102338502, 25.75123786230975 ], [ -100.269337223725628, 25.750955652383908 ], [ -100.271054772264563, 25.750735583609341 ], [ -100.271601121815692, 25.750676942355398 ], [ -100.272677872980765, 25.750681062998996 ], [ -100.27371514466995, 25.750686650646866 ], [ -100.273920278045338, 25.750668433944895 ], [ -100.274101921662634, 25.750629417526522 ], [ -100.274256438428353, 25.750578005963146 ], [ -100.274321000108245, 25.750522706180597 ], [ -100.274213420961146, 25.75137393696523 ], [ -100.274014477931757, 25.751264190115268 ], [ -100.273565117499018, 25.751232528224062 ], [ -100.272677926188365, 25.751168497373499 ], [ -100.271622961866825, 25.751100580700626 ], [ -100.271622728200327, 25.751135900173466 ], [ -100.271617236171267, 25.751498467759586 ], [ -100.271618033950972, 25.751539817296965 ], [ -100.271617024698344, 25.75157682255881 ], [ -100.271615550565443, 25.751943319432822 ], [ -100.27161321341832, 25.751981367745291 ], [ -100.271610958189513, 25.752025602653777 ], [ -100.271606329240527, 25.752417382801191 ], [ -100.271605786197867, 25.752458639672184 ], [ -100.271584064229771, 25.752494963530268 ], [ -100.271547115637233, 25.752748718156319 ], [ -100.271198172077092, 25.753262742849813 ], [ -100.271113851222538, 25.753460693371618 ], [ -100.270964569320313, 25.753434054110762 ], [ -100.270901505604698, 25.753426122304674 ], [ -100.269893675895986, 25.753268470440187 ], [ -100.269847139202199, 25.753684600438987 ], [ -100.266962039981706, 25.754798150961712 ], [ -100.266857490762121, 25.75476025182677 ] ] ] ] } },
{ "type": "Feature", "properties": { "CVEGEO": "1904600010320", "CVE_ENT": "19", "CVE_MUN": "046", "CVE_LOC": "0001", "CVE_ASEN": "0320", "CP": "66460", "FECHA_ACT": "11\/2022", "INSTITUCIO": "SECRETARÍA OBRAS PÚBLICAS Y DESARROLLO URBANO DEL MUNICIPIO DE SAN NICOLÁS DE LOS GARZA", "NOM_ASEN": "LAS PUENTES QUINTO SECTOR", "TIPO": "COLONIA", "Shape_Leng": 1077.23929232, "Shape_Area": 56909.359592200002 }, "geometry": { "type": "MultiPolygon", "coordinates": [ [ [ [ -100.280019654485002, 25.742507824803052 ], [ -100.281047421544429, 25.742462810911281 ], [ -100.280955987900995, 25.742701130487891 ], [ -100.280965452966669, 25.74275596891983 ], [ -100.280869392250821, 25.743080012291177 ], [ -100.280846256424979, 25.743128666576503 ], [ -100.280888649960062, 25.743196490653116 ], [ -100.280793074031024, 25.743145441911519 ], [ -100.280484684556242, 25.743122446863349 ], [ -100.280473459211422, 25.743415268845457 ], [ -100.280471002295769, 25.743479365266868 ], [ -100.280132253707308, 25.743469450776633 ], [ -100.28011587694705, 25.743820359943914 ], [ -100.280104677793119, 25.743845676027028 ], [ -100.280063700902943, 25.743858669974848 ], [ -100.280027423646146, 25.744238999994163 ], [ -100.280053720835966, 25.744274049110082 ], [ -100.280222131094391, 25.744367851620783 ], [ -100.280046997353637, 25.744644214187066 ], [ -100.279720257702039, 25.744599648587453 ], [ -100.277934259157988, 25.744563358463136 ], [ -100.277892694936298, 25.744562455667531 ], [ -100.277836835731051, 25.744161012334231 ], [ -100.277824957217803, 25.744057692857947 ], [ -100.277828079503294, 25.743922139382345 ], [ -100.277857994900387, 25.743809408075329 ], [ -100.277868624164981, 25.743571281015459 ], [ -100.277901760005037, 25.743441113144481 ], [ -100.27791494738716, 25.743389668190307 ], [ -100.278008459307614, 25.743023300007895 ], [ -100.278085925419916, 25.742701417909757 ], [ -100.278116053374475, 25.742607288629408 ], [ -100.278511359357623, 25.742513282312483 ], [ -100.280019654485002, 25.742507824803052 ] ] ] ] } },
{ "type": "Feature", "properties": { "CVEGEO": "1904600010322", "CVE_ENT": "19", "CVE_MUN": "046", "CVE_LOC": "0001", "CVE_ASEN": "0322", "CP": "66460", "FECHA_ACT": "11\/2022", "INSTITUCIO": "SECRETARÍA OBRAS PÚBLICAS Y DESARROLLO URBANO DEL MUNICIPIO DE SAN NICOLÁS DE LOS GARZA", "NOM_ASEN": "LAS PUENTES SEXTO SECTOR", "TIPO": "COLONIA", "Shape_Leng": 1771.84089283, "Shape_Area": 183404.08201799999 }, "geometry": { "type": "MultiPolygon", "coordinates": [ [ [ [ -100.27789669296466, 25.745042379840573 ], [ -100.277912351929089, 25.74526030430642 ], [ -100.277915842386676, 25.745356813404708 ], [ -100.277886236626159, 25.745431364203789 ], [ -100.277721516855237, 25.74556332425491 ], [ -100.277545822887561, 25.745804906160867 ], [ -100.277278932195372, 25.746149009654015 ], [ -100.277045690277561, 25.746473320698044 ], [ -100.277008440659756, 25.746524750350527 ], [ -100.276962767853618, 25.746699128080049 ], [ -100.276236361286621, 25.74675394496985 ], [ -100.275842291205223, 25.746784981487345 ], [ -100.275767481414007, 25.746807039617849 ], [ -100.275650644581873, 25.746818191458487 ], [ -100.27529127419217, 25.746854555758418 ], [ -100.275227132096092, 25.746860781165953 ], [ -100.275173165225084, 25.746866096098927 ], [ -100.274579291337631, 25.746913225425789 ], [ -100.274117694749918, 25.74694644240952 ], [ -100.274112190062198, 25.746601071851952 ], [ -100.273302736335751, 25.746524264414312 ], [ -100.273179535637425, 25.74645974490004 ], [ -100.273249475771408, 25.746450242162599 ], [ -100.273378188036773, 25.746403465879428 ], [ -100.273493330127053, 25.74633784829583 ], [ -100.273583704788606, 25.746264283768845 ], [ -100.273633517367756, 25.746153480044736 ], [ -100.273644820072249, 25.746128319769333 ], [ -100.273680830101426, 25.745967181296606 ], [ -100.273690885702351, 25.745921844833077 ], [ -100.273765062500715, 25.745589706821548 ], [ -100.273797640826388, 25.745445849089243 ], [ -100.273849363911737, 25.745209413989791 ], [ -100.273901488956554, 25.744988837564545 ], [ -100.273934618922297, 25.744841729621633 ], [ -100.274020778897807, 25.74445112600835 ], [ -100.274161450069329, 25.743879584773694 ], [ -100.274277453619405, 25.743337236438347 ], [ -100.274375524269985, 25.742924447036966 ], [ -100.274396126257358, 25.742811232920786 ], [ -100.274452553109597, 25.742577959417559 ], [ -100.274512603304274, 25.742423970051938 ], [ -100.274560647025481, 25.742300803965275 ], [ -100.274636571115408, 25.742129393473284 ], [ -100.274891028902232, 25.742134070560336 ], [ -100.276183973949372, 25.742330413150182 ], [ -100.27651270337023, 25.742375757043334 ], [ -100.277803135873143, 25.742553788345329 ], [ -100.278116053374475, 25.742607288629408 ], [ -100.278085925419916, 25.742701417909757 ], [ -100.278008459307614, 25.743023300007895 ], [ -100.27791494738716, 25.743389668190307 ], [ -100.277901760005037, 25.743441113144481 ], [ -100.277868624164981, 25.743571281015459 ], [ -100.277857994900387, 25.743809408075329 ], [ -100.277828079503294, 25.743922139382345 ], [ -100.277824957217803, 25.744057692857947 ], [ -100.277836835731051, 25.744161012334231 ], [ -100.277892694936298, 25.744562455667531 ], [ -100.277881065176487, 25.744622250117068 ], [ -100.277857432769451, 25.744705984888451 ], [ -100.27789669296466, 25.745042379840573 ] ] ] ] } },
{ "type": "Feature", "properties": { "CVEGEO": "1904600010323", "CVE_ENT": "19", "CVE_MUN": "046", "CVE_LOC": "0001", "CVE_ASEN": "0323", "CP": "66460", "FECHA_ACT": "11\/2022", "INSTITUCIO": "SECRETARÍA OBRAS PÚBLICAS Y DESARROLLO URBANO DEL MUNICIPIO DE SAN NICOLÁS DE LOS GARZA", "NOM_ASEN": "LAS PUENTES SÉPTIMO SECTOR", "TIPO": "COLONIA", "Shape_Leng": 2069.4906707300001, "Shape_Area": 256209.409762 }, "geometry": { "type": "MultiPolygon", "coordinates": [ [ [ [ -100.269168201588258, 25.749712717098721 ], [ -100.269129249727413, 25.749492449900401 ], [ -100.26907031978655, 25.749033369678809 ], [ -100.268999780146288, 25.748564720511752 ], [ -100.268989138714716, 25.748492690182644 ], [ -100.268877720291087, 25.748069130618248 ], [ -100.268865289698056, 25.747946501053793 ], [ -100.268935582736248, 25.747628223896097 ], [ -100.268947182264554, 25.747488596805372 ], [ -100.268989257317529, 25.746982115434665 ], [ -100.268992223693203, 25.746935379389679 ], [ -100.269018816105415, 25.74658649736212 ], [ -100.269029265925937, 25.746478417514655 ], [ -100.269060136406907, 25.746218591379083 ], [ -100.269228357702303, 25.745942741430458 ], [ -100.269188022806802, 25.745858350531485 ], [ -100.269223478917468, 25.745687483889331 ], [ -100.269342659317971, 25.745645554348854 ], [ -100.273633517367756, 25.746153480044736 ], [ -100.273583704788606, 25.746264283768845 ], [ -100.273493330127053, 25.74633784829583 ], [ -100.273378188036773, 25.746403465879428 ], [ -100.273249475771408, 25.746450242162599 ], [ -100.273179535637425, 25.74645974490004 ], [ -100.273302736335751, 25.746524264414312 ], [ -100.274112190062198, 25.746601071851952 ], [ -100.274117694749918, 25.74694644240952 ], [ -100.274111967316742, 25.747056545788734 ], [ -100.274111870077093, 25.747145410580611 ], [ -100.274128976281304, 25.747296622150557 ], [ -100.274182326790594, 25.747598264269989 ], [ -100.27419993335603, 25.747669019660552 ], [ -100.274277351307475, 25.747838525904868 ], [ -100.274276031035598, 25.748082986309594 ], [ -100.274293520840033, 25.748137965892408 ], [ -100.274303601296438, 25.748451426019297 ], [ -100.274313621120825, 25.748706815841583 ], [ -100.274316800930677, 25.748823646282624 ], [ -100.274345021362663, 25.749207016565926 ], [ -100.274344989837417, 25.749596676348208 ], [ -100.274335339858155, 25.749990096809555 ], [ -100.274324328422637, 25.750213719979648 ], [ -100.274305643626278, 25.750236670151306 ], [ -100.274158320090663, 25.75034552038553 ], [ -100.274032230812864, 25.750388783056305 ], [ -100.273846075198747, 25.750420525090018 ], [ -100.273692897021846, 25.750421864741252 ], [ -100.273406392965484, 25.750412325141234 ], [ -100.273080057973999, 25.750415179212688 ], [ -100.271719242844512, 25.750387214717666 ], [ -100.27152922191064, 25.750384404287395 ], [ -100.269303100017282, 25.750656660201088 ], [ -100.269247520038249, 25.7502504877191 ], [ -100.269197383916904, 25.749877737534035 ], [ -100.269168201588258, 25.749712717098721 ] ] ] ] } },
{ "type": "Feature", "properties": { "CVEGEO": "1904600010324", "CVE_ENT": "19", "CVE_MUN": "046", "CVE_LOC": "0001", "CVE_ASEN": "0324", "CP": "66460", "FECHA_ACT": "11\/2022", "INSTITUCIO": "SECRETARÍA OBRAS PÚBLICAS Y DESARROLLO URBANO DEL MUNICIPIO DE SAN NICOLÁS DE LOS GARZA", "NOM_ASEN": "LAS PUENTES OCTAVO SECTOR", "TIPO": "COLONIA", "Shape_Leng": 1984.1740794100001, "Shape_Area": 151030.35520300001 }, "geometry": { "type": "MultiPolygon", "coordinates": [ [ [ [ -100.269168201588258, 25.749712717098721 ], [ -100.269197383916904, 25.749877737534035 ], [ -100.269247520038249, 25.7502504877191 ], [ -100.269303100017282, 25.750656660201088 ], [ -100.267288986383221, 25.750909142962627 ], [ -100.267046681335543, 25.750937844588549 ], [ -100.267030338140145, 25.750886979190458 ], [ -100.267113031792519, 25.748317903485013 ], [ -100.267145999609355, 25.746718716616343 ], [ -100.267147414220062, 25.746648719040788 ], [ -100.267161604354015, 25.746056983037775 ], [ -100.267166695687663, 25.745836008441312 ], [ -100.267168030443827, 25.745785356241637 ], [ -100.267215278776504, 25.743978466815488 ], [ -100.267216435275714, 25.743932465503594 ], [ -100.267217614649965, 25.743888953250735 ], [ -100.267221856027518, 25.743726720865315 ], [ -100.267436726888349, 25.743768027688958 ], [ -100.267474477589559, 25.743775284958623 ], [ -100.267519588258907, 25.743783956035241 ], [ -100.269351651379594, 25.744136138869418 ], [ -100.269465942600561, 25.744165956649049 ], [ -100.26936191276252, 25.744272155974141 ], [ -100.269323339297216, 25.744328506271618 ], [ -100.269305538178799, 25.744364126439798 ], [ -100.269283579684128, 25.744438095398362 ], [ -100.269261463313399, 25.744696919245914 ], [ -100.269277168922358, 25.744927614947592 ], [ -100.269263497760164, 25.745100548320433 ], [ -100.269243202560446, 25.745403064873379 ], [ -100.26923234578976, 25.745494807130147 ], [ -100.269223478917468, 25.745687483889331 ], [ -100.269188022806802, 25.745858350531485 ], [ -100.269228357702303, 25.745942741430458 ], [ -100.269060136406907, 25.746218591379083 ], [ -100.269029265925937, 25.746478417514655 ], [ -100.269018816105415, 25.74658649736212 ], [ -100.268992223693203, 25.746935379389679 ], [ -100.268989257317529, 25.746982115434665 ], [ -100.268947182264554, 25.747488596805372 ], [ -100.268935582736248, 25.747628223896097 ], [ -100.268865289698056, 25.747946501053793 ], [ -100.268877720291087, 25.748069130618248 ], [ -100.268989138714716, 25.748492690182644 ], [ -100.268999780146288, 25.748564720511752 ], [ -100.26907031978655, 25.749033369678809 ], [ -100.269129249727413, 25.749492449900401 ], [ -100.269168201588258, 25.749712717098721 ] ] ] ] } },
{ "type": "Feature", "properties": { "CVEGEO": "1904600010325", "CVE_ENT": "19", "CVE_MUN": "046", "CVE_LOC": "0001", "CVE_ASEN": "0325", "CP": "66460", "FECHA_ACT": "11\/2022", "INSTITUCIO": "SECRETARÍA OBRAS PÚBLICAS Y DESARROLLO URBANO DEL MUNICIPIO DE SAN NICOLÁS DE LOS GARZA", "NOM_ASEN": "LAS PUENTES NOVENO SECTOR", "TIPO": "COLONIA", "Shape_Leng": 1556.7143302100001, "Shape_Area": 145537.23645900001 }, "geometry": { "type": "MultiPolygon", "coordinates": [ [ [ [ -100.267221856027518, 25.743726720865315 ], [ -100.267213246791229, 25.743338069172367 ], [ -100.267212396714243, 25.743299697342298 ], [ -100.267213936189904, 25.743258919081889 ], [ -100.267280552922145, 25.741493022190191 ], [ -100.267281365696817, 25.741425789533547 ], [ -100.267323571100974, 25.739438310276942 ], [ -100.267603480909401, 25.739519805215838 ], [ -100.267656948718667, 25.739528279304849 ], [ -100.269237461345099, 25.739782728014998 ], [ -100.269324901280626, 25.739792619543621 ], [ -100.270876762296623, 25.740038542924569 ], [ -100.270965395301531, 25.740040229119248 ], [ -100.27091844453291, 25.740219969751578 ], [ -100.270802694742656, 25.740598509706579 ], [ -100.270695144574461, 25.740962949865999 ], [ -100.270617064881975, 25.741224689831498 ], [ -100.270589582880532, 25.74131481421108 ], [ -100.270578771978506, 25.741350258799056 ], [ -100.270542385358397, 25.741469540364029 ], [ -100.270415722775624, 25.741884761193621 ], [ -100.270283170846923, 25.742321336307032 ], [ -100.270211468820733, 25.742552769984588 ], [ -100.270100702318032, 25.742915808121236 ], [ -100.270090109145087, 25.742950600156501 ], [ -100.269978399200099, 25.743316749689264 ], [ -100.269875564477374, 25.743653890354871 ], [ -100.269836499005876, 25.743781940188079 ], [ -100.269772847880859, 25.74388582008072 ], [ -100.269642369276568, 25.744011369896096 ], [ -100.269465942600561, 25.744165956649049 ], [ -100.269351651379594, 25.744136138869418 ], [ -100.267519588258907, 25.743783956035241 ], [ -100.267474477589559, 25.743775284958623 ], [ -100.267436726888349, 25.743768027688958 ], [ -100.267221856027518, 25.743726720865315 ] ] ] ] } },
{ "type": "Feature", "properties": { "CVEGEO": "1904600010326", "CVE_ENT": "19", "CVE_MUN": "046", "CVE_LOC": "0001", "CVE_ASEN": "0326", "CP": "66420", "FECHA_ACT": "11\/2022", "INSTITUCIO": "SECRETARÍA OBRAS PÚBLICAS Y DESARROLLO URBANO DEL MUNICIPIO DE SAN NICOLÁS DE LOS GARZA", "NOM_ASEN": "RESIDENCIAL LAS VILLAS", "TIPO": "COLONIA", "Shape_Leng": 920.12279495799999, "Shape_Area": 50934.178122500001 }, "geometry": { "type": "MultiPolygon", "coordinates": [ [ [ [ -100.299054941108935, 25.757813163985503 ], [ -100.299577024733125, 25.757799014498595 ], [ -100.30003018374758, 25.75787990865814 ], [ -100.300603703423619, 25.758002686254397 ], [ -100.30109409630883, 25.758093536531725 ], [ -100.301464859447734, 25.758176196469005 ], [ -100.301515127642531, 25.759776300041924 ], [ -100.30151337216337, 25.759805301158291 ], [ -100.301520691066912, 25.75983353795657 ], [ -100.301525148793402, 25.760035665983299 ], [ -100.301387565457617, 25.760024696062469 ], [ -100.300948661661053, 25.760139875282835 ], [ -100.299873925369255, 25.760418350501801 ], [ -100.299814374283443, 25.760225578851813 ], [ -100.299711843336766, 25.759909621361427 ], [ -100.299592124807603, 25.759526870059215 ], [ -100.299485242891862, 25.759186677980381 ], [ -100.299376214659219, 25.758846446355673 ], [ -100.299267445172816, 25.758493842393769 ], [ -100.299158088010699, 25.758144705702193 ], [ -100.299054941108935, 25.757813163985503 ] ] ] ] } },
{ "type": "Feature", "properties": { "CVEGEO": "1904600010327", "CVE_ENT": "19", "CVE_MUN": "046", "CVE_LOC": "0001", "CVE_ASEN": "0327", "CP": "66473", "FECHA_ACT": "11\/2022", "INSTITUCIO": "SECRETARÍA OBRAS PÚBLICAS Y DESARROLLO URBANO DEL MUNICIPIO DE SAN NICOLÁS DE LOS GARZA", "NOM_ASEN": "CIPRESES RESIDENCIAL PRIMER SECTOR", "TIPO": "FRACCIONAMIENTO", "Shape_Leng": 1153.5200357399999, "Shape_Area": 26916.16083 }, "geometry": { "type": "MultiPolygon", "coordinates": [ [ [ [ -100.210575027880338, 25.717756670180787 ], [ -100.210713471912371, 25.71752069069306 ], [ -100.210949479055216, 25.717173328027013 ], [ -100.210976192494087, 25.717065020940822 ], [ -100.210958534541604, 25.71664808150301 ], [ -100.210947163837204, 25.71656710985128 ], [ -100.211029245352051, 25.716229154612002 ], [ -100.211076070885213, 25.716136332684712 ], [ -100.211091587126646, 25.715727920168309 ], [ -100.211083343121373, 25.715624350781617 ], [ -100.211442748148116, 25.715553515803649 ], [ -100.21143068772939, 25.715745756100002 ], [ -100.211364484728634, 25.71611867911869 ], [ -100.211302554323751, 25.716572208627753 ], [ -100.211136452985173, 25.71770349422685 ], [ -100.211123421238739, 25.717946012251414 ], [ -100.211121412529039, 25.717983398859282 ], [ -100.211110092322485, 25.718382586458599 ], [ -100.211522872276149, 25.718385120464269 ], [ -100.211642525733879, 25.718381574210891 ], [ -100.211837880749215, 25.718345223277701 ], [ -100.212045781509659, 25.71829651500272 ], [ -100.212045409675909, 25.718336191282916 ], [ -100.212039130448858, 25.719007491976988 ], [ -100.211822424877681, 25.719005744655739 ], [ -100.210416138711636, 25.718994019443468 ], [ -100.210441966965064, 25.719070401599343 ], [ -100.210427846844411, 25.719145416088661 ], [ -100.210206035476745, 25.719120340063998 ], [ -100.210162620065944, 25.718992412440905 ], [ -100.210019117016685, 25.718569560950932 ], [ -100.209999058708192, 25.718510457429197 ], [ -100.210222914626598, 25.718464816277027 ], [ -100.21020967845115, 25.718375660381682 ], [ -100.210439298469581, 25.717988021717876 ], [ -100.210575027880338, 25.717756670180787 ] ] ] ] } },
{ "type": "Feature", "properties": { "CVEGEO": "1904600010328", "CVE_ENT": "19", "CVE_MUN": "046", "CVE_LOC": "0001", "CVE_ASEN": "0328", "CP": "66473", "FECHA_ACT": "11\/2022", "INSTITUCIO": "SECRETARÍA OBRAS PÚBLICAS Y DESARROLLO URBANO DEL MUNICIPIO DE SAN NICOLÁS DE LOS GARZA", "NOM_ASEN": "CIPRESES RESIDENCIAL SEGUNDO SECTOR", "TIPO": "FRACCIONAMIENTO", "Shape_Leng": 420.80818065599999, "Shape_Area": 9738.0017594399997 }, "geometry": { "type": "MultiPolygon", "coordinates": [ [ [ [ -100.210416138711636, 25.718994019443468 ], [ -100.211822424877681, 25.719005744655739 ], [ -100.211819510944835, 25.719205657772704 ], [ -100.211811169242225, 25.719622402333325 ], [ -100.210406313492214, 25.719633700817862 ], [ -100.210373769416577, 25.71955536342368 ], [ -100.210414275509251, 25.719293981853006 ], [ -100.210429562733651, 25.71919530181507 ], [ -100.210427846844411, 25.719145416088661 ], [ -100.210441966965064, 25.719070401599343 ], [ -100.210416138711636, 25.718994019443468 ] ] ] ] } },
{ "type": "Feature", "properties": { "CVEGEO": "1904600010329", "CVE_ENT": "19", "CVE_MUN": "046", "CVE_LOC": "0001", "CVE_ASEN": "0329", "CP": "66473", "FECHA_ACT": "11\/2022", "INSTITUCIO": "SECRETARÍA OBRAS PÚBLICAS Y DESARROLLO URBANO DEL MUNICIPIO DE SAN NICOLÁS DE LOS GARZA", "NOM_ASEN": "CIPRESES RESIDENCIAL TERCER SECTOR", "TIPO": "FRACCIONAMIENTO", "Shape_Leng": 1301.2522389000001, "Shape_Area": 28466.121871 }, "geometry": { "type": "MultiPolygon", "coordinates": [ [ [ [ -100.210027536456749, 25.719758981503631 ], [ -100.210086038520586, 25.719614887502768 ], [ -100.210105584354622, 25.719252631177682 ], [ -100.209751303525564, 25.719200627478699 ], [ -100.209608656142237, 25.718786242439666 ], [ -100.209337817036996, 25.718831177164947 ], [ -100.2092766973702, 25.718510939541488 ], [ -100.208957889949318, 25.718385162454105 ], [ -100.209093678906697, 25.718077807897096 ], [ -100.209112404689947, 25.718073745830058 ], [ -100.209307591847789, 25.718031433330832 ], [ -100.210575027880338, 25.717756670180787 ], [ -100.210439298469581, 25.717988021717876 ], [ -100.21020967845115, 25.718375660381682 ], [ -100.210222914626598, 25.718464816277027 ], [ -100.209999058708192, 25.718510457429197 ], [ -100.210019117016685, 25.718569560950932 ], [ -100.210162620065944, 25.718992412440905 ], [ -100.210206035476745, 25.719120340063998 ], [ -100.210427846844411, 25.719145416088661 ], [ -100.210429562733651, 25.71919530181507 ], [ -100.210414275509251, 25.719293981853006 ], [ -100.210373769416577, 25.71955536342368 ], [ -100.210406313492214, 25.719633700817862 ], [ -100.211811169242225, 25.719622402333325 ], [ -100.211819510944835, 25.719205657772704 ], [ -100.211822424877681, 25.719005744655739 ], [ -100.212039130448858, 25.719007491976988 ], [ -100.212037300118283, 25.719203194231667 ], [ -100.212031847170067, 25.719825947236323 ], [ -100.212025139846901, 25.720468248421124 ], [ -100.21202367971452, 25.720507261099584 ], [ -100.211777349632001, 25.720440608258929 ], [ -100.211206762450473, 25.720297933031642 ], [ -100.210814732554539, 25.720165600209029 ], [ -100.210228395487235, 25.719903136121456 ], [ -100.210018693502178, 25.719808802251535 ], [ -100.210027536456749, 25.719758981503631 ] ] ] ] } },
{ "type": "Feature", "properties": { "CVEGEO": "1904600010330", "CVE_ENT": "19", "CVE_MUN": "046", "CVE_LOC": "0001", "CVE_ASEN": "0330", "CP": "66473", "FECHA_ACT": "11\/2022", "INSTITUCIO": "SECRETARÍA OBRAS PÚBLICAS Y DESARROLLO URBANO DEL MUNICIPIO DE SAN NICOLÁS DE LOS GARZA", "NOM_ASEN": "CIPRESES RESIDENCIAL CUARTO SECTOR", "TIPO": "FRACCIONAMIENTO", "Shape_Leng": 844.87243434300001, "Shape_Area": 39676.231323699998 }, "geometry": { "type": "MultiPolygon", "coordinates": [ [ [ [ -100.209246285411552, 25.715993938098809 ], [ -100.209774018405383, 25.715882396987471 ], [ -100.211083343121373, 25.715624350781617 ], [ -100.211091587126646, 25.715727920168309 ], [ -100.211076070885213, 25.716136332684712 ], [ -100.211029245352051, 25.716229154612002 ], [ -100.210947163837204, 25.71656710985128 ], [ -100.210958534541604, 25.71664808150301 ], [ -100.210976192494087, 25.717065020940822 ], [ -100.210949479055216, 25.717173328027013 ], [ -100.210713471912371, 25.71752069069306 ], [ -100.210575027880338, 25.717756670180787 ], [ -100.209307591847789, 25.718031433330832 ], [ -100.209112404689947, 25.718073745830058 ], [ -100.209093678906697, 25.718077807897096 ], [ -100.209192337982799, 25.717854422710356 ], [ -100.209058150217388, 25.717837138858282 ], [ -100.209194395886186, 25.717467175528562 ], [ -100.209129726232064, 25.717377949212608 ], [ -100.209218890840873, 25.717025838532805 ], [ -100.209131123727786, 25.717012328772476 ], [ -100.209243943091494, 25.71658589905989 ], [ -100.209246924922681, 25.716212820606934 ], [ -100.209246285411552, 25.715993938098809 ] ] ] ] } },
{ "type": "Feature", "properties": { "CVEGEO": "1904600010331", "CVE_ENT": "19", "CVE_MUN": "046", "CVE_LOC": "0001", "CVE_ASEN": "0331", "CP": "66473", "FECHA_ACT": "11\/2022", "INSTITUCIO": "SECRETARÍA OBRAS PÚBLICAS Y DESARROLLO URBANO DEL MUNICIPIO DE SAN NICOLÁS DE LOS GARZA", "NOM_ASEN": "CIPRESES RESIDENCIAL QUINTO SECTOR", "TIPO": "FRACCIONAMIENTO", "Shape_Leng": 796.33041835999995, "Shape_Area": 34425.664248900001 }, "geometry": { "type": "MultiPolygon", "coordinates": [ [ [ [ -100.207243494022919, 25.717479604946238 ], [ -100.207353277757889, 25.717367688592244 ], [ -100.207502611658811, 25.717123392498003 ], [ -100.207616101630094, 25.716784318055744 ], [ -100.207684514571099, 25.716561187938275 ], [ -100.207691060693506, 25.716538990038654 ], [ -100.207750144003853, 25.716338621250795 ], [ -100.207882620100435, 25.71628091213654 ], [ -100.208181305031218, 25.716219025263769 ], [ -100.208308409164715, 25.716192162797533 ], [ -100.208995540275993, 25.716046934455981 ], [ -100.209246285411552, 25.715993938098809 ], [ -100.209246924922681, 25.716212820606934 ], [ -100.209243943091494, 25.71658589905989 ], [ -100.209131123727786, 25.717012328772476 ], [ -100.209218890840873, 25.717025838532805 ], [ -100.209129726232064, 25.717377949212608 ], [ -100.209194395886186, 25.717467175528562 ], [ -100.209058150217388, 25.717837138858282 ], [ -100.209192337982799, 25.717854422710356 ], [ -100.209093678906697, 25.718077807897096 ], [ -100.208957889949318, 25.718385162454105 ], [ -100.207243075518363, 25.717572912198111 ], [ -100.207313902955406, 25.717515773494149 ], [ -100.207243494022919, 25.717479604946238 ] ] ] ] } },
{ "type": "Feature", "properties": { "CVEGEO": "1904600010332", "CVE_ENT": "19", "CVE_MUN": "046", "CVE_LOC": "0001", "CVE_ASEN": "0332", "CP": "67288", "FECHA_ACT": "11\/2022", "INSTITUCIO": "SECRETARÍA OBRAS PÚBLICAS Y DESARROLLO URBANO DEL MUNICIPIO DE SAN NICOLÁS DE LOS GARZA", "NOM_ASEN": "LOS LAURELES", "TIPO": "COLONIA", "Shape_Leng": 1628.22094745, "Shape_Area": 101758.234039 }, "geometry": { "type": "MultiPolygon", "coordinates": [ [ [ [ -100.23011179259673, 25.719028800939622 ], [ -100.230117312311194, 25.718995680156677 ], [ -100.23030719148953, 25.717856360520649 ], [ -100.230320160724915, 25.717778537816397 ], [ -100.230435720905305, 25.717003357914919 ], [ -100.230474605911525, 25.716741671843106 ], [ -100.231187862751042, 25.716856631448923 ], [ -100.231289068474936, 25.716871345758399 ], [ -100.23295161244279, 25.717152510895509 ], [ -100.232990298515148, 25.717159052400849 ], [ -100.232982607487145, 25.717319480602914 ], [ -100.232988163330972, 25.717361528705382 ], [ -100.232987330149399, 25.717799693024588 ], [ -100.233032422211664, 25.718274902815175 ], [ -100.233050646680809, 25.718720047712495 ], [ -100.233062533589262, 25.718919130179696 ], [ -100.233090175560903, 25.719321632025743 ], [ -100.233109988039232, 25.719745159993508 ], [ -100.233116240119017, 25.720385503101156 ], [ -100.232183994290665, 25.720771763487541 ], [ -100.231916723590587, 25.7208824992723 ], [ -100.2315370245949, 25.72104724534999 ], [ -100.230744801417785, 25.721390976380896 ], [ -100.230833597454421, 25.720698606001672 ], [ -100.230874493413239, 25.720256482196184 ], [ -100.231474237207252, 25.72003209210876 ], [ -100.231418301990686, 25.719933037327127 ], [ -100.231388323602303, 25.719844766726919 ], [ -100.231386151352368, 25.719749849895656 ], [ -100.231408478798883, 25.71962858567322 ], [ -100.232024058552909, 25.719342429839845 ], [ -100.231921462503166, 25.719320692876011 ], [ -100.230772598305364, 25.719136276877222 ], [ -100.230332548500428, 25.719064712431027 ], [ -100.23011179259673, 25.719028800939622 ] ] ] ] } },
{ "type": "Feature", "properties": { "CVEGEO": "1904600010333", "CVE_ENT": "19", "CVE_MUN": "046", "CVE_LOC": "0001", "CVE_ASEN": "0333", "CP": "66440", "FECHA_ACT": "11\/2022", "INSTITUCIO": "SECRETARÍA OBRAS PÚBLICAS Y DESARROLLO URBANO DEL MUNICIPIO DE SAN NICOLÁS DE LOS GARZA", "NOM_ASEN": "LOS MORALES", "TIPO": "COLONIA", "Shape_Leng": 1038.3699047099999, "Shape_Area": 35533.471085800003 }, "geometry": { "type": "MultiPolygon", "coordinates": [ [ [ [ -100.247674859583299, 25.73981502883321 ], [ -100.247548399086057, 25.740172249205123 ], [ -100.247548492475843, 25.740173120963632 ], [ -100.247553188089796, 25.740217370383984 ], [ -100.247476516629121, 25.740350745870437 ], [ -100.24738699916783, 25.740506483729941 ], [ -100.247116930605586, 25.74038989010765 ], [ -100.246827826347115, 25.740736102205378 ], [ -100.246654879889093, 25.741037417082755 ], [ -100.246526338607495, 25.741075119162527 ], [ -100.246347974057926, 25.740739358016306 ], [ -100.246321567951185, 25.740683946886218 ], [ -100.246227771309506, 25.740485925632228 ], [ -100.246077810545046, 25.740193527783152 ], [ -100.245953934695194, 25.739968411906794 ], [ -100.245704789822241, 25.739475505088784 ], [ -100.245664034116231, 25.739400262756302 ], [ -100.24551421060626, 25.739104191328213 ], [ -100.245035414451394, 25.738227976013668 ], [ -100.245454539095732, 25.738059609236021 ], [ -100.245499321549332, 25.738041618839546 ], [ -100.245876006847979, 25.737889101362825 ], [ -100.246408619958174, 25.73767346073231 ], [ -100.246194624526609, 25.738537459863768 ], [ -100.246087587516314, 25.738877286891107 ], [ -100.246531356635074, 25.739309160322616 ], [ -100.246706247232822, 25.739447167757668 ], [ -100.247597725401008, 25.739777416088518 ], [ -100.247674859583299, 25.73981502883321 ] ] ] ] } },
{ "type": "Feature", "properties": { "CVEGEO": "1904600010334", "CVE_ENT": "19", "CVE_MUN": "046", "CVE_LOC": "0001", "CVE_ASEN": "0334", "CP": "66448", "FECHA_ACT": "11\/2022", "INSTITUCIO": "SECRETARÍA OBRAS PÚBLICAS Y DESARROLLO URBANO DEL MUNICIPIO DE SAN NICOLÁS DE LOS GARZA", "NOM_ASEN": "LOS NARANJOS PRIMER SECTOR", "TIPO": "COLONIA", "Shape_Leng": 1177.89450936, "Shape_Area": 63962.599664200003 }, "geometry": { "type": "MultiPolygon", "coordinates": [ [ [ [ -100.245791208378208, 25.745996710350042 ], [ -100.246143313833684, 25.745715594523269 ], [ -100.246191812778548, 25.745676359672668 ], [ -100.246490371015582, 25.745433830599566 ], [ -100.246516967956495, 25.745410274611118 ], [ -100.246868252989444, 25.745130051362754 ], [ -100.247025696487682, 25.745000888641634 ], [ -100.248371229536716, 25.745601296537213 ], [ -100.248664002166549, 25.74587516212814 ], [ -100.248694606257502, 25.745923538991665 ], [ -100.248722894979139, 25.745960028484209 ], [ -100.249168246263494, 25.746601778188165 ], [ -100.249980264423556, 25.746888061307033 ], [ -100.24979591850331, 25.747240551147073 ], [ -100.2495787491996, 25.747665510830309 ], [ -100.249358230073028, 25.748091909647115 ], [ -100.249129119121463, 25.748516484289834 ], [ -100.247902611403674, 25.747255171218583 ], [ -100.247502035842828, 25.746838090713958 ], [ -100.245791208378208, 25.745996710350042 ] ] ] ] } },
{ "type": "Feature", "properties": { "CVEGEO": "1904600010335", "CVE_ENT": "19", "CVE_MUN": "046", "CVE_LOC": "0001", "CVE_ASEN": "0335", "CP": "66448", "FECHA_ACT": "11\/2022", "INSTITUCIO": "SECRETARÍA OBRAS PÚBLICAS Y DESARROLLO URBANO DEL MUNICIPIO DE SAN NICOLÁS DE LOS GARZA", "NOM_ASEN": "LOS NARANJOS SEGUNDO SECTOR", "TIPO": "COLONIA", "Shape_Leng": 1061.05784113, "Shape_Area": 47273.871314600001 }, "geometry": { "type": "MultiPolygon", "coordinates": [ [ [ [ -100.250160032944791, 25.746513834204993 ], [ -100.250349691250136, 25.746141084734145 ], [ -100.250547149187497, 25.745770628745014 ], [ -100.250724403013876, 25.745437580695238 ], [ -100.250922743357108, 25.745065098487348 ], [ -100.251116624699634, 25.744697174252376 ], [ -100.251217053651544, 25.74452053466354 ], [ -100.251267232179501, 25.744540128593581 ], [ -100.252847088216342, 25.745141560486783 ], [ -100.252877695017403, 25.745141295932157 ], [ -100.252931099640733, 25.745140277941488 ], [ -100.253042100983691, 25.74495418869088 ], [ -100.253148289163931, 25.744757804382406 ], [ -100.253484716853976, 25.744874037916187 ], [ -100.25362348185115, 25.744928920881353 ], [ -100.253141596886834, 25.745829794794577 ], [ -100.252903662506682, 25.745789395087979 ], [ -100.252278741185947, 25.745683289559118 ], [ -100.252184881334571, 25.745948282335682 ], [ -100.252158046325889, 25.746020408319236 ], [ -100.252064152773542, 25.746301859012831 ], [ -100.252027493394678, 25.746384225383899 ], [ -100.251887468888754, 25.74676997233971 ], [ -100.251677477891391, 25.747106848409228 ], [ -100.251613819432862, 25.747118110709128 ], [ -100.251196738639521, 25.746916379639135 ], [ -100.251141969315654, 25.746913821098211 ], [ -100.25021602934126, 25.746519260070311 ], [ -100.250160032944791, 25.746513834204993 ] ] ] ] } },
{ "type": "Feature", "properties": { "CVEGEO": "1904600010336", "CVE_ENT": "19", "CVE_MUN": "046", "CVE_LOC": "0001", "CVE_ASEN": "0336", "CP": "66448", "FECHA_ACT": "11\/2022", "INSTITUCIO": "SECRETARÍA OBRAS PÚBLICAS Y DESARROLLO URBANO DEL MUNICIPIO DE SAN NICOLÁS DE LOS GARZA", "NOM_ASEN": "LOS NARANJOS TERCER SECTOR", "TIPO": "COLONIA", "Shape_Leng": 1157.81125365, "Shape_Area": 76865.725070400003 }, "geometry": { "type": "MultiPolygon", "coordinates": [ [ [ [ -100.247025696487682, 25.745000888641634 ], [ -100.247247012029874, 25.744819329615787 ], [ -100.24761021265769, 25.744525506318524 ], [ -100.247788015623499, 25.744383801139666 ], [ -100.247930918524062, 25.74427909078506 ], [ -100.248608554170076, 25.743734538326873 ], [ -100.248740319278241, 25.743621811278373 ], [ -100.248797344226148, 25.743641918906157 ], [ -100.251170625281034, 25.744504018775672 ], [ -100.251217053651544, 25.74452053466354 ], [ -100.251116624699634, 25.744697174252376 ], [ -100.250922743357108, 25.745065098487348 ], [ -100.250724403013876, 25.745437580695238 ], [ -100.250547149187497, 25.745770628745014 ], [ -100.250349691250136, 25.746141084734145 ], [ -100.250160032944791, 25.746513834204993 ], [ -100.25005751387954, 25.746705192154398 ], [ -100.249980264423556, 25.746888061307033 ], [ -100.249168246263494, 25.746601778188165 ], [ -100.248722894979139, 25.745960028484209 ], [ -100.248694606257502, 25.745923538991665 ], [ -100.248664002166549, 25.74587516212814 ], [ -100.248371229536716, 25.745601296537213 ], [ -100.247025696487682, 25.745000888641634 ] ] ] ] } },
{ "type": "Feature", "properties": { "CVEGEO": "1904600010337", "CVE_ENT": "19", "CVE_MUN": "046", "CVE_LOC": "0001", "CVE_ASEN": "0337", "CP": "66430", "FECHA_ACT": "11\/2022", "INSTITUCIO": "SECRETARÍA OBRAS PÚBLICAS Y DESARROLLO URBANO DEL MUNICIPIO DE SAN NICOLÁS DE LOS GARZA", "NOM_ASEN": "LOS NOGALES", "TIPO": "COLONIA", "Shape_Leng": 540.41500821600005, "Shape_Area": 17301.259237499999 }, "geometry": { "type": "MultiPolygon", "coordinates": [ [ [ [ -100.282172773857951, 25.750972027829693 ], [ -100.282196256478997, 25.750505060550591 ], [ -100.282220891288517, 25.750484203864499 ], [ -100.282258841719738, 25.750436432324566 ], [ -100.282390923392143, 25.750332276253012 ], [ -100.282445540529253, 25.750275147475467 ], [ -100.283031538396557, 25.750451520134352 ], [ -100.283390031019238, 25.750568748302715 ], [ -100.2833080942507, 25.750781847344548 ], [ -100.283293678349764, 25.750823369284149 ], [ -100.283276825714736, 25.750864059394111 ], [ -100.282906013092756, 25.75196785629721 ], [ -100.282638031304245, 25.751942954856627 ], [ -100.282143889895991, 25.751769958344884 ], [ -100.282027927459254, 25.751736294381363 ], [ -100.281916880048598, 25.751695629962931 ], [ -100.281957395097706, 25.751573265235113 ], [ -100.282044136214779, 25.751545189705379 ], [ -100.282050252453601, 25.751463424321187 ], [ -100.282172773857951, 25.750972027829693 ] ] ] ] } },
{ "type": "Feature", "properties": { "CVEGEO": "1904600010338", "CVE_ENT": "19", "CVE_MUN": "046", "CVE_LOC": "0001", "CVE_ASEN": "0338", "CP": "66636", "FECHA_ACT": "11\/2022", "INSTITUCIO": "SECRETARÍA OBRAS PÚBLICAS Y DESARROLLO URBANO DEL MUNICIPIO DE SAN NICOLÁS DE LOS GARZA", "NOM_ASEN": "LOS PINOS", "TIPO": "FRACCIONAMIENTO", "Shape_Leng": 1072.9540381500001, "Shape_Area": 60939.534787800003 }, "geometry": { "type": "MultiPolygon", "coordinates": [ [ [ [ -100.224317517317374, 25.72735963566921 ], [ -100.225252884164149, 25.727346174450389 ], [ -100.22548177873378, 25.727342878910711 ], [ -100.225549807803361, 25.727342025058032 ], [ -100.226070246870179, 25.727328702654546 ], [ -100.226087931622146, 25.72752925521587 ], [ -100.226103417776713, 25.727689894363497 ], [ -100.2263545968503, 25.730331641134718 ], [ -100.226366652505121, 25.730456378129517 ], [ -100.226167839297858, 25.730528923300955 ], [ -100.226137203167539, 25.730542138115535 ], [ -100.22560659878306, 25.730749767151373 ], [ -100.225455857040515, 25.730852478650814 ], [ -100.22528115093526, 25.730876270609102 ], [ -100.224757896813969, 25.729577635531747 ], [ -100.224452777998536, 25.728729832180438 ], [ -100.224329117597136, 25.728386476966818 ], [ -100.224194916758577, 25.728023847159179 ], [ -100.224110801045498, 25.727786985225023 ], [ -100.224044175956834, 25.727637079114459 ], [ -100.223983493177386, 25.727472366360868 ], [ -100.224317517317374, 25.72735963566921 ] ] ] ] } },
{ "type": "Feature", "properties": { "CVEGEO": "1904600010339", "CVE_ENT": "19", "CVE_MUN": "046", "CVE_LOC": "0001", "CVE_ASEN": "0339", "CP": "66476", "FECHA_ACT": "11\/2022", "INSTITUCIO": "SECRETARÍA OBRAS PÚBLICAS Y DESARROLLO URBANO DEL MUNICIPIO DE SAN NICOLÁS DE LOS GARZA", "NOM_ASEN": "LOS REALES PRIMER SECTOR", "TIPO": "FRACCIONAMIENTO", "Shape_Leng": 1402.5925834100001, "Shape_Area": 59077.610370900002 }, "geometry": { "type": "MultiPolygon", "coordinates": [ [ [ [ -100.239774424341249, 25.72826756585005 ], [ -100.239756276080726, 25.728202666742821 ], [ -100.2396587829884, 25.727854005741424 ], [ -100.239637265358127, 25.727777058445753 ], [ -100.239409322036607, 25.72696187462866 ], [ -100.239064114833027, 25.725623434161484 ], [ -100.238956973723461, 25.725182664134547 ], [ -100.238856198707367, 25.724765311304992 ], [ -100.238750159969044, 25.724381593589662 ], [ -100.23871837652365, 25.724303270986479 ], [ -100.238454917273103, 25.723356431881932 ], [ -100.238449136803226, 25.723296537021422 ], [ -100.238389610102431, 25.723075505538016 ], [ -100.23859278328213, 25.723003279007074 ], [ -100.238638280438323, 25.722993339956563 ], [ -100.239157491581409, 25.72288169285212 ], [ -100.239346479629077, 25.723546114734212 ], [ -100.239560399328127, 25.723500397996265 ], [ -100.239640014270066, 25.723880472006371 ], [ -100.239916710365819, 25.724959771410827 ], [ -100.240130290495159, 25.725712702732661 ], [ -100.240219455312939, 25.72608175280785 ], [ -100.240315321028405, 25.726446630546146 ], [ -100.240458251102169, 25.726883969278607 ], [ -100.240797185875564, 25.72820833115766 ], [ -100.240720918479141, 25.728213691330975 ], [ -100.240271709992811, 25.72823589519616 ], [ -100.239963275102767, 25.728257229221992 ], [ -100.239774424341249, 25.72826756585005 ] ] ] ] } },
{ "type": "Feature", "properties": { "CVEGEO": "1904600010340", "CVE_ENT": "19", "CVE_MUN": "046", "CVE_LOC": "0001", "CVE_ASEN": "0340", "CP": "66476", "FECHA_ACT": "11\/2022", "INSTITUCIO": "SECRETARÍA OBRAS PÚBLICAS Y DESARROLLO URBANO DEL MUNICIPIO DE SAN NICOLÁS DE LOS GARZA", "NOM_ASEN": "LOS REALES SEGUNDO SECTOR", "TIPO": "FRACCIONAMIENTO", "Shape_Leng": 1036.29373005, "Shape_Area": 41021.832549600003 }, "geometry": { "type": "MultiPolygon", "coordinates": [ [ [ [ -100.238515248809051, 25.719340093019728 ], [ -100.238571910454098, 25.719587480309091 ], [ -100.238671240029277, 25.719962566381323 ], [ -100.238803277036837, 25.720438416013419 ], [ -100.238895058289529, 25.720796431034508 ], [ -100.238970053493219, 25.721082414147201 ], [ -100.238985403131139, 25.721148171480689 ], [ -100.239080465892016, 25.721532317628636 ], [ -100.239259794143493, 25.722159865092284 ], [ -100.238985769359218, 25.722232383787375 ], [ -100.239157491581409, 25.72288169285212 ], [ -100.238638280438323, 25.722993339956563 ], [ -100.23859278328213, 25.723003279007074 ], [ -100.238389610102431, 25.723075505538016 ], [ -100.238219302045934, 25.722357033111201 ], [ -100.237962600669007, 25.721389186784016 ], [ -100.237479114980275, 25.719570301388398 ], [ -100.237392070362688, 25.719353623656986 ], [ -100.237652285744133, 25.71935141400937 ], [ -100.238069137835282, 25.719350531833118 ], [ -100.238515248809051, 25.719340093019728 ] ] ] ] } },
{ "type": "Feature", "properties": { "CVEGEO": "1904600010342", "CVE_ENT": "19", "CVE_MUN": "046", "CVE_LOC": "0001", "CVE_ASEN": "0342", "CP": "66477", "FECHA_ACT": "11\/2022", "INSTITUCIO": "SECRETARÍA OBRAS PÚBLICAS Y DESARROLLO URBANO DEL MUNICIPIO DE SAN NICOLÁS DE LOS GARZA", "NOM_ASEN": "LOS ANGELES PRIMER SECTOR", "TIPO": "COLONIA", "Shape_Leng": 1889.6922511099999, "Shape_Area": 136036.43243300001 }, "geometry": { "type": "MultiPolygon", "coordinates": [ [ [ [ -100.238133206472057, 25.729990627219664 ], [ -100.238095974637858, 25.729984210294166 ], [ -100.23730361126583, 25.729847638050622 ], [ -100.23631123376029, 25.72985676420878 ], [ -100.236257294427148, 25.729859703427913 ], [ -100.236199787597286, 25.729862836896444 ], [ -100.235000597616605, 25.730051521553278 ], [ -100.234909279140041, 25.73006669736947 ], [ -100.234427228963739, 25.730208641628437 ], [ -100.23400622952353, 25.730295019660296 ], [ -100.233434760479668, 25.730313170220093 ], [ -100.232517240012697, 25.730290288454626 ], [ -100.232389402725673, 25.730287099908615 ], [ -100.232519468742922, 25.730067467346235 ], [ -100.232538808092244, 25.730046642330631 ], [ -100.232756835249845, 25.729659647836463 ], [ -100.23287160567881, 25.7294591200253 ], [ -100.233431650840757, 25.728542703887669 ], [ -100.233679463890383, 25.728072132089913 ], [ -100.234082706123516, 25.728109230111045 ], [ -100.234838712381588, 25.727981713407118 ], [ -100.235341398809467, 25.727997131749742 ], [ -100.23567225105495, 25.728013480874704 ], [ -100.236261133565279, 25.728076786652746 ], [ -100.236877462404593, 25.72815161927274 ], [ -100.237938370979904, 25.728307724995449 ], [ -100.238152786771593, 25.728329926662628 ], [ -100.238534998936032, 25.728342034125554 ], [ -100.238986115932391, 25.728791073009781 ], [ -100.239400028817798, 25.729244597308131 ], [ -100.239799891850538, 25.729685751196197 ], [ -100.24004145244696, 25.73003357318964 ], [ -100.240076515373957, 25.730079462340679 ], [ -100.240427781012755, 25.730522079509161 ], [ -100.240321450744815, 25.730535009106308 ], [ -100.23817431325368, 25.730001498967589 ], [ -100.238133206472057, 25.729990627219664 ] ] ] ] } },
{ "type": "Feature", "properties": { "CVEGEO": "1904600010343", "CVE_ENT": "19", "CVE_MUN": "046", "CVE_LOC": "0001", "CVE_ASEN": "0343", "CP": "66477", "FECHA_ACT": "11\/2022", "INSTITUCIO": "SECRETARÍA OBRAS PÚBLICAS Y DESARROLLO URBANO DEL MUNICIPIO DE SAN NICOLÁS DE LOS GARZA", "NOM_ASEN": "LOS ANGELES SEGUNDO SECTOR", "TIPO": "COLONIA", "Shape_Leng": 1929.7273569700001, "Shape_Area": 113997.334501 }, "geometry": { "type": "MultiPolygon", "coordinates": [ [ [ [ -100.225550895991617, 25.731082902133551 ], [ -100.225455857040515, 25.730852478650814 ], [ -100.22560659878306, 25.730749767151373 ], [ -100.226137203167539, 25.730542138115535 ], [ -100.226167839297858, 25.730528923300955 ], [ -100.226366652505121, 25.730456378129517 ], [ -100.227842674890638, 25.729917789583766 ], [ -100.228281542002236, 25.729771191650563 ], [ -100.229271982191008, 25.729407496005233 ], [ -100.230653741979026, 25.728900119267035 ], [ -100.231048818309858, 25.728759313484581 ], [ -100.231086224529776, 25.72872860810115 ], [ -100.232670643266147, 25.728129976248869 ], [ -100.232729707498493, 25.728116835304391 ], [ -100.232790919067583, 25.728103219447465 ], [ -100.233150884803067, 25.728023111211776 ], [ -100.233679463890383, 25.728072132089913 ], [ -100.233431650840757, 25.728542703887669 ], [ -100.23287160567881, 25.7294591200253 ], [ -100.232756835249845, 25.729659647836463 ], [ -100.232538808092244, 25.730046642330631 ], [ -100.232519468742922, 25.730067467346235 ], [ -100.232389402725673, 25.730287099908615 ], [ -100.232178991908398, 25.730255858728935 ], [ -100.23202005125134, 25.73024214409449 ], [ -100.231717219036483, 25.730193054227847 ], [ -100.231612969471044, 25.730179463818857 ], [ -100.231211677241276, 25.730121543684238 ], [ -100.231117694521544, 25.730144373589308 ], [ -100.230778614847623, 25.730166492948335 ], [ -100.23073974019205, 25.73016969748959 ], [ -100.230503323754235, 25.730276265386273 ], [ -100.230477492248426, 25.730285690809712 ], [ -100.229570320025374, 25.730690442995858 ], [ -100.229470359354124, 25.730720109262741 ], [ -100.229381657533139, 25.730745847023965 ], [ -100.229252779103049, 25.730770228400633 ], [ -100.229212357752246, 25.730786093503525 ], [ -100.228799507721334, 25.730948719836626 ], [ -100.228398345511465, 25.731138305312431 ], [ -100.228016577030871, 25.731308932545296 ], [ -100.227632426769702, 25.731468366853349 ], [ -100.227269934472773, 25.731621483190647 ], [ -100.227218719575419, 25.731545569641007 ], [ -100.226673799501057, 25.731293110001335 ], [ -100.226167678886029, 25.73104768071185 ], [ -100.22587155920543, 25.731149396907028 ], [ -100.225722817136671, 25.731148504756401 ], [ -100.225550895991617, 25.731082902133551 ] ] ] ] } },
{ "type": "Feature", "properties": { "CVEGEO": "1904600010344", "CVE_ENT": "19", "CVE_MUN": "046", "CVE_LOC": "0001", "CVE_ASEN": "0344", "CP": "66477", "FECHA_ACT": "11\/2022", "INSTITUCIO": "SECRETARÍA OBRAS PÚBLICAS Y DESARROLLO URBANO DEL MUNICIPIO DE SAN NICOLÁS DE LOS GARZA", "NOM_ASEN": "LOS ANGELES TERCER SECTOR", "TIPO": "COLONIA", "Shape_Leng": 1869.8782742799999, "Shape_Area": 163146.04715200001 }, "geometry": { "type": "MultiPolygon", "coordinates": [ [ [ [ -100.217511293311674, 25.729150865277507 ], [ -100.217811320300399, 25.729191780470895 ], [ -100.220081666581692, 25.729501371425538 ], [ -100.220087029321135, 25.729393106897003 ], [ -100.220560382059162, 25.72944450026915 ], [ -100.220564407103097, 25.729567193893196 ], [ -100.220790328824734, 25.7295376462537 ], [ -100.22116256712799, 25.729487801534518 ], [ -100.221888434166388, 25.729406354609605 ], [ -100.222419475562106, 25.729326945662415 ], [ -100.22264981337824, 25.729314306362483 ], [ -100.223161378578496, 25.729235253158286 ], [ -100.223534874472506, 25.729241662798334 ], [ -100.223692302657682, 25.729344454210104 ], [ -100.223817280465497, 25.729422528072913 ], [ -100.224679876300712, 25.73015531621845 ], [ -100.224231088584347, 25.730562508672424 ], [ -100.223494603355604, 25.731310322684994 ], [ -100.223377391437253, 25.731316971090429 ], [ -100.223273421522052, 25.73132553668124 ], [ -100.221731648829532, 25.731466211798477 ], [ -100.221504648576584, 25.731496193092326 ], [ -100.221467507556497, 25.731500720933457 ], [ -100.221171350909842, 25.731535607348778 ], [ -100.220793183427745, 25.731582904763499 ], [ -100.220418338915437, 25.731627667241611 ], [ -100.219183935462382, 25.731810517769471 ], [ -100.219094842906955, 25.73182072275366 ], [ -100.2179001778387, 25.731982160298625 ], [ -100.217581201702885, 25.732002585683702 ], [ -100.217573260045384, 25.732003512136224 ], [ -100.217562720087784, 25.731872110535285 ], [ -100.217555962576327, 25.731829725000772 ], [ -100.2175515371421, 25.731797785490322 ], [ -100.217513905057473, 25.729762527758698 ], [ -100.217512872338418, 25.729716503255954 ], [ -100.217513025330348, 25.72966988802823 ], [ -100.217519331238506, 25.729385918121334 ], [ -100.217517194765961, 25.729264747648806 ], [ -100.217511293311674, 25.729150865277507 ] ] ] ] } },
{ "type": "Feature", "properties": { "CVEGEO": "1904600010345", "CVE_ENT": "19", "CVE_MUN": "046", "CVE_LOC": "0001", "CVE_ASEN": "0345", "CP": "66477", "FECHA_ACT": "11\/2022", "INSTITUCIO": "SECRETARÍA OBRAS PÚBLICAS Y DESARROLLO URBANO DEL MUNICIPIO DE SAN NICOLÁS DE LOS GARZA", "NOM_ASEN": "LOS ANGELES CUARTO SECTOR", "TIPO": "COLONIA", "Shape_Leng": 1817.70413042, "Shape_Area": 102664.866456 }, "geometry": { "type": "MultiPolygon", "coordinates": [ [ [ [ -100.220108389499003, 25.728911564061264 ], [ -100.220115035639438, 25.727217300003236 ], [ -100.2201192797516, 25.7267609458771 ], [ -100.220585633842902, 25.726688191664763 ], [ -100.22091251411716, 25.72673904269233 ], [ -100.220944401538887, 25.727094261386416 ], [ -100.220971365433059, 25.727482022820801 ], [ -100.220986845063678, 25.727654667741206 ], [ -100.222234732990501, 25.727549339250807 ], [ -100.222974638317268, 25.727426830152943 ], [ -100.223847214873331, 25.727113440504752 ], [ -100.223919253517849, 25.727298004728674 ], [ -100.223983493177386, 25.727472366360868 ], [ -100.224044175956834, 25.727637079114459 ], [ -100.224110801045498, 25.727786985225023 ], [ -100.224194916758577, 25.728023847159179 ], [ -100.224329117597136, 25.728386476966818 ], [ -100.224452777998536, 25.728729832180438 ], [ -100.224757896813969, 25.729577635531747 ], [ -100.22528115093526, 25.730876270609102 ], [ -100.224679876300712, 25.73015531621845 ], [ -100.223817280465497, 25.729422528072913 ], [ -100.223692302657682, 25.729344454210104 ], [ -100.223534874472506, 25.729241662798334 ], [ -100.223161378578496, 25.729235253158286 ], [ -100.22264981337824, 25.729314306362483 ], [ -100.222419475562106, 25.729326945662415 ], [ -100.221888434166388, 25.729406354609605 ], [ -100.22116256712799, 25.729487801534518 ], [ -100.220790328824734, 25.7295376462537 ], [ -100.220564407103097, 25.729567193893196 ], [ -100.220560382059162, 25.72944450026915 ], [ -100.220087029321135, 25.729393106897003 ], [ -100.220108389499003, 25.728911564061264 ] ] ] ] } },
{ "type": "Feature", "properties": { "CVEGEO": "1904600010346", "CVE_ENT": "19", "CVE_MUN": "046", "CVE_LOC": "0001", "CVE_ASEN": "0346", "CP": "66478", "FECHA_ACT": "11\/2022", "INSTITUCIO": "SECRETARÍA OBRAS PÚBLICAS Y DESARROLLO URBANO DEL MUNICIPIO DE SAN NICOLÁS DE LOS GARZA", "NOM_ASEN": "LOS ANGELES QUINTO SECTOR", "TIPO": "COLONIA", "Shape_Leng": 856.51182075500003, "Shape_Area": 33111.5290035 }, "geometry": { "type": "MultiPolygon", "coordinates": [ [ [ [ -100.223847214873331, 25.727113440504752 ], [ -100.222974638317268, 25.727426830152943 ], [ -100.222234732990501, 25.727549339250807 ], [ -100.220986845063678, 25.727654667741206 ], [ -100.220971365433059, 25.727482022820801 ], [ -100.220944401538887, 25.727094261386416 ], [ -100.22091251411716, 25.72673904269233 ], [ -100.220585633842902, 25.726688191664763 ], [ -100.220584165444194, 25.726554448182576 ], [ -100.220642774598531, 25.726553956778737 ], [ -100.220941244173005, 25.726551897790031 ], [ -100.221919294854445, 25.726428123838712 ], [ -100.221981824622503, 25.726420211218944 ], [ -100.222044575211768, 25.726415332305702 ], [ -100.222399360679944, 25.726388029402635 ], [ -100.22250196029124, 25.726357406680016 ], [ -100.222566542281555, 25.726513309649651 ], [ -100.222714030468779, 25.726483090951888 ], [ -100.223107813904051, 25.726364004172961 ], [ -100.22352783372844, 25.726242714684346 ], [ -100.223656709764242, 25.726596556745655 ], [ -100.223663463584373, 25.726615099384446 ], [ -100.223775296315367, 25.726929189579398 ], [ -100.223847214873331, 25.727113440504752 ] ] ] ] } },
{ "type": "Feature", "properties": { "CVEGEO": "1904600010347", "CVE_ENT": "19", "CVE_MUN": "046", "CVE_LOC": "0001", "CVE_ASEN": "0347", "CP": "00000", "FECHA_ACT": "11\/2022", "INSTITUCIO": "SECRETARÍA OBRAS PÚBLICAS Y DESARROLLO URBANO DEL MUNICIPIO DE SAN NICOLÁS DE LOS GARZA", "NOM_ASEN": "ARBOLEDAS DEL MEZQUITAL", "TIPO": "COLONIA", "Shape_Leng": 1237.7997746599999, "Shape_Area": 57642.746129699997 }, "geometry": { "type": "MultiPolygon", "coordinates": [ [ [ [ -100.249360999235009, 25.75192028355567 ], [ -100.249019821731565, 25.751699001092323 ], [ -100.248709307515043, 25.751500795355891 ], [ -100.24867085226029, 25.751474838118774 ], [ -100.248640353444827, 25.751454505173378 ], [ -100.248036654797701, 25.751051995877198 ], [ -100.248002544052625, 25.751022948319545 ], [ -100.247963570460371, 25.750992078308283 ], [ -100.247710902535474, 25.750792613009732 ], [ -100.247228381096846, 25.750425337487762 ], [ -100.247093073421951, 25.750322346751137 ], [ -100.24705661206356, 25.750294593537316 ], [ -100.247220517510712, 25.75015088000702 ], [ -100.247356090960338, 25.750023098875875 ], [ -100.247539233236026, 25.749877725852624 ], [ -100.247842587784007, 25.749608624030369 ], [ -100.248104491356003, 25.749369895519362 ], [ -100.248170911440937, 25.749312892606259 ], [ -100.248408200346731, 25.749102109784026 ], [ -100.248460133578135, 25.749065954399896 ], [ -100.248721635548023, 25.748854317838557 ], [ -100.249129119121463, 25.748516484289834 ], [ -100.249237170591371, 25.748789827543654 ], [ -100.24976668151821, 25.749441369387558 ], [ -100.249737794461495, 25.749512817246885 ], [ -100.249510946334055, 25.749713676921097 ], [ -100.249333460473068, 25.749871281219146 ], [ -100.249213502189306, 25.749966122185906 ], [ -100.249031039143901, 25.750130629579782 ], [ -100.248908680427689, 25.750228614622959 ], [ -100.248853070262967, 25.750278958442554 ], [ -100.249701543784084, 25.750994216602326 ], [ -100.250158448975327, 25.751375179899973 ], [ -100.250158817383223, 25.751375488721678 ], [ -100.250159248193839, 25.751375849024761 ], [ -100.250597862305256, 25.751740957664108 ], [ -100.250598798870257, 25.751783924266459 ], [ -100.250044545710551, 25.752351238853151 ], [ -100.249550402180617, 25.752039697222994 ], [ -100.249360999235009, 25.75192028355567 ] ] ] ] } },
{ "type": "Feature", "properties": { "CVEGEO": "1904600010348", "CVE_ENT": "19", "CVE_MUN": "046", "CVE_LOC": "0001", "CVE_ASEN": "0348", "CP": "00000", "FECHA_ACT": "11\/2022", "INSTITUCIO": "SECRETARÍA OBRAS PÚBLICAS Y DESARROLLO URBANO DEL MUNICIPIO DE SAN NICOLÁS DE LOS GARZA", "NOM_ASEN": "PARQUES DE SANTO DOMINGO", "TIPO": "COLONIA", "Shape_Leng": 708.98034772699998, "Shape_Area": 22537.722866700002 }, "geometry": { "type": "MultiPolygon", "coordinates": [ [ [ [ -100.249737794461495, 25.749512817246885 ], [ -100.24976668151821, 25.749441369387558 ], [ -100.249816755514018, 25.74956962452606 ], [ -100.250078944832993, 25.749865114149067 ], [ -100.250323323551939, 25.750075613074245 ], [ -100.250518583760496, 25.750175012293354 ], [ -100.250270370382367, 25.750435779909044 ], [ -100.250572770438879, 25.750706599828071 ], [ -100.250683903200539, 25.750907462093242 ], [ -100.251049468949006, 25.7512698779381 ], [ -100.250890161191762, 25.751434428972448 ], [ -100.250729414525864, 25.751602125724368 ], [ -100.250597862305256, 25.751740957664108 ], [ -100.250159248193839, 25.751375849024761 ], [ -100.250158817383223, 25.751375488721678 ], [ -100.250158448975327, 25.751375179899973 ], [ -100.249701543784084, 25.750994216602326 ], [ -100.248853070262967, 25.750278958442554 ], [ -100.248908680427689, 25.750228614622959 ], [ -100.249031039143901, 25.750130629579782 ], [ -100.249213502189306, 25.749966122185906 ], [ -100.249333460473068, 25.749871281219146 ], [ -100.249510946334055, 25.749713676921097 ], [ -100.249737794461495, 25.749512817246885 ] ] ] ] } },
{ "type": "Feature", "properties": { "CVEGEO": "1904600010349", "CVE_ENT": "19", "CVE_MUN": "046", "CVE_LOC": "0001", "CVE_ASEN": "0349", "CP": "00000", "FECHA_ACT": "11\/2022", "INSTITUCIO": "SECRETARÍA OBRAS PÚBLICAS Y DESARROLLO URBANO DEL MUNICIPIO DE SAN NICOLÁS DE LOS GARZA", "NOM_ASEN": "RINCON DE LOS ANDES", "TIPO": "COLONIA", "Shape_Leng": 447.48936124400001, "Shape_Area": 11672.514636399999 }, "geometry": { "type": "MultiPolygon", "coordinates": [ [ [ [ -100.279817844451586, 25.739698129501352 ], [ -100.279781141056986, 25.739755503230256 ], [ -100.27946466483246, 25.740167017678836 ], [ -100.279435595114975, 25.740201258614206 ], [ -100.279389929560253, 25.740267322798569 ], [ -100.27915398428533, 25.740452501068884 ], [ -100.278154198094882, 25.740429261032563 ], [ -100.278152819175347, 25.740398509533502 ], [ -100.278259667218123, 25.740231681770471 ], [ -100.27860510460134, 25.739724156294947 ], [ -100.278853211175473, 25.739363008988676 ], [ -100.279817844451586, 25.739698129501352 ] ] ] ] } },
{ "type": "Feature", "properties": { "CVEGEO": "1904600010350", "CVE_ENT": "19", "CVE_MUN": "046", "CVE_LOC": "0001", "CVE_ASEN": "0350", "CP": "00000", "FECHA_ACT": "11\/2022", "INSTITUCIO": "SECRETARÍA OBRAS PÚBLICAS Y DESARROLLO URBANO DEL MUNICIPIO DE SAN NICOLÁS DE LOS GARZA", "NOM_ASEN": "SANTO DOMINGO SEGUNDO SECTOR", "TIPO": "RESIDENCIAL", "Shape_Leng": 789.989326495, "Shape_Area": 38597.122685299997 }, "geometry": { "type": "MultiPolygon", "coordinates": [ [ [ [ -100.247356090960338, 25.750023098875875 ], [ -100.246079236906127, 25.749251353560499 ], [ -100.246038522460239, 25.749226357415868 ], [ -100.246000539801415, 25.749203760598562 ], [ -100.245780749399685, 25.749072254634562 ], [ -100.245740702113366, 25.749037319650558 ], [ -100.245975390346857, 25.748778944926684 ], [ -100.246936639552175, 25.747742186515207 ], [ -100.246974765613885, 25.747703237544098 ], [ -100.247126779134248, 25.747812490451221 ], [ -100.247610510213875, 25.748109711234903 ], [ -100.248721635548023, 25.748854317838557 ], [ -100.248460133578135, 25.749065954399896 ], [ -100.248408200346731, 25.749102109784026 ], [ -100.248170911440937, 25.749312892606259 ], [ -100.248104491356003, 25.749369895519362 ], [ -100.247842587784007, 25.749608624030369 ], [ -100.247539233236026, 25.749877725852624 ], [ -100.247356090960338, 25.750023098875875 ] ] ] ] } },
{ "type": "Feature", "properties": { "CVEGEO": "1904600010351", "CVE_ENT": "19", "CVE_MUN": "046", "CVE_LOC": "0001", "CVE_ASEN": "0351", "CP": "66480", "FECHA_ACT": "11\/2022", "INSTITUCIO": "SECRETARÍA OBRAS PÚBLICAS Y DESARROLLO URBANO DEL MUNICIPIO DE SAN NICOLÁS DE LOS GARZA", "NOM_ASEN": "AMPLIACIÓN VALLE AZTECA", "TIPO": "COLONIA", "Shape_Leng": 338.60969591899999, "Shape_Area": 4176.6349541400004 }, "geometry": { "type": "MultiPolygon", "coordinates": [ [ [ [ -100.266022025489278, 25.724979904010986 ], [ -100.266084217601971, 25.724993641609192 ], [ -100.26650254050557, 25.724826777543019 ], [ -100.266477155601592, 25.724741263780061 ], [ -100.266852083293784, 25.724566417164262 ], [ -100.266976628792747, 25.724916921377297 ], [ -100.266668343339461, 25.725028737446799 ], [ -100.266604480371001, 25.725049637005018 ], [ -100.266223461746577, 25.725546502577831 ], [ -100.266180873907174, 25.725648485288826 ], [ -100.266106092696532, 25.725350875801006 ], [ -100.266022025489278, 25.724979904010986 ] ] ] ] } },
{ "type": "Feature", "properties": { "CVEGEO": "1904600010352", "CVE_ENT": "19", "CVE_MUN": "046", "CVE_LOC": "0001", "CVE_ASEN": "0352", "CP": "00000", "FECHA_ACT": "11\/2022", "INSTITUCIO": "SECRETARÍA OBRAS PÚBLICAS Y DESARROLLO URBANO DEL MUNICIPIO DE SAN NICOLÁS DE LOS GARZA", "NOM_ASEN": "ANCESTRA", "TIPO": "COLONIA", "Shape_Leng": 1073.7466264, "Shape_Area": 66295.242357199997 }, "geometry": { "type": "MultiPolygon", "coordinates": [ [ [ [ -100.301173147246715, 25.73299066907099 ], [ -100.301327935823238, 25.733066568231141 ], [ -100.301340630318677, 25.733070629944194 ], [ -100.302642580064017, 25.733487279284219 ], [ -100.302776135663578, 25.733494278141748 ], [ -100.302796120802654, 25.733768848896194 ], [ -100.302788801997849, 25.73384538702237 ], [ -100.302775573707549, 25.73390056349589 ], [ -100.302759942048041, 25.733963405610282 ], [ -100.302717694393834, 25.734052229290779 ], [ -100.302700425797667, 25.734077413121465 ], [ -100.302620161422141, 25.734075794446508 ], [ -100.302173919835823, 25.734199884664807 ], [ -100.301761314031282, 25.734391082716716 ], [ -100.301385970500036, 25.734586753690991 ], [ -100.300709548826703, 25.734963006481188 ], [ -100.299973739101787, 25.735389683054436 ], [ -100.299946904211708, 25.735317863104484 ], [ -100.29976778053603, 25.735021261171354 ], [ -100.299047341086677, 25.733902256819974 ], [ -100.2987544954605, 25.733442668916645 ], [ -100.298741043279037, 25.733384679152259 ], [ -100.29894539244232, 25.733262458815997 ], [ -100.29997140165527, 25.732648806611088 ], [ -100.300441406019587, 25.732798469065926 ], [ -100.300888421337746, 25.732940810564248 ], [ -100.301173147246715, 25.73299066907099 ] ] ] ] } },
{ "type": "Feature", "properties": { "CVEGEO": "1904600010353", "CVE_ENT": "19", "CVE_MUN": "046", "CVE_LOC": "0001", "CVE_ASEN": "0353", "CP": "66470", "FECHA_ACT": "11\/2022", "INSTITUCIO": "SECRETARÍA OBRAS PÚBLICAS Y DESARROLLO URBANO DEL MUNICIPIO DE SAN NICOLÁS DE LOS GARZA", "NOM_ASEN": "ANDALUCÍA SEGUNDO SECTOR", "TIPO": "COLONIA", "Shape_Leng": 655.32508346700001, "Shape_Area": 24331.2552282 }, "geometry": { "type": "MultiPolygon", "coordinates": [ [ [ [ -100.242693292014835, 25.723938732127426 ], [ -100.242585200928062, 25.723671075085502 ], [ -100.242416118473415, 25.723288613502174 ], [ -100.242382760311273, 25.723213156608939 ], [ -100.242593299048067, 25.72315070185866 ], [ -100.243284919976077, 25.722912140261279 ], [ -100.243766561862302, 25.722754692166884 ], [ -100.244032028671313, 25.723264801254395 ], [ -100.244054355453045, 25.72325505898862 ], [ -100.244086170565808, 25.723275622923254 ], [ -100.244141109763177, 25.72338739995028 ], [ -100.244357706318183, 25.723849031247802 ], [ -100.244386364312561, 25.723911987647814 ], [ -100.244576429910992, 25.724286231560402 ], [ -100.244528520973788, 25.724284731663879 ], [ -100.243637620820607, 25.724232760814239 ], [ -100.243209317591507, 25.72434697501085 ], [ -100.2431229008168, 25.724377683679215 ], [ -100.242901593751355, 25.724454529133823 ], [ -100.242888610863375, 25.724422381859533 ], [ -100.242693292014835, 25.723938732127426 ] ] ] ] } },
{ "type": "Feature", "properties": { "CVEGEO": "1904600010354", "CVE_ENT": "19", "CVE_MUN": "046", "CVE_LOC": "0001", "CVE_ASEN": "0354", "CP": "66470", "FECHA_ACT": "11\/2022", "INSTITUCIO": "SECRETARÍA OBRAS PÚBLICAS Y DESARROLLO URBANO DEL MUNICIPIO DE SAN NICOLÁS DE LOS GARZA", "NOM_ASEN": "ANDALUCÍA TERCER SECTOR", "TIPO": "COLONIA", "Shape_Leng": 1001.84750987, "Shape_Area": 44485.763176699998 }, "geometry": { "type": "MultiPolygon", "coordinates": [ [ [ [ -100.242901593751355, 25.724454529133823 ], [ -100.2431229008168, 25.724377683679215 ], [ -100.243209317591507, 25.72434697501085 ], [ -100.243637620820607, 25.724232760814239 ], [ -100.244528520973788, 25.724284731663879 ], [ -100.244576429910992, 25.724286231560402 ], [ -100.244782662749401, 25.72472266889843 ], [ -100.244797011946815, 25.724755556764464 ], [ -100.244950574490801, 25.725082595036653 ], [ -100.244615475717211, 25.726088811559595 ], [ -100.244567138239248, 25.72633771760491 ], [ -100.244573329413555, 25.726524678588049 ], [ -100.245024646926524, 25.727411692277787 ], [ -100.244607543494681, 25.727557625529467 ], [ -100.244483430069934, 25.727601685411596 ], [ -100.244250677116526, 25.727678444695542 ], [ -100.244215523117589, 25.727592115227644 ], [ -100.243774049640749, 25.726507936291739 ], [ -100.243735349557227, 25.726412939762827 ], [ -100.243260480293614, 25.725282219783825 ], [ -100.24291600581229, 25.724487766175219 ], [ -100.242901593751355, 25.724454529133823 ] ] ] ] } },
{ "type": "Feature", "properties": { "CVEGEO": "1904600010355", "CVE_ENT": "19", "CVE_MUN": "046", "CVE_LOC": "0001", "CVE_ASEN": "0355", "CP": "66422", "FECHA_ACT": "11\/2022", "INSTITUCIO": "SECRETARÍA OBRAS PÚBLICAS Y DESARROLLO URBANO DEL MUNICIPIO DE SAN NICOLÁS DE LOS GARZA", "NOM_ASEN": "BALCONES DE ANÁHUAC SEGUNDO SECTOR", "TIPO": "COLONIA", "Shape_Leng": 996.67493234400001, "Shape_Area": 48813.451750100001 }, "geometry": { "type": "MultiPolygon", "coordinates": [ [ [ [ -100.316593940139313, 25.761301649593481 ], [ -100.317408826324254, 25.761220122300223 ], [ -100.317639544597654, 25.76119461462854 ], [ -100.317883763793688, 25.761162652613443 ], [ -100.318841027636267, 25.76428132850064 ], [ -100.318624737559659, 25.76430683327311 ], [ -100.317302295704337, 25.76445271018699 ], [ -100.317203460438861, 25.76393567972487 ], [ -100.317177688985083, 25.763807971236755 ], [ -100.317126999092309, 25.763548420173542 ], [ -100.317050629016407, 25.763173320441521 ], [ -100.316980150212331, 25.762816509893355 ], [ -100.316909308564959, 25.762427290643636 ], [ -100.316829178944857, 25.762049779639039 ], [ -100.316750348652675, 25.761669889658553 ], [ -100.316593940139313, 25.761301649593481 ] ] ] ] } },
{ "type": "Feature", "properties": { "CVEGEO": "1904600010356", "CVE_ENT": "19", "CVE_MUN": "046", "CVE_LOC": "0001", "CVE_ASEN": "0356", "CP": "66422", "FECHA_ACT": "11\/2022", "INSTITUCIO": "SECRETARÍA OBRAS PÚBLICAS Y DESARROLLO URBANO DEL MUNICIPIO DE SAN NICOLÁS DE LOS GARZA", "NOM_ASEN": "BALCONES DE ANÁHUAC TERCER SECTOR", "TIPO": "COLONIA", "Shape_Leng": 1943.1689211099999, "Shape_Area": 78897.711669199998 }, "geometry": { "type": "MultiPolygon", "coordinates": [ [ [ [ -100.316593940139313, 25.761301649593481 ], [ -100.316505060460386, 25.761109240421259 ], [ -100.316429645024286, 25.76103932652158 ], [ -100.31636460743357, 25.760904731551022 ], [ -100.316367110235873, 25.760773176442392 ], [ -100.315147068848049, 25.760761250182991 ], [ -100.315101025282942, 25.760508669311445 ], [ -100.315053380313088, 25.76029862708226 ], [ -100.314940937336203, 25.759738074687569 ], [ -100.314871803567129, 25.759414047647098 ], [ -100.314815123844795, 25.759124598527077 ], [ -100.314829480683102, 25.758780178156155 ], [ -100.314836549944559, 25.758609739931355 ], [ -100.315201680295374, 25.758611079739865 ], [ -100.315664149995527, 25.7586162901307 ], [ -100.315668140009024, 25.759004370316465 ], [ -100.315671509899815, 25.759386980101453 ], [ -100.315676369990456, 25.759755780434677 ], [ -100.316364429736154, 25.759767919988558 ], [ -100.317690830432525, 25.759771650266114 ], [ -100.318100146569819, 25.759735827333429 ], [ -100.31841879446516, 25.760701580201683 ], [ -100.319189403520184, 25.763246390711458 ], [ -100.319231326936034, 25.763372392870256 ], [ -100.319500630183128, 25.764213369386603 ], [ -100.319082954207389, 25.764252801365732 ], [ -100.318841027636267, 25.76428132850064 ], [ -100.317883763793688, 25.761162652613443 ], [ -100.317639544597654, 25.76119461462854 ], [ -100.317408826324254, 25.761220122300223 ], [ -100.316593940139313, 25.761301649593481 ] ] ] ] } },
{ "type": "Feature", "properties": { "CVEGEO": "1904600010357", "CVE_ENT": "19", "CVE_MUN": "046", "CVE_LOC": "0001", "CVE_ASEN": "0357", "CP": "66422", "FECHA_ACT": "11\/2022", "INSTITUCIO": "SECRETARÍA OBRAS PÚBLICAS Y DESARROLLO URBANO DEL MUNICIPIO DE SAN NICOLÁS DE LOS GARZA", "NOM_ASEN": "BALCONES DE ANÁHUAC CUARTO SECTOR", "TIPO": "COLONIA", "Shape_Leng": 940.89314609600001, "Shape_Area": 48775.858166600003 }, "geometry": { "type": "MultiPolygon", "coordinates": [ [ [ [ -100.315201680295374, 25.758611079739865 ], [ -100.315218030189072, 25.758242880165906 ], [ -100.315237600393971, 25.757855970039017 ], [ -100.31710772023213, 25.757881459809902 ], [ -100.31756665020437, 25.757884859343253 ], [ -100.317879874152297, 25.75898971789973 ], [ -100.318100146569819, 25.759735827333429 ], [ -100.317690830432525, 25.759771650266114 ], [ -100.316364429736154, 25.759767919988558 ], [ -100.315676369990456, 25.759755780434677 ], [ -100.315671509899815, 25.759386980101453 ], [ -100.315668140009024, 25.759004370316465 ], [ -100.315664149995527, 25.7586162901307 ], [ -100.315201680295374, 25.758611079739865 ] ] ] ] } },
{ "type": "Feature", "properties": { "CVEGEO": "1904600010358", "CVE_ENT": "19", "CVE_MUN": "046", "CVE_LOC": "0001", "CVE_ASEN": "0358", "CP": "66422", "FECHA_ACT": "11\/2022", "INSTITUCIO": "SECRETARÍA OBRAS PÚBLICAS Y DESARROLLO URBANO DEL MUNICIPIO DE SAN NICOLÁS DE LOS GARZA", "NOM_ASEN": "BALCONES DE ANÁHUAC QUINTO SECTOR", "TIPO": "COLONIA", "Shape_Leng": 853.41127766900001, "Shape_Area": 24354.885608600001 }, "geometry": { "type": "MultiPolygon", "coordinates": [ [ [ [ -100.314840837614099, 25.758525149201663 ], [ -100.314884208679757, 25.75766929175084 ], [ -100.314916654120495, 25.757074261436966 ], [ -100.315272280404884, 25.757090029944834 ], [ -100.316742948733463, 25.757131000333832 ], [ -100.316884060184023, 25.75713891523413 ], [ -100.316902936894024, 25.757108066951933 ], [ -100.317316559305624, 25.757103035065224 ], [ -100.317388336095263, 25.757351301827448 ], [ -100.31756665020437, 25.757884859343253 ], [ -100.31710772023213, 25.757881459809902 ], [ -100.315237600393971, 25.757855970039017 ], [ -100.315218030189072, 25.758242880165906 ], [ -100.315201680295374, 25.758611079739865 ], [ -100.314836549944559, 25.758609739931355 ], [ -100.314840837614099, 25.758525149201663 ] ] ] ] } },
{ "type": "Feature", "properties": { "CVEGEO": "1904600010359", "CVE_ENT": "19", "CVE_MUN": "046", "CVE_LOC": "0001", "CVE_ASEN": "0359", "CP": "66446", "FECHA_ACT": "11\/2022", "INSTITUCIO": "SECRETARÍA OBRAS PÚBLICAS Y DESARROLLO URBANO DEL MUNICIPIO DE SAN NICOLÁS DE LOS GARZA", "NOM_ASEN": "BALCONES DE SANTO DOMINGO SEGUNDA ETAPA", "TIPO": "COLONIA", "Shape_Leng": 1893.3671660499999, "Shape_Area": 75134.372571800006 }, "geometry": { "type": "MultiPolygon", "coordinates": [ [ [ [ -100.263398518987785, 25.738214233503079 ], [ -100.263463792638547, 25.738482642901239 ], [ -100.263455998349855, 25.738613964320681 ], [ -100.263078252007858, 25.738684298936857 ], [ -100.26295562542056, 25.740016736600062 ], [ -100.263305329594019, 25.740049297298619 ], [ -100.26332943123235, 25.739866020293626 ], [ -100.265703339931036, 25.740093738307362 ], [ -100.265792726846357, 25.740098363463133 ], [ -100.265848840322761, 25.740289127714757 ], [ -100.266186633708472, 25.740320713511554 ], [ -100.265791217767926, 25.740663225138306 ], [ -100.265574772657587, 25.740643487168121 ], [ -100.263272746887395, 25.740441895734183 ], [ -100.261361145298025, 25.740272976345643 ], [ -100.261214083788119, 25.740236298568149 ], [ -100.260968694336171, 25.740106906163295 ], [ -100.261164159250086, 25.739749957063736 ], [ -100.261055552065557, 25.73970651247614 ], [ -100.260795522634552, 25.739640402109639 ], [ -100.259569389479182, 25.739534656654659 ], [ -100.258840647276259, 25.739493468610693 ], [ -100.259007856497277, 25.739387123264162 ], [ -100.259290063990704, 25.739201285892623 ], [ -100.259463580742306, 25.73909693949485 ], [ -100.259504582160133, 25.739073418041922 ], [ -100.259910608418281, 25.738898558374711 ], [ -100.260099507730075, 25.73881981817566 ], [ -100.260196536934515, 25.738793311364002 ], [ -100.260461378709124, 25.738745653759494 ], [ -100.261210776436556, 25.738608963512974 ], [ -100.261327457291358, 25.738587843549215 ], [ -100.261487967230934, 25.738557851686323 ], [ -100.26260533053528, 25.738356690181448 ], [ -100.263398518987785, 25.738214233503079 ] ] ] ] } },
{ "type": "Feature", "properties": { "CVEGEO": "1904600010360", "CVE_ENT": "19", "CVE_MUN": "046", "CVE_LOC": "0001", "CVE_ASEN": "0360", "CP": "66446", "FECHA_ACT": "11\/2022", "INSTITUCIO": "SECRETARÍA OBRAS PÚBLICAS Y DESARROLLO URBANO DEL MUNICIPIO DE SAN NICOLÁS DE LOS GARZA", "NOM_ASEN": "BALCONES DE SANTO DOMINGO TERCERA ETAPA", "TIPO": "COLONIA", "Shape_Leng": 1653.7579937200001, "Shape_Area": 64797.422391300002 }, "geometry": { "type": "MultiPolygon", "coordinates": [ [ [ [ -100.263398518987785, 25.738214233503079 ], [ -100.264309964281153, 25.738022588897241 ], [ -100.264474059228363, 25.737967913780434 ], [ -100.26461840416286, 25.737919819138128 ], [ -100.264887949387116, 25.737785180316784 ], [ -100.265064657323919, 25.737690047040271 ], [ -100.265821071306902, 25.737287867782694 ], [ -100.266424765084608, 25.737133116618484 ], [ -100.266504237065206, 25.737119799302604 ], [ -100.266897450805331, 25.737078434115052 ], [ -100.267253533167008, 25.737059933579484 ], [ -100.267317795221601, 25.737063002268101 ], [ -100.267811966419373, 25.737157774562721 ], [ -100.268023158386569, 25.737242116196818 ], [ -100.268257950368152, 25.737340405993699 ], [ -100.268322334117741, 25.73740000926167 ], [ -100.268102637959473, 25.737740144297536 ], [ -100.26785673804747, 25.738137300509781 ], [ -100.267632932327757, 25.738497049999705 ], [ -100.267396127287952, 25.738879284793065 ], [ -100.26729320398897, 25.739039803092535 ], [ -100.26714817024785, 25.739265170224574 ], [ -100.267081989996427, 25.739367965983355 ], [ -100.266783309216805, 25.739870104990278 ], [ -100.266186633708472, 25.740320713511554 ], [ -100.265848840322761, 25.740289127714757 ], [ -100.266542111883851, 25.739693826038017 ], [ -100.267057018966767, 25.738934659779662 ], [ -100.267172444918373, 25.738721851757255 ], [ -100.267035324555863, 25.738672356056188 ], [ -100.266928139124545, 25.738877288867954 ], [ -100.266820828294982, 25.738829517853535 ], [ -100.266770591171706, 25.738852433987329 ], [ -100.266348196373087, 25.738809911586234 ], [ -100.266450262535173, 25.738634754488885 ], [ -100.266032677382711, 25.738595384028862 ], [ -100.265991343518039, 25.738773985020714 ], [ -100.265665595513312, 25.738741190104204 ], [ -100.265021383587026, 25.738677608172008 ], [ -100.263585172617098, 25.738566028963454 ], [ -100.263455998349855, 25.738613964320681 ], [ -100.263463792638547, 25.738482642901239 ], [ -100.263398518987785, 25.738214233503079 ] ] ] ] } },
{ "type": "Feature", "properties": { "CVEGEO": "1904600010361", "CVE_ENT": "19", "CVE_MUN": "046", "CVE_LOC": "0001", "CVE_ASEN": "0361", "CP": "66473", "FECHA_ACT": "11\/2022", "INSTITUCIO": "SECRETARÍA OBRAS PÚBLICAS Y DESARROLLO URBANO DEL MUNICIPIO DE SAN NICOLÁS DE LOS GARZA", "NOM_ASEN": "BLAS CHUMACERO PRIMER SECTOR", "TIPO": "COLONIA", "Shape_Leng": 1584.50223125, "Shape_Area": 138060.590261 }, "geometry": { "type": "MultiPolygon", "coordinates": [ [ [ [ -100.221597422960656, 25.713953961152335 ], [ -100.221597297950112, 25.713742638935891 ], [ -100.221504103686073, 25.712556951414999 ], [ -100.221474924728369, 25.712441908227319 ], [ -100.221754956453736, 25.712402744842425 ], [ -100.221840702343556, 25.712389981041415 ], [ -100.22232511133187, 25.712317865071309 ], [ -100.223219621381048, 25.712184691272245 ], [ -100.223611400978072, 25.712137483572018 ], [ -100.224027752855747, 25.712087314297509 ], [ -100.22496979750369, 25.711973794908818 ], [ -100.225362288095255, 25.711915779086954 ], [ -100.226743844582742, 25.711719788889038 ], [ -100.226769386043472, 25.711831129614286 ], [ -100.226841104198058, 25.712200839061083 ], [ -100.226901848521877, 25.712530253230927 ], [ -100.226958862636309, 25.712888713853147 ], [ -100.227006840245039, 25.71294165012042 ], [ -100.227048658712576, 25.713235351055168 ], [ -100.227036412416282, 25.713265517654339 ], [ -100.227061173099898, 25.713608877624591 ], [ -100.227079922690066, 25.713645094726186 ], [ -100.227041877939001, 25.713958936819612 ], [ -100.226982008790131, 25.714295308001034 ], [ -100.226935638062841, 25.714580184230062 ], [ -100.226913707368837, 25.714614178814042 ], [ -100.226872249682557, 25.714827808730426 ], [ -100.22682997626795, 25.714818615107816 ], [ -100.225138639251313, 25.714529488209898 ], [ -100.225062838760621, 25.714516449758637 ], [ -100.223205496725583, 25.714196591876672 ], [ -100.221597422960656, 25.713953961152335 ] ] ] ] } },
{ "type": "Feature", "properties": { "CVEGEO": "1904600010362", "CVE_ENT": "19", "CVE_MUN": "046", "CVE_LOC": "0001", "CVE_ASEN": "0362", "CP": "66473", "FECHA_ACT": "11\/2022", "INSTITUCIO": "SECRETARÍA OBRAS PÚBLICAS Y DESARROLLO URBANO DEL MUNICIPIO DE SAN NICOLÁS DE LOS GARZA", "NOM_ASEN": "BLAS CHUMACERO SEGUNDO SECTOR", "TIPO": "COLONIA", "Shape_Leng": 1058.9490581299999, "Shape_Area": 58892.958391699998 }, "geometry": { "type": "MultiPolygon", "coordinates": [ [ [ [ -100.226872249682557, 25.714827808730426 ], [ -100.226913707368837, 25.714614178814042 ], [ -100.226935638062841, 25.714580184230062 ], [ -100.226982008790131, 25.714295308001034 ], [ -100.227041877939001, 25.713958936819612 ], [ -100.227079922690066, 25.713645094726186 ], [ -100.227061173099898, 25.713608877624591 ], [ -100.227036412416282, 25.713265517654339 ], [ -100.227048658712576, 25.713235351055168 ], [ -100.227006840245039, 25.71294165012042 ], [ -100.226958862636309, 25.712888713853147 ], [ -100.226901848521877, 25.712530253230927 ], [ -100.226841104198058, 25.712200839061083 ], [ -100.226769386043472, 25.711831129614286 ], [ -100.226743844582742, 25.711719788889038 ], [ -100.22729398677447, 25.711640758671194 ], [ -100.227382487981501, 25.71175325600759 ], [ -100.22769151094262, 25.712060138353287 ], [ -100.227999737827233, 25.712352819750166 ], [ -100.22832966071735, 25.712671938202341 ], [ -100.229141965080871, 25.713441412453097 ], [ -100.229101761590812, 25.713617390165943 ], [ -100.229035074218189, 25.713936666452987 ], [ -100.228861466284727, 25.714924669861663 ], [ -100.228823461185186, 25.715100318159777 ], [ -100.228554502261318, 25.715055001553296 ], [ -100.228406967987794, 25.715029007886642 ], [ -100.228380047752282, 25.715025822290812 ], [ -100.228354966817008, 25.715022856819406 ], [ -100.226910215416098, 25.714832330080728 ], [ -100.226872249682557, 25.714827808730426 ] ] ] ] } },
{ "type": "Feature", "properties": { "CVEGEO": "1904600010363", "CVE_ENT": "19", "CVE_MUN": "046", "CVE_LOC": "0001", "CVE_ASEN": "0363", "CP": "00000", "FECHA_ACT": "11\/2022", "INSTITUCIO": "SECRETARÍA OBRAS PÚBLICAS Y DESARROLLO URBANO DEL MUNICIPIO DE SAN NICOLÁS DE LOS GARZA", "NOM_ASEN": "BOSQUES DE LINDA VISTA SECTOR DIAMANTE", "TIPO": "COLONIA", "Shape_Leng": 812.96346858200002, "Shape_Area": 30823.839487900001 }, "geometry": { "type": "MultiPolygon", "coordinates": [ [ [ [ -100.213426736634702, 25.719051846164909 ], [ -100.213379676155768, 25.718856009390453 ], [ -100.213246678685636, 25.71840254949127 ], [ -100.213207384567269, 25.718357411509594 ], [ -100.213682520386982, 25.718327510065347 ], [ -100.214040480095946, 25.718271420220567 ], [ -100.214080379880073, 25.718229109600458 ], [ -100.214086115416762, 25.718144968027577 ], [ -100.214342630125472, 25.718126619918497 ], [ -100.214353624536415, 25.717924004133511 ], [ -100.215589432942195, 25.717368309803994 ], [ -100.215592787358403, 25.717315593266541 ], [ -100.215762726744373, 25.717329301751995 ], [ -100.215934199960671, 25.717355707538555 ], [ -100.216046199611441, 25.717376660233644 ], [ -100.215745952568113, 25.718014077294967 ], [ -100.215710650970948, 25.718087902091913 ], [ -100.215490309817923, 25.718557663123097 ], [ -100.215495943772808, 25.718563001876337 ], [ -100.215203545362172, 25.719175564514963 ], [ -100.213432740323327, 25.719076819865712 ], [ -100.213426736634702, 25.719051846164909 ] ] ] ] } },
{ "type": "Feature", "properties": { "CVEGEO": "1904600010366", "CVE_ENT": "19", "CVE_MUN": "046", "CVE_LOC": "0001", "CVE_ASEN": "0366", "CP": "66490", "FECHA_ACT": "11\/2022", "INSTITUCIO": "SECRETARÍA OBRAS PÚBLICAS Y DESARROLLO URBANO DEL MUNICIPIO DE SAN NICOLÁS DE LOS GARZA", "NOM_ASEN": "CIUDAD IDEAL TERCER SECTOR", "TIPO": "COLONIA", "Shape_Leng": 648.701538884, "Shape_Area": 25465.854728400001 }, "geometry": { "type": "MultiPolygon", "coordinates": [ [ [ [ -100.250955041432732, 25.708713567675627 ], [ -100.249075740034584, 25.708949439705645 ], [ -100.249060709723551, 25.708728369551483 ], [ -100.249038619606992, 25.708315289577168 ], [ -100.249035570031722, 25.708293740229436 ], [ -100.249008230338973, 25.707891169829814 ], [ -100.248989053712506, 25.707689980129569 ], [ -100.250866778714055, 25.70752300952579 ], [ -100.250883630109811, 25.707727050395782 ], [ -100.250906170175313, 25.708130859943932 ], [ -100.250939170120532, 25.708530860217714 ], [ -100.250955041432732, 25.708713567675627 ] ] ] ] } },
{ "type": "Feature", "properties": { "CVEGEO": "1904600010367", "CVE_ENT": "19", "CVE_MUN": "046", "CVE_LOC": "0001", "CVE_ASEN": "0367", "CP": "66490", "FECHA_ACT": "11\/2022", "INSTITUCIO": "SECRETARÍA OBRAS PÚBLICAS Y DESARROLLO URBANO DEL MUNICIPIO DE SAN NICOLÁS DE LOS GARZA", "NOM_ASEN": "CIUDAD IDEAL CUARTO SECTOR", "TIPO": "COLONIA", "Shape_Leng": 649.89116004300001, "Shape_Area": 25446.886270700001 }, "geometry": { "type": "MultiPolygon", "coordinates": [ [ [ [ -100.249075740034584, 25.708949439705645 ], [ -100.250955041432732, 25.708713567675627 ], [ -100.2509723421704, 25.708912736216167 ], [ -100.250991928201074, 25.709334094544673 ], [ -100.251002514398081, 25.709513523539716 ], [ -100.251006047248922, 25.709723064068911 ], [ -100.251008045989508, 25.709898561406149 ], [ -100.250928798467356, 25.709908662673751 ], [ -100.249198409038797, 25.710200022470158 ], [ -100.24913364147848, 25.710210809059664 ], [ -100.249128319718537, 25.709991740387395 ], [ -100.24911214962674, 25.709566230206143 ], [ -100.24909017951606, 25.709161830286053 ], [ -100.249075740034584, 25.708949439705645 ] ] ] ] } },
{ "type": "Feature", "properties": { "CVEGEO": "1904600010368", "CVE_ENT": "19", "CVE_MUN": "046", "CVE_LOC": "0001", "CVE_ASEN": "0368", "CP": "66477", "FECHA_ACT": "11\/2022", "INSTITUCIO": "SECRETARÍA OBRAS PÚBLICAS Y DESARROLLO URBANO DEL MUNICIPIO DE SAN NICOLÁS DE LOS GARZA", "NOM_ASEN": "COLONIA DEL LAGO SEGUNDO SECTOR", "TIPO": "COLONIA", "Shape_Leng": 1066.8255264300001, "Shape_Area": 68430.319445600006 }, "geometry": { "type": "MultiPolygon", "coordinates": [ [ [ [ -100.217424013145333, 25.727096397758423 ], [ -100.217770074331753, 25.727082198641551 ], [ -100.217814452083331, 25.727061165596599 ], [ -100.219184571639573, 25.726882906925102 ], [ -100.2201192797516, 25.7267609458771 ], [ -100.220115035639438, 25.727217300003236 ], [ -100.220108389499003, 25.728911564061264 ], [ -100.220087029321135, 25.729393106897003 ], [ -100.220081666581692, 25.729501371425538 ], [ -100.217811320300399, 25.729191780470895 ], [ -100.217511293311674, 25.729150865277507 ], [ -100.217501633728162, 25.729005971444131 ], [ -100.217512875961162, 25.728641171098086 ], [ -100.217520655589425, 25.72847426978614 ], [ -100.217520999719937, 25.727136070561901 ], [ -100.217498717561568, 25.727125287421028 ], [ -100.217424013145333, 25.727096397758423 ] ] ] ] } },
{ "type": "Feature", "properties": { "CVEGEO": "1904600010369", "CVE_ENT": "19", "CVE_MUN": "046", "CVE_LOC": "0001", "CVE_ASEN": "0369", "CP": "66450", "FECHA_ACT": "11\/2022", "INSTITUCIO": "SECRETARÍA OBRAS PÚBLICAS Y DESARROLLO URBANO DEL MUNICIPIO DE SAN NICOLÁS DE LOS GARZA", "NOM_ASEN": "CUAUHTÉMOC SEGUNDO SECTOR", "TIPO": "COLONIA", "Shape_Leng": 2302.6810405000001, "Shape_Area": 301911.45671 }, "geometry": { "type": "MultiPolygon", "coordinates": [ [ [ [ -100.298241142319625, 25.726528087744821 ], [ -100.298085341960729, 25.726718238672973 ], [ -100.297861202754262, 25.726975424788879 ], [ -100.2976980227822, 25.727166848295827 ], [ -100.297480184271862, 25.727418547913434 ], [ -100.297341135749022, 25.727607202881682 ], [ -100.297192650388197, 25.727877577617075 ], [ -100.297064119689892, 25.72812461989782 ], [ -100.297061128612881, 25.728130200305593 ], [ -100.296949920848093, 25.728337669077163 ], [ -100.296829382752023, 25.728616883437148 ], [ -100.296727586310482, 25.728842114510758 ], [ -100.296589814103555, 25.729155682104949 ], [ -100.296507082222988, 25.72933283794881 ], [ -100.296275957507518, 25.729827725889265 ], [ -100.296027666627964, 25.730393686797402 ], [ -100.29594867231242, 25.730347640398733 ], [ -100.295610577098145, 25.730215995136003 ], [ -100.294810518713021, 25.729907831967544 ], [ -100.294380647971835, 25.729741355065922 ], [ -100.29388480328663, 25.729605040662925 ], [ -100.291890829954625, 25.729189124989762 ], [ -100.292029556024744, 25.728630085750606 ], [ -100.292159926549672, 25.728115916536701 ], [ -100.292294359131418, 25.727600403100194 ], [ -100.292426327538251, 25.727073144185358 ], [ -100.292563215390587, 25.726531413116547 ], [ -100.292689438709019, 25.72602832695755 ], [ -100.292792264347398, 25.725620003197662 ], [ -100.292822949723401, 25.725505352115778 ], [ -100.292956254088665, 25.724995430267022 ], [ -100.293085210061435, 25.72447694437458 ], [ -100.293217390147746, 25.723973173849867 ], [ -100.293309107279185, 25.723612612431538 ], [ -100.293533312503541, 25.722734209689534 ], [ -100.295804049920847, 25.72435025244808 ], [ -100.296636011222731, 25.725082793002198 ], [ -100.298388477652637, 25.726333985421231 ], [ -100.298241142319625, 25.726528087744821 ] ] ] ] } },
{ "type": "Feature", "properties": { "CVEGEO": "1904600010370", "CVE_ENT": "19", "CVE_MUN": "046", "CVE_LOC": "0001", "CVE_ASEN": "0370", "CP": "66450", "FECHA_ACT": "11\/2022", "INSTITUCIO": "SECRETARÍA OBRAS PÚBLICAS Y DESARROLLO URBANO DEL MUNICIPIO DE SAN NICOLÁS DE LOS GARZA", "NOM_ASEN": "CUAUHTÉMOC TERCER SECTOR", "TIPO": "COLONIA", "Shape_Leng": 2020.40356849, "Shape_Area": 238318.48032 }, "geometry": { "type": "MultiPolygon", "coordinates": [ [ [ [ -100.291890829954625, 25.729189124989762 ], [ -100.29388480328663, 25.729605040662925 ], [ -100.294380647971835, 25.729741355065922 ], [ -100.294810518713021, 25.729907831967544 ], [ -100.295610577098145, 25.730215995136003 ], [ -100.29594867231242, 25.730347640398733 ], [ -100.296027666627964, 25.730393686797402 ], [ -100.296820179676374, 25.730883681110239 ], [ -100.297841392206607, 25.731506603051969 ], [ -100.298075407266737, 25.731810751257761 ], [ -100.297594740463978, 25.73215957248344 ], [ -100.297156405303681, 25.732484107927903 ], [ -100.296710305645234, 25.732812429676038 ], [ -100.296233465105615, 25.73316106823259 ], [ -100.295760185602262, 25.733515608314775 ], [ -100.295616215373727, 25.733625413612572 ], [ -100.29521502216457, 25.733826317380593 ], [ -100.294615923155078, 25.734129700927578 ], [ -100.2939560904384, 25.734364182852765 ], [ -100.293851933818786, 25.734272285592713 ], [ -100.293464664479387, 25.733930618794055 ], [ -100.293112999166965, 25.733599799793716 ], [ -100.292956077671718, 25.733451969371092 ], [ -100.292813036039547, 25.733317221434419 ], [ -100.292781931659164, 25.733289664976194 ], [ -100.292415842274437, 25.732981896281657 ], [ -100.292271737932637, 25.732948781891121 ], [ -100.292095806278653, 25.732947687886362 ], [ -100.292052545195034, 25.732947408082286 ], [ -100.291759170159878, 25.7330217106703 ], [ -100.291482782421639, 25.733077729354314 ], [ -100.29088085527863, 25.73316746293078 ], [ -100.291074108252658, 25.732387755778387 ], [ -100.291208218168137, 25.731869119537979 ], [ -100.291338050666269, 25.731352956487903 ], [ -100.291472748460833, 25.730819915405498 ], [ -100.291606205193389, 25.730308518161539 ], [ -100.291738224078316, 25.729794291549744 ], [ -100.291890829954625, 25.729189124989762 ] ] ] ] } },
{ "type": "Feature", "properties": { "CVEGEO": "1904600010371", "CVE_ENT": "19", "CVE_MUN": "046", "CVE_LOC": "0001", "CVE_ASEN": "0371", "CP": "66486", "FECHA_ACT": "11\/2022", "INSTITUCIO": "SECRETARÍA OBRAS PÚBLICAS Y DESARROLLO URBANO DEL MUNICIPIO DE SAN NICOLÁS DE LOS GARZA", "NOM_ASEN": "FIDEL VELAZQUEZ SANCHEZ SEGUNDO SECTOR", "TIPO": "COLONIA", "Shape_Leng": 1046.87231208, "Shape_Area": 67139.551173900007 }, "geometry": { "type": "MultiPolygon", "coordinates": [ [ [ [ -100.254769487315102, 25.711866876713252 ], [ -100.254922289624631, 25.712263690325848 ], [ -100.255059319697253, 25.712647889964018 ], [ -100.255082689814842, 25.712716890045428 ], [ -100.255220320469959, 25.713079849877605 ], [ -100.255273979990392, 25.713219459970045 ], [ -100.255359110462777, 25.713471429790012 ], [ -100.255372050458533, 25.713515940379743 ], [ -100.255508019980184, 25.713859940029515 ], [ -100.255571997868628, 25.714037135495222 ], [ -100.254964941744845, 25.714254944326971 ], [ -100.254773630496459, 25.714332301541216 ], [ -100.254201567272958, 25.714547565314497 ], [ -100.253998465211055, 25.714623227849447 ], [ -100.253108710189721, 25.714958790363958 ], [ -100.253112353963587, 25.714737990383814 ], [ -100.252963197318209, 25.714323788461687 ], [ -100.25284128221962, 25.713959999969294 ], [ -100.252709162691318, 25.713585379430427 ], [ -100.252609705084936, 25.713297788989113 ], [ -100.252496294446928, 25.7129529036586 ], [ -100.252478046921524, 25.712899686641105 ], [ -100.252361736051213, 25.712560410776497 ], [ -100.253654385771156, 25.712195390567 ], [ -100.254398475157515, 25.71197571980758 ], [ -100.254769487315102, 25.711866876713252 ] ] ] ] } },
{ "type": "Feature", "properties": { "CVEGEO": "1904600010372", "CVE_ENT": "19", "CVE_MUN": "046", "CVE_LOC": "0001", "CVE_ASEN": "0372", "CP": "66417", "FECHA_ACT": "11\/2022", "INSTITUCIO": "SECRETARÍA OBRAS PÚBLICAS Y DESARROLLO URBANO DEL MUNICIPIO DE SAN NICOLÁS DE LOS GARZA", "NOM_ASEN": "HACIENDA DEL ROBLE SEGUNDO SECTOR", "TIPO": "COLONIA", "Shape_Leng": 603.63438259300005, "Shape_Area": 19430.347767200001 }, "geometry": { "type": "MultiPolygon", "coordinates": [ [ [ [ -100.276013645361544, 25.762748464581357 ], [ -100.276141393462495, 25.762433425693835 ], [ -100.276147117573487, 25.762390952142201 ], [ -100.276242099540767, 25.762156037003027 ], [ -100.276302054965143, 25.762007749618054 ], [ -100.276442432383391, 25.761626940641197 ], [ -100.27660797280241, 25.761275298243053 ], [ -100.277375557292416, 25.761559053968675 ], [ -100.277565737150169, 25.761633129045215 ], [ -100.277192881549979, 25.762317158167402 ], [ -100.276630937040423, 25.763304439142296 ], [ -100.275919273275619, 25.763132101004889 ], [ -100.275882760174582, 25.763120342610925 ], [ -100.275948278617463, 25.762922473044753 ], [ -100.276013645361544, 25.762748464581357 ] ] ] ] } },
{ "type": "Feature", "properties": { "CVEGEO": "1904600010373", "CVE_ENT": "19", "CVE_MUN": "046", "CVE_LOC": "0001", "CVE_ASEN": "0373", "CP": "66496", "FECHA_ACT": "11\/2022", "INSTITUCIO": "SECRETARÍA OBRAS PÚBLICAS Y DESARROLLO URBANO DEL MUNICIPIO DE SAN NICOLÁS DE LOS GARZA", "NOM_ASEN": "HACIENDA LOS MORALES TERCER SECTOR SEGUNDA ETAPA", "TIPO": "COLONIA", "Shape_Leng": 2207.8657008099999, "Shape_Area": 276014.879594 }, "geometry": { "type": "MultiPolygon", "coordinates": [ [ [ [ -100.235929092094821, 25.711991325939408 ], [ -100.236618205666275, 25.711874962175866 ], [ -100.237821096832903, 25.7116958166934 ], [ -100.239040514996802, 25.711527289431118 ], [ -100.239520260649002, 25.711464496701687 ], [ -100.240226118832908, 25.711361408185201 ], [ -100.241686625307707, 25.711149744617128 ], [ -100.241707114447934, 25.71125818591743 ], [ -100.241741970413642, 25.711442660451983 ], [ -100.241810380077624, 25.711874420121219 ], [ -100.241847229931111, 25.711925339854311 ], [ -100.242048378245613, 25.713125965073278 ], [ -100.242099969932951, 25.71344236957264 ], [ -100.24227225965187, 25.714508480128945 ], [ -100.242327029563484, 25.714828349845245 ], [ -100.242339259818422, 25.714907979937099 ], [ -100.242441338653023, 25.715408029834553 ], [ -100.242566886086692, 25.71613705766049 ], [ -100.242591491623244, 25.716279938403897 ], [ -100.242597086542773, 25.716331240958535 ], [ -100.242602477643686, 25.716380660989913 ], [ -100.242668432434201, 25.716738193196818 ], [ -100.242720581870458, 25.71702090867068 ], [ -100.241723581928795, 25.717139695409415 ], [ -100.241324512662018, 25.716734730628964 ], [ -100.240871238381359, 25.716484997999295 ], [ -100.240210417203286, 25.716132350046145 ], [ -100.238066080319896, 25.715084780424231 ], [ -100.237961212821972, 25.715032998585698 ], [ -100.237869219745861, 25.714995222029945 ], [ -100.23743540247294, 25.71477056625708 ], [ -100.237027400460917, 25.714581942564955 ], [ -100.236813095083775, 25.71443724188493 ], [ -100.236625551455873, 25.714270557015389 ], [ -100.236468002806021, 25.714098172506205 ], [ -100.236343483161917, 25.713924486851592 ], [ -100.236254298687498, 25.713734496414904 ], [ -100.23622952886744, 25.713654783171126 ], [ -100.236074558192897, 25.712768298318117 ], [ -100.236030830143164, 25.712510660108581 ], [ -100.235929092094821, 25.711991325939408 ] ] ] ] } },
{ "type": "Feature", "properties": { "CVEGEO": "1904600010374", "CVE_ENT": "19", "CVE_MUN": "046", "CVE_LOC": "0001", "CVE_ASEN": "0374", "CP": "66496", "FECHA_ACT": "11\/2022", "INSTITUCIO": "SECRETARÍA OBRAS PÚBLICAS Y DESARROLLO URBANO DEL MUNICIPIO DE SAN NICOLÁS DE LOS GARZA", "NOM_ASEN": "HACIENDA LOS MORALES TERCER SECTOR TERCERA ETAPA", "TIPO": "COLONIA", "Shape_Leng": 2712.8258130600002, "Shape_Area": 316452.53101099998 }, "geometry": { "type": "MultiPolygon", "coordinates": [ [ [ [ -100.241723581928795, 25.717139695409415 ], [ -100.241993889971013, 25.717523982233221 ], [ -100.242916987406261, 25.718903475241724 ], [ -100.242640687673699, 25.719006861889312 ], [ -100.242098400808715, 25.719192565670433 ], [ -100.24206701724566, 25.719199772676355 ], [ -100.242010557780986, 25.719212736544826 ], [ -100.241540879540068, 25.719284716951776 ], [ -100.240977027479133, 25.71929270421462 ], [ -100.24073890125041, 25.719294128970148 ], [ -100.240506320120872, 25.719297179605686 ], [ -100.240487468480524, 25.719297585958749 ], [ -100.240400788511863, 25.719299430719136 ], [ -100.2393141674482, 25.719322578490239 ], [ -100.23897974656218, 25.719330739099426 ], [ -100.238851860436213, 25.719333862505572 ], [ -100.238515248809051, 25.719340093019728 ], [ -100.238069137835282, 25.719350531833118 ], [ -100.237652285744133, 25.71935141400937 ], [ -100.237392070362688, 25.719353623656986 ], [ -100.236055542682948, 25.719361952150457 ], [ -100.235562468300088, 25.719414769995797 ], [ -100.235374568385694, 25.719459663066154 ], [ -100.235300729596531, 25.717677186079626 ], [ -100.235233769789644, 25.71740320093188 ], [ -100.235265339271763, 25.717283091151945 ], [ -100.235244949672335, 25.716795859654059 ], [ -100.235187375126586, 25.71580169694926 ], [ -100.235186832046395, 25.715412113199296 ], [ -100.235193567073253, 25.715250650896213 ], [ -100.235175394895236, 25.715128406381449 ], [ -100.235093764146015, 25.715054466376927 ], [ -100.23501491375788, 25.714999334543482 ], [ -100.234958957203744, 25.714946177636492 ], [ -100.234876740605145, 25.714835637975309 ], [ -100.234882998357804, 25.714747356293127 ], [ -100.23496151029164, 25.714543060854567 ], [ -100.235117676521369, 25.714138732295638 ], [ -100.235764088278557, 25.71254915145542 ], [ -100.235879745608059, 25.712172571368242 ], [ -100.235929092094821, 25.711991325939408 ], [ -100.236030830143164, 25.712510660108581 ], [ -100.236074558192897, 25.712768298318117 ], [ -100.23622952886744, 25.713654783171126 ], [ -100.236254298687498, 25.713734496414904 ], [ -100.236343483161917, 25.713924486851592 ], [ -100.236468002806021, 25.714098172506205 ], [ -100.236625551455873, 25.714270557015389 ], [ -100.236813095083775, 25.71443724188493 ], [ -100.237027400460917, 25.714581942564955 ], [ -100.23743540247294, 25.71477056625708 ], [ -100.237869219745861, 25.714995222029945 ], [ -100.237961212821972, 25.715032998585698 ], [ -100.238066080319896, 25.715084780424231 ], [ -100.240210417203286, 25.716132350046145 ], [ -100.240871238381359, 25.716484997999295 ], [ -100.241324512662018, 25.716734730628964 ], [ -100.241723581928795, 25.717139695409415 ] ] ] ] } },
{ "type": "Feature", "properties": { "CVEGEO": "1904600010375", "CVE_ENT": "19", "CVE_MUN": "046", "CVE_LOC": "0001", "CVE_ASEN": "0375", "CP": "66480", "FECHA_ACT": "11\/2022", "INSTITUCIO": "SECRETARÍA OBRAS PÚBLICAS Y DESARROLLO URBANO DEL MUNICIPIO DE SAN NICOLÁS DE LOS GARZA", "NOM_ASEN": "HACIENDA NOGALAR", "TIPO": "COLONIA", "Shape_Leng": 697.16063842100004, "Shape_Area": 31237.4658614 }, "geometry": { "type": "MultiPolygon", "coordinates": [ [ [ [ -100.277249973876579, 25.716591313540402 ], [ -100.277263261300064, 25.716386937790958 ], [ -100.277272615331341, 25.716318053435199 ], [ -100.277277948334927, 25.71625339557087 ], [ -100.277292655853856, 25.716171161887207 ], [ -100.277309010250335, 25.716128582909317 ], [ -100.277345336900581, 25.716077151050914 ], [ -100.277299438598973, 25.715869261369665 ], [ -100.277723349145191, 25.715687987040429 ], [ -100.277949208292029, 25.715598033107614 ], [ -100.278177142584013, 25.715507257889804 ], [ -100.278588297329449, 25.715348158824764 ], [ -100.27868563880331, 25.715552794430749 ], [ -100.279217111217292, 25.716704160546175 ], [ -100.279296505489896, 25.716893571139153 ], [ -100.278772770925286, 25.717398638665472 ], [ -100.278488813398212, 25.717674503125899 ], [ -100.278462292422446, 25.717651640841158 ], [ -100.278304926128513, 25.717504256800254 ], [ -100.278277551998826, 25.717476267799409 ], [ -100.277476580028605, 25.716772298959881 ], [ -100.277285182456168, 25.71661922654588 ], [ -100.277249973876579, 25.716591313540402 ] ] ] ] } },
{ "type": "Feature", "properties": { "CVEGEO": "1904600010376", "CVE_ENT": "19", "CVE_MUN": "046", "CVE_LOC": "0001", "CVE_ASEN": "0376", "CP": "66415", "FECHA_ACT": "11\/2022", "INSTITUCIO": "SECRETARÍA OBRAS PÚBLICAS Y DESARROLLO URBANO DEL MUNICIPIO DE SAN NICOLÁS DE LOS GARZA", "NOM_ASEN": "HÉROES DE MÉXICO PRIMER SECTOR", "TIPO": "COLONIA", "Shape_Leng": 1002.24088319, "Shape_Area": 49441.137067900003 }, "geometry": { "type": "MultiPolygon", "coordinates": [ [ [ [ -100.264925419710124, 25.762450395494504 ], [ -100.264392077244096, 25.762313814754911 ], [ -100.26433164610755, 25.762337936827265 ], [ -100.264679913162695, 25.761260625423322 ], [ -100.265308150275317, 25.76143135166312 ], [ -100.265847294738379, 25.761588830117734 ], [ -100.265875719255035, 25.761498600372235 ], [ -100.265998012976368, 25.761136609002982 ], [ -100.267185486844426, 25.761446347132189 ], [ -100.267579528545994, 25.761549940504331 ], [ -100.268005215013901, 25.761692932033295 ], [ -100.267927449510509, 25.762027319602382 ], [ -100.267766424456823, 25.762390102076221 ], [ -100.26760089588268, 25.762749157194641 ], [ -100.267453734282512, 25.763125988559889 ], [ -100.265740523539748, 25.762655060190866 ], [ -100.265545587863173, 25.762601024022345 ], [ -100.265519184326337, 25.76256285181573 ], [ -100.265395614203314, 25.762561278968381 ], [ -100.264925419710124, 25.762450395494504 ] ] ] ] } },
{ "type": "Feature", "properties": { "CVEGEO": "1904600010377", "CVE_ENT": "19", "CVE_MUN": "046", "CVE_LOC": "0001", "CVE_ASEN": "0377", "CP": "66415", "FECHA_ACT": "11\/2022", "INSTITUCIO": "SECRETARÍA OBRAS PÚBLICAS Y DESARROLLO URBANO DEL MUNICIPIO DE SAN NICOLÁS DE LOS GARZA", "NOM_ASEN": "HÉROES DE MÉXICO SEGUNDO SECTOR", "TIPO": "COLONIA", "Shape_Leng": 1679.00867023, "Shape_Area": 48443.485142500002 }, "geometry": { "type": "MultiPolygon", "coordinates": [ [ [ [ -100.267185486844426, 25.761446347132189 ], [ -100.265998012976368, 25.761136609002982 ], [ -100.265875719255035, 25.761498600372235 ], [ -100.265847294738379, 25.761588830117734 ], [ -100.265308150275317, 25.76143135166312 ], [ -100.264679913162695, 25.761260625423322 ], [ -100.263478285098941, 25.760935829496962 ], [ -100.263002272259683, 25.76085388722942 ], [ -100.262964325975659, 25.760820162782885 ], [ -100.263325783137333, 25.76050128053685 ], [ -100.263499389343096, 25.760331603615445 ], [ -100.263656793020559, 25.760187416640015 ], [ -100.263813301839846, 25.760028326921031 ], [ -100.265851077583562, 25.760585176468716 ], [ -100.26659076360059, 25.760745046021931 ], [ -100.268058232999337, 25.760800041527538 ], [ -100.268642976970696, 25.760841219950127 ], [ -100.270314121585756, 25.761266349764462 ], [ -100.270262483681478, 25.761477600090654 ], [ -100.269812849239827, 25.761366779628858 ], [ -100.269400979196362, 25.761261280974288 ], [ -100.268566849668943, 25.761048539682413 ], [ -100.268514150438378, 25.761042450857847 ], [ -100.268070255025179, 25.761012672196241 ], [ -100.268041811951363, 25.761010763940273 ], [ -100.268005215013901, 25.761692932033295 ], [ -100.267579528545994, 25.761549940504331 ], [ -100.267185486844426, 25.761446347132189 ] ] ] ] } },
{ "type": "Feature", "properties": { "CVEGEO": "1904600010378", "CVE_ENT": "19", "CVE_MUN": "046", "CVE_LOC": "0001", "CVE_ASEN": "0378", "CP": "66415", "FECHA_ACT": "11\/2022", "INSTITUCIO": "SECRETARÍA OBRAS PÚBLICAS Y DESARROLLO URBANO DEL MUNICIPIO DE SAN NICOLÁS DE LOS GARZA", "NOM_ASEN": "HÉROES DE MÉXICO TERCER SECTOR", "TIPO": "COLONIA", "Shape_Leng": 856.83051358299997, "Shape_Area": 44044.088760500003 }, "geometry": { "type": "MultiPolygon", "coordinates": [ [ [ [ -100.268005215013901, 25.761692932033295 ], [ -100.268041811951363, 25.761010763940273 ], [ -100.268070255025179, 25.761012672196241 ], [ -100.268514150438378, 25.761042450857847 ], [ -100.268566849668943, 25.761048539682413 ], [ -100.269400979196362, 25.761261280974288 ], [ -100.269812849239827, 25.761366779628858 ], [ -100.270262483681478, 25.761477600090654 ], [ -100.270223155405645, 25.761598460194865 ], [ -100.270169273764566, 25.761735708401037 ], [ -100.270099284614432, 25.761913976004013 ], [ -100.269935129228969, 25.762347019772577 ], [ -100.269902941970244, 25.76243479283756 ], [ -100.269827465488774, 25.762631535467417 ], [ -100.269827631278304, 25.762788696330642 ], [ -100.269827911692261, 25.763051827115657 ], [ -100.269828095762449, 25.763223253207926 ], [ -100.26906132689669, 25.763154554759037 ], [ -100.268579799238879, 25.763045905662619 ], [ -100.267705291166649, 25.762762976960243 ], [ -100.26760089588268, 25.762749157194641 ], [ -100.267766424456823, 25.762390102076221 ], [ -100.267927449510509, 25.762027319602382 ], [ -100.268005215013901, 25.761692932033295 ] ] ] ] } },
{ "type": "Feature", "properties": { "CVEGEO": "1904600010380", "CVE_ENT": "19", "CVE_MUN": "046", "CVE_LOC": "0001", "CVE_ASEN": "0380", "CP": "66415", "FECHA_ACT": "11\/2022", "INSTITUCIO": "SECRETARÍA OBRAS PÚBLICAS Y DESARROLLO URBANO DEL MUNICIPIO DE SAN NICOLÁS DE LOS GARZA", "NOM_ASEN": "HÉROES DE MÉXICO CUARTO SECTOR", "TIPO": "COLONIA", "Shape_Leng": 1465.34278161, "Shape_Area": 36799.410808499997 }, "geometry": { "type": "MultiPolygon", "coordinates": [ [ [ [ -100.268058232999337, 25.760800041527538 ], [ -100.26659076360059, 25.760745046021931 ], [ -100.265851077583562, 25.760585176468716 ], [ -100.263813301839846, 25.760028326921031 ], [ -100.263909221985386, 25.759930817726207 ], [ -100.263955900575709, 25.759850623688898 ], [ -100.26408700244076, 25.759625130175156 ], [ -100.266170740313427, 25.760242888726832 ], [ -100.267283811855961, 25.760284618431047 ], [ -100.270531144481239, 25.760466454365755 ], [ -100.270498913753173, 25.760572147478499 ], [ -100.270473640541439, 25.760655093103075 ], [ -100.270384113237895, 25.760998052560957 ], [ -100.270365763617704, 25.761055077664306 ], [ -100.270314121585756, 25.761266349764462 ], [ -100.268642976970696, 25.760841219950127 ], [ -100.268058232999337, 25.760800041527538 ] ] ] ] } },
{ "type": "Feature", "properties": { "CVEGEO": "1904600010381", "CVE_ENT": "19", "CVE_MUN": "046", "CVE_LOC": "0001", "CVE_ASEN": "0381", "CP": "66417", "FECHA_ACT": "11\/2022", "INSTITUCIO": "SECRETARÍA OBRAS PÚBLICAS Y DESARROLLO URBANO DEL MUNICIPIO DE SAN NICOLÁS DE LOS GARZA", "NOM_ASEN": "HÉROES DE MÉXICO SEXTO SECTOR", "TIPO": "COLONIA", "Shape_Leng": 1386.49590083, "Shape_Area": 27118.4992447 }, "geometry": { "type": "MultiPolygon", "coordinates": [ [ [ [ -100.264285647836147, 25.759285069375089 ], [ -100.266373497027914, 25.759877219070418 ], [ -100.268335651945165, 25.759974395834096 ], [ -100.270647428167777, 25.760088855092565 ], [ -100.270613455012366, 25.7602025089185 ], [ -100.270586512860518, 25.760284884910892 ], [ -100.270531144481239, 25.760466454365755 ], [ -100.267283811855961, 25.760284618431047 ], [ -100.266170740313427, 25.760242888726832 ], [ -100.26408700244076, 25.759625130175156 ], [ -100.264184540231085, 25.75945736314625 ], [ -100.264285647836147, 25.759285069375089 ] ] ] ] } },
{ "type": "Feature", "properties": { "CVEGEO": "1904600010382", "CVE_ENT": "19", "CVE_MUN": "046", "CVE_LOC": "0001", "CVE_ASEN": "0382", "CP": "00000", "FECHA_ACT": "11\/2022", "INSTITUCIO": "SECRETARÍA OBRAS PÚBLICAS Y DESARROLLO URBANO DEL MUNICIPIO DE SAN NICOLÁS DE LOS GARZA", "NOM_ASEN": "HÉROES DE MÉXICO SEPTIMO SECTOR", "TIPO": "COLONIA", "Shape_Leng": 1435.3027382, "Shape_Area": 28608.113854399999 }, "geometry": { "type": "MultiPolygon", "coordinates": [ [ [ [ -100.264480737329379, 25.758953045114641 ], [ -100.266546020174118, 25.75951668365666 ], [ -100.26840558867012, 25.759610115545485 ], [ -100.268415900301136, 25.75941711756829 ], [ -100.268422186814917, 25.759296286426743 ], [ -100.269107885603873, 25.759322183178277 ], [ -100.269100095978374, 25.759453938014346 ], [ -100.269086634985172, 25.759644784685648 ], [ -100.270757646380687, 25.759733307230192 ], [ -100.270727180981353, 25.759832068560971 ], [ -100.270700832292547, 25.759910204554448 ], [ -100.270647428167777, 25.760088855092565 ], [ -100.268335651945165, 25.759974395834096 ], [ -100.266373497027914, 25.759877219070418 ], [ -100.264285647836147, 25.759285069375089 ], [ -100.264386759251408, 25.759112770118055 ], [ -100.264480737329379, 25.758953045114641 ] ] ] ] } },
{ "type": "Feature", "properties": { "CVEGEO": "1904600010383", "CVE_ENT": "19", "CVE_MUN": "046", "CVE_LOC": "0001", "CVE_ASEN": "0383", "CP": "66470", "FECHA_ACT": "11\/2022", "INSTITUCIO": "SECRETARÍA OBRAS PÚBLICAS Y DESARROLLO URBANO DEL MUNICIPIO DE SAN NICOLÁS DE LOS GARZA", "NOM_ASEN": "INDUSTRIAS DEL VIDRIO AMPLIACIÓN ORIENTE SEGUNDO SECTOR", "TIPO": "COLONIA", "Shape_Leng": 1706.50239551, "Shape_Area": 160114.39354399999 }, "geometry": { "type": "MultiPolygon", "coordinates": [ [ [ [ -100.236261133565279, 25.728076786652746 ], [ -100.2363227314125, 25.727535674645164 ], [ -100.236393402438537, 25.727096602026368 ], [ -100.236232040230377, 25.726331804653302 ], [ -100.236099838476648, 25.725793858903653 ], [ -100.235985844249285, 25.725393048002612 ], [ -100.235961676566632, 25.725361457624544 ], [ -100.235869601255715, 25.724992420439651 ], [ -100.235582122937586, 25.724009066606289 ], [ -100.236081458946146, 25.723909202511706 ], [ -100.236060479336743, 25.723865103569509 ], [ -100.238041749724033, 25.723218040037182 ], [ -100.238389610102431, 25.723075505538016 ], [ -100.238449136803226, 25.723296537021422 ], [ -100.238454917273103, 25.723356431881932 ], [ -100.23871837652365, 25.724303270986479 ], [ -100.238750159969044, 25.724381593589662 ], [ -100.238856198707367, 25.724765311304992 ], [ -100.238956973723461, 25.725182664134547 ], [ -100.239064114833027, 25.725623434161484 ], [ -100.239409322036607, 25.72696187462866 ], [ -100.239637265358127, 25.727777058445753 ], [ -100.2396587829884, 25.727854005741424 ], [ -100.239756276080726, 25.728202666742821 ], [ -100.239774424341249, 25.72826756585005 ], [ -100.238534998936032, 25.728342034125554 ], [ -100.238152786771593, 25.728329926662628 ], [ -100.237938370979904, 25.728307724995449 ], [ -100.236877462404593, 25.72815161927274 ], [ -100.236261133565279, 25.728076786652746 ] ] ] ] } },
{ "type": "Feature", "properties": { "CVEGEO": "1904600010384", "CVE_ENT": "19", "CVE_MUN": "046", "CVE_LOC": "0001", "CVE_ASEN": "0384", "CP": "66470", "FECHA_ACT": "11\/2022", "INSTITUCIO": "SECRETARÍA OBRAS PÚBLICAS Y DESARROLLO URBANO DEL MUNICIPIO DE SAN NICOLÁS DE LOS GARZA", "NOM_ASEN": "INDUSTRIAS DEL VIDRIO AMPLIACIÓN ORIENTE TERCER SECTOR", "TIPO": "COLONIA", "Shape_Leng": 1372.0765139099999, "Shape_Area": 114294.86862 }, "geometry": { "type": "MultiPolygon", "coordinates": [ [ [ [ -100.233342651170659, 25.726576170247888 ], [ -100.233338897543248, 25.726359304314048 ], [ -100.233388095102214, 25.724764173796029 ], [ -100.233750070441118, 25.724620393021215 ], [ -100.233836835420945, 25.724596806164254 ], [ -100.233976308694679, 25.724424755182316 ], [ -100.235582122937586, 25.724009066606289 ], [ -100.235869601255715, 25.724992420439651 ], [ -100.235961676566632, 25.725361457624544 ], [ -100.235985844249285, 25.725393048002612 ], [ -100.236099838476648, 25.725793858903653 ], [ -100.236232040230377, 25.726331804653302 ], [ -100.236393402438537, 25.727096602026368 ], [ -100.2363227314125, 25.727535674645164 ], [ -100.236261133565279, 25.728076786652746 ], [ -100.23567225105495, 25.728013480874704 ], [ -100.235341398809467, 25.727997131749742 ], [ -100.234838712381588, 25.727981713407118 ], [ -100.234082706123516, 25.728109230111045 ], [ -100.233679463890383, 25.728072132089913 ], [ -100.233150884803067, 25.728023111211776 ], [ -100.233257745544535, 25.727596183396617 ], [ -100.233315594023978, 25.72721017723596 ], [ -100.233331537325739, 25.72677857386072 ], [ -100.233342651170659, 25.726576170247888 ] ] ] ] } },
{ "type": "Feature", "properties": { "CVEGEO": "1904600010385", "CVE_ENT": "19", "CVE_MUN": "046", "CVE_LOC": "0001", "CVE_ASEN": "0385", "CP": "66470", "FECHA_ACT": "11\/2022", "INSTITUCIO": "SECRETARÍA OBRAS PÚBLICAS Y DESARROLLO URBANO DEL MUNICIPIO DE SAN NICOLÁS DE LOS GARZA", "NOM_ASEN": "INDUSTRIAS DEL VIDRIO AMPLIACIÓN ORIENTE CUARTO SECTOR", "TIPO": "COLONIA", "Shape_Leng": 1560.4344709100001, "Shape_Area": 143328.26380799999 }, "geometry": { "type": "MultiPolygon", "coordinates": [ [ [ [ -100.23440586079461, 25.719848753813071 ], [ -100.234770145848415, 25.72044572457277 ], [ -100.234982354160863, 25.72083009123261 ], [ -100.23494664906282, 25.720861701912735 ], [ -100.234880110980157, 25.720970918137812 ], [ -100.235080590105056, 25.721813352848919 ], [ -100.235146805330984, 25.722349250521834 ], [ -100.235207862849904, 25.72274079282203 ], [ -100.235267373776679, 25.722718893174516 ], [ -100.235321626093807, 25.723097227639759 ], [ -100.235343948498766, 25.723153016820429 ], [ -100.235400228756021, 25.723463174116038 ], [ -100.235430257862888, 25.723524014180807 ], [ -100.235591384336331, 25.723900015655911 ], [ -100.235582122937586, 25.724009066606289 ], [ -100.233976308694679, 25.724424755182316 ], [ -100.233836835420945, 25.724596806164254 ], [ -100.233750070441118, 25.724620393021215 ], [ -100.233388095102214, 25.724764173796029 ], [ -100.233340326186507, 25.724783147997343 ], [ -100.232670877431246, 25.724855035107122 ], [ -100.232639145308582, 25.724831122920769 ], [ -100.232525455611736, 25.724455580191094 ], [ -100.232574257525442, 25.724440828139066 ], [ -100.232456887733761, 25.724045398598395 ], [ -100.231887788694976, 25.722078834821811 ], [ -100.2315370245949, 25.72104724534999 ], [ -100.231916723590587, 25.7208824992723 ], [ -100.232183994290665, 25.720771763487541 ], [ -100.233116240119017, 25.720385503101156 ], [ -100.234205377480066, 25.719933586413912 ], [ -100.23440586079461, 25.719848753813071 ] ] ] ] } },
{ "type": "Feature", "properties": { "CVEGEO": "1904600010386", "CVE_ENT": "19", "CVE_MUN": "046", "CVE_LOC": "0001", "CVE_ASEN": "0386", "CP": "66470", "FECHA_ACT": "11\/2022", "INSTITUCIO": "SECRETARÍA OBRAS PÚBLICAS Y DESARROLLO URBANO DEL MUNICIPIO DE SAN NICOLÁS DE LOS GARZA", "NOM_ASEN": "INDUSTRIAS DEL VIDRIO AMPLIACIÓN ORIENTE QUINTO SECTOR", "TIPO": "COLONIA", "Shape_Leng": 1827.1759679199999, "Shape_Area": 106204.717749 }, "geometry": { "type": "MultiPolygon", "coordinates": [ [ [ [ -100.232003008256527, 25.726719147860127 ], [ -100.231907842775954, 25.726590408998614 ], [ -100.23177149627989, 25.726291308735647 ], [ -100.231605487022307, 25.725835889123722 ], [ -100.231571282561049, 25.725847504188867 ], [ -100.231435515044808, 25.725539676240288 ], [ -100.231158442039529, 25.72462498126983 ], [ -100.231012195593593, 25.724178570180229 ], [ -100.230883928283546, 25.723741535085406 ], [ -100.230876619665793, 25.723651759268762 ], [ -100.230637100978825, 25.722847245377412 ], [ -100.230308609345741, 25.72174533740375 ], [ -100.230256345032942, 25.721627246934343 ], [ -100.23047141305139, 25.721526646061974 ], [ -100.230744801417785, 25.721390976380896 ], [ -100.2315370245949, 25.72104724534999 ], [ -100.231887788694976, 25.722078834821811 ], [ -100.232456887733761, 25.724045398598395 ], [ -100.232574257525442, 25.724440828139066 ], [ -100.232525455611736, 25.724455580191094 ], [ -100.232639145308582, 25.724831122920769 ], [ -100.232670877431246, 25.724855035107122 ], [ -100.233340326186507, 25.724783147997343 ], [ -100.233388095102214, 25.724764173796029 ], [ -100.233338897543248, 25.726359304314048 ], [ -100.233342651170659, 25.726576170247888 ], [ -100.233331537325739, 25.72677857386072 ], [ -100.233315594023978, 25.72721017723596 ], [ -100.233257745544535, 25.727596183396617 ], [ -100.233150884803067, 25.728023111211776 ], [ -100.232790919067583, 25.728103219447465 ], [ -100.232729707498493, 25.728116835304391 ], [ -100.232712989131912, 25.727976166557134 ], [ -100.232683246207529, 25.727801276748536 ], [ -100.232628518910715, 25.72762519737288 ], [ -100.232572601065968, 25.727500274852378 ], [ -100.232440229539392, 25.727298969779646 ], [ -100.232361216684055, 25.727203728091688 ], [ -100.232003008256527, 25.726719147860127 ] ] ] ] } },
{ "type": "Feature", "properties": { "CVEGEO": "1904600010387", "CVE_ENT": "19", "CVE_MUN": "046", "CVE_LOC": "0001", "CVE_ASEN": "0387", "CP": "66420", "FECHA_ACT": "11\/2022", "INSTITUCIO": "SECRETARÍA OBRAS PÚBLICAS Y DESARROLLO URBANO DEL MUNICIPIO DE SAN NICOLÁS DE LOS GARZA", "NOM_ASEN": "ITURBIDE SEGUNDO SECTOR", "TIPO": "COLONIA", "Shape_Leng": 1175.44338032, "Shape_Area": 76155.23616 }, "geometry": { "type": "MultiPolygon", "coordinates": [ [ [ [ -100.305618764549848, 25.753253343316512 ], [ -100.305311630619002, 25.75360979490798 ], [ -100.305214573937832, 25.753796857072636 ], [ -100.304976410724436, 25.754258542166216 ], [ -100.30481486491162, 25.754580535988566 ], [ -100.304747949084842, 25.75470961904669 ], [ -100.304508143756664, 25.755179760463612 ], [ -100.304383332620617, 25.755420446198841 ], [ -100.303682448951349, 25.755392007887206 ], [ -100.30217379252079, 25.755330836032591 ], [ -100.302174871659901, 25.755222547568021 ], [ -100.302219642277379, 25.75503628737626 ], [ -100.301669679066379, 25.75500110191884 ], [ -100.301700049515077, 25.754537775989867 ], [ -100.301725390584394, 25.754067357700031 ], [ -100.301758467430844, 25.753605819999006 ], [ -100.301960831722681, 25.75361663722089 ], [ -100.30199731956543, 25.753073078551562 ], [ -100.302091533411115, 25.753077889003301 ], [ -100.302666160037703, 25.753112110322611 ], [ -100.302980349300952, 25.753130824703078 ], [ -100.303275275080139, 25.753148387889631 ], [ -100.304186116658357, 25.753197413286383 ], [ -100.304909686940761, 25.753236632525756 ], [ -100.305240805900894, 25.753252881559899 ], [ -100.305618764549848, 25.753253343316512 ] ] ] ] } },
{ "type": "Feature", "properties": { "CVEGEO": "1904600010388", "CVE_ENT": "19", "CVE_MUN": "046", "CVE_LOC": "0001", "CVE_ASEN": "0388", "CP": "66420", "FECHA_ACT": "11\/2022", "INSTITUCIO": "SECRETARÍA OBRAS PÚBLICAS Y DESARROLLO URBANO DEL MUNICIPIO DE SAN NICOLÁS DE LOS GARZA", "NOM_ASEN": "ITURBIDE TERCER SECTOR", "TIPO": "COLONIA", "Shape_Leng": 760.42131774100005, "Shape_Area": 26265.074814899999 }, "geometry": { "type": "MultiPolygon", "coordinates": [ [ [ [ -100.304508143756664, 25.755179760463612 ], [ -100.304747949084842, 25.75470961904669 ], [ -100.30481486491162, 25.754580535988566 ], [ -100.304976410724436, 25.754258542166216 ], [ -100.305214573937832, 25.753796857072636 ], [ -100.305311630619002, 25.75360979490798 ], [ -100.305618764549848, 25.753253343316512 ], [ -100.305824583421881, 25.753227187331575 ], [ -100.306128679486662, 25.753140493972019 ], [ -100.306370819876989, 25.753111799821042 ], [ -100.306414911463065, 25.753111730791655 ], [ -100.3063878655324, 25.753241251932863 ], [ -100.306246666191257, 25.753632332837118 ], [ -100.306086501335841, 25.754081421289509 ], [ -100.305936228367443, 25.754516865273605 ], [ -100.305769931054684, 25.754950659146552 ], [ -100.305674536156161, 25.755361157929471 ], [ -100.305663809417922, 25.75539417549377 ], [ -100.30565780744169, 25.755422630657765 ], [ -100.305708680300071, 25.755458571106814 ], [ -100.305594702406907, 25.755435453306884 ], [ -100.305585239534253, 25.75544237578703 ], [ -100.305513373455128, 25.755509041516159 ], [ -100.304552037319425, 25.755417631314348 ], [ -100.304383332620617, 25.755420446198841 ], [ -100.304508143756664, 25.755179760463612 ] ] ] ] } },
{ "type": "Feature", "properties": { "CVEGEO": "1904600010389", "CVE_ENT": "19", "CVE_MUN": "046", "CVE_LOC": "0001", "CVE_ASEN": "0389", "CP": "66476", "FECHA_ACT": "11\/2022", "INSTITUCIO": "SECRETARÍA OBRAS PÚBLICAS Y DESARROLLO URBANO DEL MUNICIPIO DE SAN NICOLÁS DE LOS GARZA", "NOM_ASEN": "LA ESTANCIA SEGUNDO SECTOR", "TIPO": "COLONIA", "Shape_Leng": 1820.8803715900001, "Shape_Area": 79323.988306900006 }, "geometry": { "type": "MultiPolygon", "coordinates": [ [ [ [ -100.241194628170021, 25.725472778417252 ], [ -100.240735269063833, 25.725905836207659 ], [ -100.240703507990304, 25.725971846022087 ], [ -100.240630108276491, 25.725682907642852 ], [ -100.240509706979154, 25.725225374849636 ], [ -100.240410920301827, 25.724859864865863 ], [ -100.240318571626716, 25.724505520895875 ], [ -100.240303772173377, 25.724448595273028 ], [ -100.240223469465889, 25.724151942521662 ], [ -100.240116569390011, 25.723777144680049 ], [ -100.240028438098378, 25.723410954275707 ], [ -100.239852114486069, 25.722765217962891 ], [ -100.239668082151155, 25.722061875874331 ], [ -100.239613726648116, 25.721839220533163 ], [ -100.240062249877909, 25.721732419720908 ], [ -100.240155485639875, 25.721746492722023 ], [ -100.240119151948321, 25.721948161810229 ], [ -100.240250631091897, 25.721972919150872 ], [ -100.2402084308372, 25.722164979361924 ], [ -100.240293033011852, 25.722177918678032 ], [ -100.240252923192543, 25.722384931632035 ], [ -100.24035344202764, 25.722402694482842 ], [ -100.240317338795577, 25.722591720418148 ], [ -100.2403918421209, 25.722606947399179 ], [ -100.240359389156623, 25.722844356147494 ], [ -100.240498922063722, 25.722870867144469 ], [ -100.240450582094894, 25.723095584262772 ], [ -100.24052190802729, 25.723110776767204 ], [ -100.240472694670942, 25.723306972032798 ], [ -100.240330073028304, 25.723277964143403 ], [ -100.240446548309649, 25.723731388929664 ], [ -100.241986090872956, 25.723942674895167 ], [ -100.242071490622038, 25.72414665354005 ], [ -100.242479962388785, 25.724010067448852 ], [ -100.242693292014835, 25.723938732127426 ], [ -100.242888610863375, 25.724422381859533 ], [ -100.242901593751355, 25.724454529133823 ], [ -100.24291600581229, 25.724487766175219 ], [ -100.243260480293614, 25.725282219783825 ], [ -100.243735349557227, 25.726412939762827 ], [ -100.243535430391375, 25.726487680439575 ], [ -100.243571842086808, 25.726571435474071 ], [ -100.243611299338099, 25.726662193785575 ], [ -100.243139647717101, 25.726841737982294 ], [ -100.242428269777662, 25.726060620927036 ], [ -100.242230024943495, 25.726211484445578 ], [ -100.24197950826121, 25.726402125862812 ], [ -100.24194543092689, 25.726230606307531 ], [ -100.241631040466189, 25.725916732337684 ], [ -100.241325027951561, 25.725623915483805 ], [ -100.241194628170021, 25.725472778417252 ] ] ] ] } },
{ "type": "Feature", "properties": { "CVEGEO": "1904600010390", "CVE_ENT": "19", "CVE_MUN": "046", "CVE_LOC": "0001", "CVE_ASEN": "0390", "CP": "66476", "FECHA_ACT": "11\/2022", "INSTITUCIO": "SECRETARÍA OBRAS PÚBLICAS Y DESARROLLO URBANO DEL MUNICIPIO DE SAN NICOLÁS DE LOS GARZA", "NOM_ASEN": "LA ESTANCIA TERCER SECTOR", "TIPO": "COLONIA", "Shape_Leng": 1173.7780546700001, "Shape_Area": 59959.453757800002 }, "geometry": { "type": "MultiPolygon", "coordinates": [ [ [ [ -100.241194628170021, 25.725472778417252 ], [ -100.241325027951561, 25.725623915483805 ], [ -100.241631040466189, 25.725916732337684 ], [ -100.24194543092689, 25.726230606307531 ], [ -100.24197950826121, 25.726402125862812 ], [ -100.242230024943495, 25.726211484445578 ], [ -100.242428269777662, 25.726060620927036 ], [ -100.243139647717101, 25.726841737982294 ], [ -100.243611299338099, 25.726662193785575 ], [ -100.243571842086808, 25.726571435474071 ], [ -100.243535430391375, 25.726487680439575 ], [ -100.243735349557227, 25.726412939762827 ], [ -100.243774049640749, 25.726507936291739 ], [ -100.244215523117589, 25.727592115227644 ], [ -100.244250677116526, 25.727678444695542 ], [ -100.244067237197328, 25.727741205664739 ], [ -100.243678667663488, 25.727876648550719 ], [ -100.243581160020199, 25.727915185264607 ], [ -100.243436462420576, 25.727946341349238 ], [ -100.242051468102247, 25.728096008065275 ], [ -100.241648026466862, 25.728135784922429 ], [ -100.241499639972872, 25.728152086726649 ], [ -100.241248583740969, 25.728176613774114 ], [ -100.241074840552585, 25.727471758214389 ], [ -100.240989793278388, 25.727098538102982 ], [ -100.240904405067639, 25.726716515990333 ], [ -100.240841563595538, 25.726498932210667 ], [ -100.240801659789867, 25.726347389088588 ], [ -100.240703507990304, 25.725971846022087 ], [ -100.240735269063833, 25.725905836207659 ], [ -100.241194628170021, 25.725472778417252 ] ] ] ] } },
{ "type": "Feature", "properties": { "CVEGEO": "1904600010391", "CVE_ENT": "19", "CVE_MUN": "046", "CVE_LOC": "0001", "CVE_ASEN": "0391", "CP": "66436", "FECHA_ACT": "11\/2022", "INSTITUCIO": "SECRETARÍA OBRAS PÚBLICAS Y DESARROLLO URBANO DEL MUNICIPIO DE SAN NICOLÁS DE LOS GARZA", "NOM_ASEN": "LAS NUEVAS PUENTES SEGUNDO SECTOR", "TIPO": "COLONIA", "Shape_Leng": 1338.5999634499999, "Shape_Area": 82052.214343900006 }, "geometry": { "type": "MultiPolygon", "coordinates": [ [ [ [ -100.259149220084524, 25.748392387223607 ], [ -100.258894718621917, 25.748379760976817 ], [ -100.258902946652455, 25.748116662293729 ], [ -100.258725089983955, 25.747286417281344 ], [ -100.258628127145812, 25.747281632344787 ], [ -100.259343047915777, 25.746633783734215 ], [ -100.259851697177197, 25.746181343838707 ], [ -100.260265352136571, 25.74653317006327 ], [ -100.260019088790642, 25.746749575428417 ], [ -100.261235523236508, 25.746791775827795 ], [ -100.261250514962782, 25.746887877372728 ], [ -100.2620881551575, 25.746928799410426 ], [ -100.262152251584155, 25.746837271923869 ], [ -100.263302238120119, 25.746886073875938 ], [ -100.26326126189683, 25.747100661222944 ], [ -100.26325697195918, 25.747125941208754 ], [ -100.263190241940507, 25.747519459896967 ], [ -100.26318435216848, 25.747569710134862 ], [ -100.263110661862171, 25.747931430957234 ], [ -100.263089972811571, 25.748055000216468 ], [ -100.263061705771491, 25.748359091411498 ], [ -100.263042922353094, 25.748512249654574 ], [ -100.263030302716871, 25.748563820992118 ], [ -100.25967722914784, 25.748418578406287 ], [ -100.259149220084524, 25.748392387223607 ] ] ] ] } },
{ "type": "Feature", "properties": { "CVEGEO": "1904600010392", "CVE_ENT": "19", "CVE_MUN": "046", "CVE_LOC": "0001", "CVE_ASEN": "0392", "CP": "66475", "FECHA_ACT": "11\/2022", "INSTITUCIO": "SECRETARÍA OBRAS PÚBLICAS Y DESARROLLO URBANO DEL MUNICIPIO DE SAN NICOLÁS DE LOS GARZA", "NOM_ASEN": "LOS ANGELES SEPTIMO SECTOR", "TIPO": "COLONIA", "Shape_Leng": 1464.5101189500001, "Shape_Area": 104671.289718 }, "geometry": { "type": "MultiPolygon", "coordinates": [ [ [ [ -100.236101547683376, 25.734703093896453 ], [ -100.234762785528289, 25.73427087330079 ], [ -100.234582979820857, 25.73421993357907 ], [ -100.234605818923427, 25.734160309208118 ], [ -100.234844059102542, 25.733538375953309 ], [ -100.234970191071668, 25.733187391911336 ], [ -100.234984270033593, 25.733145427253216 ], [ -100.235002208246271, 25.733098752873484 ], [ -100.235238497007188, 25.732417917208803 ], [ -100.235274062806184, 25.732316887927329 ], [ -100.235749160456052, 25.731104380666302 ], [ -100.236111262414013, 25.730058302568352 ], [ -100.236265980343902, 25.730044811889144 ], [ -100.236257294427148, 25.729859703427913 ], [ -100.23631123376029, 25.72985676420878 ], [ -100.23730361126583, 25.729847638050622 ], [ -100.238095974637858, 25.729984210294166 ], [ -100.238133206472057, 25.729990627219664 ], [ -100.238100336135986, 25.730125992350011 ], [ -100.23799827929993, 25.730533320901241 ], [ -100.237822376923745, 25.731096969148073 ], [ -100.237811405493332, 25.731132133454771 ], [ -100.23779693121908, 25.731177043624506 ], [ -100.237469934601094, 25.732198294937781 ], [ -100.237431773965014, 25.732327146517452 ], [ -100.237395138490825, 25.732420344102305 ], [ -100.236818068295364, 25.733657289841155 ], [ -100.236779794344699, 25.733735096930243 ], [ -100.236288940845398, 25.734777221548338 ], [ -100.236246583629722, 25.734868074743144 ], [ -100.236130316418254, 25.734779753785268 ], [ -100.236101547683376, 25.734703093896453 ] ] ] ] } },
{ "type": "Feature", "properties": { "CVEGEO": "1904600010393", "CVE_ENT": "19", "CVE_MUN": "046", "CVE_LOC": "0001", "CVE_ASEN": "0393", "CP": "66440", "FECHA_ACT": "11\/2022", "INSTITUCIO": "SECRETARÍA OBRAS PÚBLICAS Y DESARROLLO URBANO DEL MUNICIPIO DE SAN NICOLÁS DE LOS GARZA", "NOM_ASEN": "LOS MORALES SEGUNDO SECTOR", "TIPO": "COLONIA", "Shape_Leng": 1477.22325381, "Shape_Area": 135482.47406899999 }, "geometry": { "type": "MultiPolygon", "coordinates": [ [ [ [ -100.248753990206879, 25.740942759398475 ], [ -100.248482706508923, 25.740817052033236 ], [ -100.247476516629121, 25.740350745870437 ], [ -100.247553188089796, 25.740217370383984 ], [ -100.247548492475843, 25.740173120963632 ], [ -100.247548399086057, 25.740172249205123 ], [ -100.247674859583299, 25.73981502883321 ], [ -100.247597725401008, 25.739777416088518 ], [ -100.248313889523203, 25.737805980916665 ], [ -100.248561638857851, 25.737893546590545 ], [ -100.248655492979069, 25.73785339752115 ], [ -100.251206907396266, 25.738857321619115 ], [ -100.251246615899817, 25.738875045885404 ], [ -100.251289744117116, 25.738893899943086 ], [ -100.252628535433317, 25.739394417377234 ], [ -100.252450982461767, 25.739721203776071 ], [ -100.252257066939691, 25.740074642128604 ], [ -100.252234135278712, 25.740114730777307 ], [ -100.252099138795543, 25.740387408238647 ], [ -100.252060996437635, 25.740457907701067 ], [ -100.251933367811176, 25.740683264421087 ], [ -100.25188646691538, 25.740783505765304 ], [ -100.251741463819741, 25.741056235579027 ], [ -100.251692373868522, 25.741130704637399 ], [ -100.25149677239618, 25.741400624308543 ], [ -100.251451853693496, 25.741438978903293 ], [ -100.251128680679457, 25.741693824380285 ], [ -100.251102760141322, 25.741713377896588 ], [ -100.25091402354964, 25.741865870249061 ], [ -100.250855313594656, 25.741840781612577 ], [ -100.248815335996625, 25.740968975466991 ], [ -100.248753990206879, 25.740942759398475 ] ] ] ] } },
{ "type": "Feature", "properties": { "CVEGEO": "1904600010394", "CVE_ENT": "19", "CVE_MUN": "046", "CVE_LOC": "0001", "CVE_ASEN": "0394", "CP": "66410", "FECHA_ACT": "11\/2022", "INSTITUCIO": "SECRETARÍA OBRAS PÚBLICAS Y DESARROLLO URBANO DEL MUNICIPIO DE SAN NICOLÁS DE LOS GARZA", "NOM_ASEN": "MIRAFLORES SEGUNDO SECTOR", "TIPO": "COLONIA", "Shape_Leng": 996.07869865299995, "Shape_Area": 62572.332557399997 }, "geometry": { "type": "MultiPolygon", "coordinates": [ [ [ [ -100.275007001653677, 25.754082666699144 ], [ -100.275180545531995, 25.754110741832715 ], [ -100.275610229556264, 25.754174935302043 ], [ -100.277083054135389, 25.754408380911769 ], [ -100.277464556654564, 25.754470895957812 ], [ -100.277358599146837, 25.754903068004577 ], [ -100.277255194371165, 25.755306588527276 ], [ -100.277103983758693, 25.755901172564151 ], [ -100.277032451540279, 25.756280205960653 ], [ -100.277001530852516, 25.756444054873789 ], [ -100.276954769062939, 25.756443956067745 ], [ -100.276562262530192, 25.75644312256787 ], [ -100.276521933315166, 25.756442380742008 ], [ -100.275148425140358, 25.756417116453289 ], [ -100.275111712711904, 25.756416440870115 ], [ -100.275077542471621, 25.756413788517506 ], [ -100.274492133908907, 25.756368669971746 ], [ -100.274483989812424, 25.756367717780694 ], [ -100.274512033552213, 25.75543175776501 ], [ -100.2744041108202, 25.755405137093451 ], [ -100.274588024967059, 25.755061214223058 ], [ -100.274604542225291, 25.755030786823998 ], [ -100.274621942266364, 25.754998141467702 ], [ -100.274947036113872, 25.754347473042554 ], [ -100.274989322039275, 25.754142635859864 ], [ -100.275007001653677, 25.754082666699144 ] ] ] ] } },
{ "type": "Feature", "properties": { "CVEGEO": "1904600010395", "CVE_ENT": "19", "CVE_MUN": "046", "CVE_LOC": "0001", "CVE_ASEN": "0395", "CP": "66410", "FECHA_ACT": "11\/2022", "INSTITUCIO": "SECRETARÍA OBRAS PÚBLICAS Y DESARROLLO URBANO DEL MUNICIPIO DE SAN NICOLÁS DE LOS GARZA", "NOM_ASEN": "MIRAFLORES TERCER SECTOR", "TIPO": "COLONIA", "Shape_Leng": 627.275600973, "Shape_Area": 18318.7262945 }, "geometry": { "type": "MultiPolygon", "coordinates": [ [ [ [ -100.278807769189527, 25.754700082107831 ], [ -100.278237493422267, 25.755388771192912 ], [ -100.277616802920278, 25.756138329229589 ], [ -100.277001530852516, 25.756444054873789 ], [ -100.277032451540279, 25.756280205960653 ], [ -100.277103983758693, 25.755901172564151 ], [ -100.277255194371165, 25.755306588527276 ], [ -100.277358599146837, 25.754903068004577 ], [ -100.277464556654564, 25.754470895957812 ], [ -100.278589756672488, 25.754659178009994 ], [ -100.278807769189527, 25.754700082107831 ] ] ] ] } },
{ "type": "Feature", "properties": { "CVEGEO": "1904600010396", "CVE_ENT": "19", "CVE_MUN": "046", "CVE_LOC": "0001", "CVE_ASEN": "0396", "CP": "66410", "FECHA_ACT": "11\/2022", "INSTITUCIO": "SECRETARÍA OBRAS PÚBLICAS Y DESARROLLO URBANO DEL MUNICIPIO DE SAN NICOLÁS DE LOS GARZA", "NOM_ASEN": "MIRAFLORES CUARTO SECTOR", "TIPO": "COLONIA", "Shape_Leng": 715.99507707700002, "Shape_Area": 31338.716158700001 }, "geometry": { "type": "MultiPolygon", "coordinates": [ [ [ [ -100.277464556654564, 25.754470895957812 ], [ -100.277500953616311, 25.754408927050854 ], [ -100.277585971315844, 25.754034647088378 ], [ -100.277828704790565, 25.753007559647333 ], [ -100.277873449937928, 25.752807750339002 ], [ -100.27791223415953, 25.75263450187192 ], [ -100.278322602579976, 25.752715417969814 ], [ -100.278540383926057, 25.752863729819538 ], [ -100.27920163450014, 25.753346806774683 ], [ -100.279599284248135, 25.753622644610111 ], [ -100.279794214919491, 25.753748602939005 ], [ -100.279750432534769, 25.753782391720208 ], [ -100.278867711083109, 25.754642267054493 ], [ -100.278807769189527, 25.754700082107831 ], [ -100.278589756672488, 25.754659178009994 ], [ -100.277464556654564, 25.754470895957812 ] ] ] ] } },
{ "type": "Feature", "properties": { "CVEGEO": "1904600010397", "CVE_ENT": "19", "CVE_MUN": "046", "CVE_LOC": "0001", "CVE_ASEN": "0397", "CP": "00000", "FECHA_ACT": "11\/2022", "INSTITUCIO": "SECRETARÍA OBRAS PÚBLICAS Y DESARROLLO URBANO DEL MUNICIPIO DE SAN NICOLÁS DE LOS GARZA", "NOM_ASEN": "NINGUNO", "TIPO": "NINGUNO", "Shape_Leng": 3076.4161792300001, "Shape_Area": 264317.11988200003 }, "geometry": { "type": "MultiPolygon", "coordinates": [ [ [ [ -100.243566980770666, 25.748022837404051 ], [ -100.243539259383979, 25.748022005677473 ], [ -100.240207977116867, 25.748647738732725 ], [ -100.239966803875021, 25.74868535186895 ], [ -100.23969222240143, 25.748735877185261 ], [ -100.239601447096746, 25.748791109309863 ], [ -100.239264629840093, 25.748221418629072 ], [ -100.238863874549637, 25.747539620800094 ], [ -100.241032662474794, 25.746836926647916 ], [ -100.241467839274549, 25.744748560139058 ], [ -100.241476778137056, 25.744708198036509 ], [ -100.241500814648077, 25.744596945402961 ], [ -100.24184483885125, 25.74301489081671 ], [ -100.243756653455037, 25.744529223369884 ], [ -100.243957033902007, 25.744654480481408 ], [ -100.244028908744042, 25.744710718938354 ], [ -100.244300996839968, 25.744923605300109 ], [ -100.245713007184875, 25.745948442339515 ], [ -100.245791208378208, 25.745996710350042 ], [ -100.247502035842828, 25.746838090713958 ], [ -100.247902611403674, 25.747255171218583 ], [ -100.249129119121463, 25.748516484289834 ], [ -100.248721635548023, 25.748854317838557 ], [ -100.247610510213875, 25.748109711234903 ], [ -100.247126779134248, 25.747812490451221 ], [ -100.246974765613885, 25.747703237544098 ], [ -100.246936639552175, 25.747742186515207 ], [ -100.245975390346857, 25.748778944926684 ], [ -100.245740702113366, 25.749037319650558 ], [ -100.245605489385241, 25.749135832841457 ], [ -100.24552597061404, 25.749332354664872 ], [ -100.245407800876038, 25.748997948301867 ], [ -100.245277001190772, 25.748631780186528 ], [ -100.245144326814625, 25.74825246316227 ], [ -100.245017801224847, 25.747892061499588 ], [ -100.244812851963871, 25.747302288068315 ], [ -100.244774631116115, 25.747200737536581 ], [ -100.243566980770666, 25.748022837404051 ] ] ] ] } },
{ "type": "Feature", "properties": { "CVEGEO": "1904600010398", "CVE_ENT": "19", "CVE_MUN": "046", "CVE_LOC": "0001", "CVE_ASEN": "0398", "CP": "00000", "FECHA_ACT": "11\/2022", "INSTITUCIO": "SECRETARÍA OBRAS PÚBLICAS Y DESARROLLO URBANO DEL MUNICIPIO DE SAN NICOLÁS DE LOS GARZA", "NOM_ASEN": "NINGUNO", "TIPO": "NINGUNO", "Shape_Leng": 1157.36915021, "Shape_Area": 65473.130677200003 }, "geometry": { "type": "MultiPolygon", "coordinates": [ [ [ [ -100.309304458267832, 25.751478757510156 ], [ -100.309071777636731, 25.751419710426891 ], [ -100.309148024536299, 25.751198860173556 ], [ -100.309815165349775, 25.749261298266919 ], [ -100.30984028629905, 25.749177170616498 ], [ -100.309991731181341, 25.748726220526805 ], [ -100.310127546298745, 25.748364351598578 ], [ -100.310276281580698, 25.748622509272824 ], [ -100.310326350607284, 25.748685179875565 ], [ -100.31040584945174, 25.748727865936925 ], [ -100.310551512739295, 25.748747681450588 ], [ -100.310886753370767, 25.748685047087744 ], [ -100.310921844925446, 25.748786322661985 ], [ -100.310929199233541, 25.748782990807499 ], [ -100.3111028435099, 25.748777788244873 ], [ -100.311339045290822, 25.748779857326095 ], [ -100.311615781887411, 25.748768833144602 ], [ -100.311695669357974, 25.748761318764895 ], [ -100.311718999139515, 25.74893492123589 ], [ -100.311746351945729, 25.748931245657282 ], [ -100.312198930361049, 25.748899463709289 ], [ -100.312234666631213, 25.748900651814505 ], [ -100.312272031709171, 25.748902582866165 ], [ -100.312697748719245, 25.74894024470618 ], [ -100.312548045272578, 25.749230888337554 ], [ -100.3123218715956, 25.749670153029658 ], [ -100.312125576323353, 25.750053101267692 ], [ -100.311893068658193, 25.750210930272665 ], [ -100.309793913482181, 25.751602959708578 ], [ -100.309304458267832, 25.751478757510156 ] ] ] ] } },
{ "type": "Feature", "properties": { "CVEGEO": "1904600010399", "CVE_ENT": "19", "CVE_MUN": "046", "CVE_LOC": "0001", "CVE_ASEN": "0399", "CP": "66446", "FECHA_ACT": "11\/2022", "INSTITUCIO": "SECRETARÍA OBRAS PÚBLICAS Y DESARROLLO URBANO DEL MUNICIPIO DE SAN NICOLÁS DE LOS GARZA", "NOM_ASEN": "PASEO DE SAN NICOLÁS SEGUNDO SECTOR", "TIPO": "AMPLIACIÓN", "Shape_Leng": 977.64649423900005, "Shape_Area": 38641.3285129 }, "geometry": { "type": "MultiPolygon", "coordinates": [ [ [ [ -100.256912063533221, 25.74074395189853 ], [ -100.257502117659769, 25.740914749950491 ], [ -100.257956977994468, 25.740583755161502 ], [ -100.258437667099358, 25.740250975114396 ], [ -100.259367161573238, 25.740316305047841 ], [ -100.259330016876689, 25.740702733922689 ], [ -100.259296426228914, 25.741081755241172 ], [ -100.258748133441586, 25.741035709882933 ], [ -100.258665062069184, 25.741786524389305 ], [ -100.259190358456379, 25.741825556359501 ], [ -100.25923298022083, 25.741838269463212 ], [ -100.259193443355286, 25.742208098787827 ], [ -100.259101869653591, 25.742202602373723 ], [ -100.258694566283452, 25.742173816211519 ], [ -100.258271634195111, 25.7421351830004 ], [ -100.258104938490192, 25.742120785552256 ], [ -100.257836439181219, 25.742098739292835 ], [ -100.257453526041033, 25.742055158395647 ], [ -100.257008637259077, 25.741942455564164 ], [ -100.25674292350898, 25.741852285884864 ], [ -100.256729507928128, 25.74154233851154 ], [ -100.25670752076104, 25.741135185620003 ], [ -100.256715118349376, 25.740844440300084 ], [ -100.256777366614017, 25.74079875049032 ], [ -100.256912063533221, 25.74074395189853 ] ] ] ] } },
{ "type": "Feature", "properties": { "CVEGEO": "1904600010400", "CVE_ENT": "19", "CVE_MUN": "046", "CVE_LOC": "0001", "CVE_ASEN": "0400", "CP": "00000", "FECHA_ACT": "11\/2022", "INSTITUCIO": "SECRETARÍA OBRAS PÚBLICAS Y DESARROLLO URBANO DEL MUNICIPIO DE SAN NICOLÁS DE LOS GARZA", "NOM_ASEN": "PEDREGAL DE ANÁHUAC PRIMER SECTOR", "TIPO": "COLONIA", "Shape_Leng": 457.53879993599998, "Shape_Area": 13253.71873 }, "geometry": { "type": "MultiPolygon", "coordinates": [ [ [ [ -100.291464344148935, 25.734151191276446 ], [ -100.291758457519848, 25.733058539256355 ], [ -100.291759170159878, 25.7330217106703 ], [ -100.292052545195034, 25.732947408082286 ], [ -100.292095806278653, 25.732947687886362 ], [ -100.292271737932637, 25.732948781891121 ], [ -100.292415842274437, 25.732981896281657 ], [ -100.292781931659164, 25.733289664976194 ], [ -100.292813036039547, 25.733317221434419 ], [ -100.292956077671718, 25.733451969371092 ], [ -100.292429469357742, 25.73390528529913 ], [ -100.292402655111189, 25.733924406054914 ], [ -100.292037360695517, 25.734261338957566 ], [ -100.292036978120635, 25.734268577274236 ], [ -100.29202448401071, 25.734267337767783 ], [ -100.291464344148935, 25.734151191276446 ] ] ] ] } },
{ "type": "Feature", "properties": { "CVEGEO": "1904600010401", "CVE_ENT": "19", "CVE_MUN": "046", "CVE_LOC": "0001", "CVE_ASEN": "0401", "CP": "00000", "FECHA_ACT": "11\/2022", "INSTITUCIO": "SECRETARÍA OBRAS PÚBLICAS Y DESARROLLO URBANO DEL MUNICIPIO DE SAN NICOLÁS DE LOS GARZA", "NOM_ASEN": "PEDREGAL DE ANÁHUAC SEGUNDO SECTOR", "TIPO": "COLONIA", "Shape_Leng": 540.50428467500001, "Shape_Area": 18578.481297599999 }, "geometry": { "type": "MultiPolygon", "coordinates": [ [ [ [ -100.292429469357742, 25.73390528529913 ], [ -100.292956077671718, 25.733451969371092 ], [ -100.293112999166965, 25.733599799793716 ], [ -100.293464664479387, 25.733930618794055 ], [ -100.293851933818786, 25.734272285592713 ], [ -100.293300779564774, 25.734842861248644 ], [ -100.293108216765688, 25.735033988579904 ], [ -100.293016743098121, 25.735094101068015 ], [ -100.292880187077827, 25.735185395544757 ], [ -100.292770034249969, 25.735252122640127 ], [ -100.292073725307532, 25.734316249533666 ], [ -100.292036978120635, 25.734268577274236 ], [ -100.292037360695517, 25.734261338957566 ], [ -100.292402655111189, 25.733924406054914 ], [ -100.292429469357742, 25.73390528529913 ] ] ] ] } },
{ "type": "Feature", "properties": { "CVEGEO": "1904600010402", "CVE_ENT": "19", "CVE_MUN": "046", "CVE_LOC": "0001", "CVE_ASEN": "0402", "CP": "66444", "FECHA_ACT": "11\/2022", "INSTITUCIO": "SECRETARÍA OBRAS PÚBLICAS Y DESARROLLO URBANO DEL MUNICIPIO DE SAN NICOLÁS DE LOS GARZA", "NOM_ASEN": "PEDREGAL DE SANTO DOMINGO SEGUNDO SECTOR", "TIPO": "COLONIA", "Shape_Leng": 1721.3478163899999, "Shape_Area": 148257.94635000001 }, "geometry": { "type": "MultiPolygon", "coordinates": [ [ [ [ -100.263813247343109, 25.735419119538985 ], [ -100.263805798074074, 25.734960968214573 ], [ -100.263686942496989, 25.734963011760652 ], [ -100.263641527142155, 25.734809425335307 ], [ -100.263632502381299, 25.734770930911942 ], [ -100.26358177655915, 25.734443040894945 ], [ -100.263584238035762, 25.73440872856192 ], [ -100.263580618162067, 25.734371035328454 ], [ -100.263550230977003, 25.73402801077167 ], [ -100.263549838844511, 25.733978090169817 ], [ -100.263545168931856, 25.733931003310953 ], [ -100.263496585940942, 25.733601217308465 ], [ -100.263485449585914, 25.733557838112638 ], [ -100.263470216150367, 25.733512616288817 ], [ -100.263433860404604, 25.733106430828766 ], [ -100.263445089685817, 25.733006677771016 ], [ -100.263387584175845, 25.73256504643237 ], [ -100.263421379927621, 25.732508787055377 ], [ -100.263590956048844, 25.732451850854808 ], [ -100.264018961271901, 25.732317379801636 ], [ -100.264279132711891, 25.73223683983835 ], [ -100.264436479533529, 25.732185727718424 ], [ -100.264858432585996, 25.732053509990877 ], [ -100.265289509772728, 25.73192935645913 ], [ -100.265311172449771, 25.731921942260303 ], [ -100.26569726704777, 25.731804978970182 ], [ -100.266124647068239, 25.731672755622963 ], [ -100.266345242798479, 25.731607426596614 ], [ -100.266546052601484, 25.731544389433477 ], [ -100.266980535907422, 25.7314150714063 ], [ -100.267355482046781, 25.731308176826627 ], [ -100.267395296450132, 25.731298279853842 ], [ -100.267606320912307, 25.731237970749159 ], [ -100.267855748408152, 25.733120639949021 ], [ -100.268065881138895, 25.733037892022153 ], [ -100.268468609540648, 25.732879307235251 ], [ -100.268486850290941, 25.732872130916753 ], [ -100.268563649580003, 25.733008027090495 ], [ -100.268910708983086, 25.73375033630726 ], [ -100.267581229604744, 25.734173739866851 ], [ -100.266212089515321, 25.734603335418534 ], [ -100.265759193914306, 25.734746688578699 ], [ -100.265642412887061, 25.734783651619885 ], [ -100.265616000254369, 25.734790980263085 ], [ -100.265016456625673, 25.734969012444825 ], [ -100.26505547973683, 25.735098454603552 ], [ -100.264725013903487, 25.735204608384787 ], [ -100.263817117648415, 25.735459511105983 ], [ -100.263813247343109, 25.735419119538985 ] ] ] ] } },
{ "type": "Feature", "properties": { "CVEGEO": "1904600010403", "CVE_ENT": "19", "CVE_MUN": "046", "CVE_LOC": "0001", "CVE_ASEN": "0403", "CP": "66444", "FECHA_ACT": "11\/2022", "INSTITUCIO": "SECRETARÍA OBRAS PÚBLICAS Y DESARROLLO URBANO DEL MUNICIPIO DE SAN NICOLÁS DE LOS GARZA", "NOM_ASEN": "PEDREGAL DE SANTO DOMINGO TERCER SECTOR", "TIPO": "COLONIA", "Shape_Leng": 1314.35885186, "Shape_Area": 48738.827344099998 }, "geometry": { "type": "MultiPolygon", "coordinates": [ [ [ [ -100.271179862527788, 25.730231287377514 ], [ -100.271475441596436, 25.730149680014222 ], [ -100.27163008311193, 25.73010791330249 ], [ -100.272045944335446, 25.729990994570116 ], [ -100.272048600285146, 25.730010089827729 ], [ -100.272100870590862, 25.730386100055334 ], [ -100.272161333839037, 25.730742126514969 ], [ -100.272256240339672, 25.731386368249822 ], [ -100.273201483797735, 25.731013976328974 ], [ -100.273309857567952, 25.730971977307295 ], [ -100.273133490931784, 25.73119474557592 ], [ -100.272060265824919, 25.732532846214362 ], [ -100.27197400801883, 25.732640397606076 ], [ -100.271718122479214, 25.732954867291355 ], [ -100.271318059002581, 25.733036520646184 ], [ -100.270918023411767, 25.733142144622345 ], [ -100.270822369311873, 25.733166416434781 ], [ -100.270594915961595, 25.733235566878413 ], [ -100.27025415424454, 25.733339165436142 ], [ -100.270044041661549, 25.733403177664552 ], [ -100.269728773097171, 25.732384559581128 ], [ -100.270136684703189, 25.732224458028458 ], [ -100.27055818695149, 25.732056612882211 ], [ -100.270963837209678, 25.731897727081456 ], [ -100.271136903973414, 25.731829350893829 ], [ -100.271382863557903, 25.731731412737961 ], [ -100.271328229833728, 25.731327690386777 ], [ -100.271555582805448, 25.731258351791446 ], [ -100.271413210566095, 25.730309835360469 ], [ -100.271198669017366, 25.730370267151159 ], [ -100.271179862527788, 25.730231287377514 ] ] ] ] } },
{ "type": "Feature", "properties": { "CVEGEO": "1904600010404", "CVE_ENT": "19", "CVE_MUN": "046", "CVE_LOC": "0001", "CVE_ASEN": "0404", "CP": "66635", "FECHA_ACT": "11\/2022", "INSTITUCIO": "SECRETARÍA OBRAS PÚBLICAS Y DESARROLLO URBANO DEL MUNICIPIO DE SAN NICOLÁS DE LOS GARZA", "NOM_ASEN": "POTRERO DE ANÁHUAC SEGUNDO SECTOR", "TIPO": "COLONIA", "Shape_Leng": 1129.1456515499999, "Shape_Area": 47673.27151 }, "geometry": { "type": "MultiPolygon", "coordinates": [ [ [ [ -100.293573812444109, 25.73646041880637 ], [ -100.294416204090382, 25.735960776154123 ], [ -100.294682183620324, 25.736380754199999 ], [ -100.294888745394474, 25.736714044328796 ], [ -100.295091879505478, 25.737043052402495 ], [ -100.295308062456741, 25.737372109900409 ], [ -100.295507066408447, 25.737697789427404 ], [ -100.295707858547189, 25.738019297500845 ], [ -100.295731456525289, 25.738057881440508 ], [ -100.295930881619157, 25.738355436794787 ], [ -100.296004240869578, 25.738473383806859 ], [ -100.296160140736774, 25.738728525123527 ], [ -100.296375989905343, 25.739072760282202 ], [ -100.296585055475546, 25.739433568269696 ], [ -100.296451206377881, 25.739705668274137 ], [ -100.296211619517308, 25.739996050219514 ], [ -100.295880840474737, 25.740221782486707 ], [ -100.293573812444109, 25.73646041880637 ] ] ] ] } },
{ "type": "Feature", "properties": { "CVEGEO": "1904600010405", "CVE_ENT": "19", "CVE_MUN": "046", "CVE_LOC": "0001", "CVE_ASEN": "0405", "CP": "66635", "FECHA_ACT": "11\/2022", "INSTITUCIO": "SECRETARÍA OBRAS PÚBLICAS Y DESARROLLO URBANO DEL MUNICIPIO DE SAN NICOLÁS DE LOS GARZA", "NOM_ASEN": "POTRERO DE ANÁHUAC TERCER SECTOR", "TIPO": "COLONIA", "Shape_Leng": 1222.1881315400001, "Shape_Area": 59388.786402600002 }, "geometry": { "type": "MultiPolygon", "coordinates": [ [ [ [ -100.293573812444109, 25.73646041880637 ], [ -100.295880840474737, 25.740221782486707 ], [ -100.294914179156834, 25.740881454278266 ], [ -100.294875572093858, 25.740829381211988 ], [ -100.29441302756004, 25.740118877811806 ], [ -100.294394325664456, 25.740090434149888 ], [ -100.29418993802129, 25.739768650393941 ], [ -100.294205475183361, 25.73972237201879 ], [ -100.294017694468536, 25.739428332443847 ], [ -100.293972670743216, 25.739418824498788 ], [ -100.293869573316883, 25.739253223379887 ], [ -100.293770913622666, 25.739095921895615 ], [ -100.293721131318335, 25.739093420891731 ], [ -100.293543189776187, 25.738803867430818 ], [ -100.293567792857388, 25.738706297825765 ], [ -100.293394495083717, 25.738442331717067 ], [ -100.293347909493662, 25.738430539241673 ], [ -100.293244711244682, 25.738268158154931 ], [ -100.293141515208603, 25.738105780628761 ], [ -100.293145592144811, 25.738058292167104 ], [ -100.29297092760099, 25.737779279844354 ], [ -100.292934902226762, 25.737769852266556 ], [ -100.292714449796989, 25.737441917390569 ], [ -100.292665778924643, 25.737422258448245 ], [ -100.292482343310965, 25.737149534341047 ], [ -100.292463683463041, 25.737119937118152 ], [ -100.292731412338838, 25.736960054940507 ], [ -100.293573812444109, 25.73646041880637 ] ] ] ] } },
{ "type": "Feature", "properties": { "CVEGEO": "1904600010406", "CVE_ENT": "19", "CVE_MUN": "046", "CVE_LOC": "0001", "CVE_ASEN": "0406", "CP": "66450", "FECHA_ACT": "11\/2022", "INSTITUCIO": "SECRETARÍA OBRAS PÚBLICAS Y DESARROLLO URBANO DEL MUNICIPIO DE SAN NICOLÁS DE LOS GARZA", "NOM_ASEN": "PRIVADA CHAPULTEPEC", "TIPO": "COLONIA", "Shape_Leng": 367.15976514099998, "Shape_Area": 6490.0472556100003 }, "geometry": { "type": "MultiPolygon", "coordinates": [ [ [ [ -100.298842282333268, 25.740246415351514 ], [ -100.298850529625554, 25.740212355360136 ], [ -100.299271897492986, 25.740285278640101 ], [ -100.299106238219764, 25.740852660484983 ], [ -100.299277851177877, 25.740899500099466 ], [ -100.299148331880261, 25.741403217512097 ], [ -100.298497857037574, 25.74122115092673 ], [ -100.298641496871312, 25.740801238351999 ], [ -100.298842282333268, 25.740246415351514 ] ] ] ] } },
{ "type": "Feature", "properties": { "CVEGEO": "1904600010407", "CVE_ENT": "19", "CVE_MUN": "046", "CVE_LOC": "0001", "CVE_ASEN": "0407", "CP": "00000", "FECHA_ACT": "11\/2022", "INSTITUCIO": "SECRETARÍA OBRAS PÚBLICAS Y DESARROLLO URBANO DEL MUNICIPIO DE SAN NICOLÁS DE LOS GARZA", "NOM_ASEN": "PRIVADA DE SENDERO ANÁHUAC", "TIPO": "COLONIA", "Shape_Leng": 965.54782208799998, "Shape_Area": 51407.751751099997 }, "geometry": { "type": "MultiPolygon", "coordinates": [ [ [ [ -100.266972367103591, 25.770433415980193 ], [ -100.266969014041322, 25.770363198887061 ], [ -100.266765264577003, 25.768146934120072 ], [ -100.266741079227074, 25.768109062303395 ], [ -100.266700800126273, 25.767489540087357 ], [ -100.266845596894811, 25.767479108026343 ], [ -100.266875060174328, 25.767452487584269 ], [ -100.266915761337572, 25.76744407717322 ], [ -100.267670277516132, 25.767583864199253 ], [ -100.268247187906255, 25.76769602542473 ], [ -100.26850212043793, 25.76939048219112 ], [ -100.268614000474386, 25.770132885270762 ], [ -100.268657749173542, 25.770383537074753 ], [ -100.268574537677537, 25.770392660478379 ], [ -100.267000947503618, 25.770547304525813 ], [ -100.266977908845632, 25.770549565688494 ], [ -100.266972367103591, 25.770433415980193 ] ] ] ] } },
{ "type": "Feature", "properties": { "CVEGEO": "1904600010409", "CVE_ENT": "19", "CVE_MUN": "046", "CVE_LOC": "0001", "CVE_ASEN": "0409", "CP": "66465", "FECHA_ACT": "11\/2022", "INSTITUCIO": "SECRETARÍA OBRAS PÚBLICAS Y DESARROLLO URBANO DEL MUNICIPIO DE SAN NICOLÁS DE LOS GARZA", "NOM_ASEN": "RESIDENCIAL LAS PALMAS SEGUNDO SECTOR", "TIPO": "COLONIA", "Shape_Leng": 638.87828975399998, "Shape_Area": 20119.910811900001 }, "geometry": { "type": "MultiPolygon", "coordinates": [ [ [ [ -100.283754540243962, 25.735747427569674 ], [ -100.283944522975901, 25.735320518322137 ], [ -100.284102114896911, 25.735011587536963 ], [ -100.286220739407469, 25.735544924852132 ], [ -100.286117977457764, 25.736324365002229 ], [ -100.283754540243962, 25.735747427569674 ] ] ] ] } },
{ "type": "Feature", "properties": { "CVEGEO": "1904600010410", "CVE_ENT": "19", "CVE_MUN": "046", "CVE_LOC": "0001", "CVE_ASEN": "0410", "CP": "66465", "FECHA_ACT": "11\/2022", "INSTITUCIO": "SECRETARÍA OBRAS PÚBLICAS Y DESARROLLO URBANO DEL MUNICIPIO DE SAN NICOLÁS DE LOS GARZA", "NOM_ASEN": "RESIDENCIAL LAS PALMAS TERCER SECTOR", "TIPO": "COLONIA", "Shape_Leng": 701.56263338899998, "Shape_Area": 27864.947072800001 }, "geometry": { "type": "MultiPolygon", "coordinates": [ [ [ [ -100.284102114896911, 25.735011587536963 ], [ -100.284347558258716, 25.734530430099515 ], [ -100.28450269341576, 25.734226308279045 ], [ -100.284518107484075, 25.734196841559729 ], [ -100.284529151701904, 25.734173119638758 ], [ -100.284785569516643, 25.733522740093878 ], [ -100.284842121918601, 25.733452740379498 ], [ -100.285077649233997, 25.733486802775019 ], [ -100.286188726995789, 25.734741121728749 ], [ -100.286304507518224, 25.734866291857546 ], [ -100.286288559528302, 25.735030524972522 ], [ -100.286220739407469, 25.735544924852132 ], [ -100.284102114896911, 25.735011587536963 ] ] ] ] } },
{ "type": "Feature", "properties": { "CVEGEO": "1904600010411", "CVE_ENT": "19", "CVE_MUN": "046", "CVE_LOC": "0001", "CVE_ASEN": "0411", "CP": "66460", "FECHA_ACT": "11\/2022", "INSTITUCIO": "SECRETARÍA OBRAS PÚBLICAS Y DESARROLLO URBANO DEL MUNICIPIO DE SAN NICOLÁS DE LOS GARZA", "NOM_ASEN": "RESIDENCIAL LAS PUENTES PRIMER SECTOR SECCIÓN B", "TIPO": "COLONIA", "Shape_Leng": 1068.34236715, "Shape_Area": 47714.031647600001 }, "geometry": { "type": "MultiPolygon", "coordinates": [ [ [ [ -100.278822632968698, 25.737826324476373 ], [ -100.279002665944958, 25.737387395467618 ], [ -100.279190750277792, 25.736940816859196 ], [ -100.280986678978635, 25.737536254285626 ], [ -100.281133237890828, 25.73718276207634 ], [ -100.281163889462192, 25.737109491373278 ], [ -100.28135443737601, 25.736653984782219 ], [ -100.28243563737027, 25.737004265239435 ], [ -100.282515489395522, 25.737035380005473 ], [ -100.282638621562725, 25.737086421217345 ], [ -100.28278377331975, 25.737140465685961 ], [ -100.282481608590615, 25.737570591444477 ], [ -100.282079640810892, 25.738204337272784 ], [ -100.281671085822566, 25.738787203605963 ], [ -100.281162787052509, 25.738607197398899 ], [ -100.280633828627131, 25.7384236818326 ], [ -100.278822632968698, 25.737826324476373 ] ] ] ] } },
{ "type": "Feature", "properties": { "CVEGEO": "1904600010412", "CVE_ENT": "19", "CVE_MUN": "046", "CVE_LOC": "0001", "CVE_ASEN": "0412", "CP": "66460", "FECHA_ACT": "11\/2022", "INSTITUCIO": "SECRETARÍA OBRAS PÚBLICAS Y DESARROLLO URBANO DEL MUNICIPIO DE SAN NICOLÁS DE LOS GARZA", "NOM_ASEN": "RESIDENCIAL LAS PUENTES PRIMER SECTOR SECCIÓN C", "TIPO": "COLONIA", "Shape_Leng": 1188.7796317100001, "Shape_Area": 80206.730761600003 }, "geometry": { "type": "MultiPolygon", "coordinates": [ [ [ [ -100.280939225031929, 25.735185787952926 ], [ -100.281582480334436, 25.734199090317766 ], [ -100.282242775488825, 25.734426251380931 ], [ -100.282270441200822, 25.734472204790158 ], [ -100.282378032792195, 25.734509492599031 ], [ -100.282457810838864, 25.734318580508578 ], [ -100.282537590653561, 25.734127668370316 ], [ -100.282562139616118, 25.734093221680691 ], [ -100.282629019458966, 25.733934859888713 ], [ -100.284347558258716, 25.734530430099515 ], [ -100.284102114896911, 25.735011587536963 ], [ -100.283944522975901, 25.735320518322137 ], [ -100.283754540243962, 25.735747427569674 ], [ -100.283528015357248, 25.73625644515494 ], [ -100.283471934549837, 25.736436182487992 ], [ -100.28278377331975, 25.737140465685961 ], [ -100.282638621562725, 25.737086421217345 ], [ -100.282515489395522, 25.737035380005473 ], [ -100.28243563737027, 25.737004265239435 ], [ -100.28135443737601, 25.736653984782219 ], [ -100.281183421068306, 25.736592311464424 ], [ -100.280779496747286, 25.736446642048509 ], [ -100.280695133341126, 25.736407189182817 ], [ -100.280793524884757, 25.736215395515654 ], [ -100.28089191616175, 25.736023599943881 ], [ -100.281077376953064, 25.735661878707557 ], [ -100.281006094167537, 25.735629550111963 ], [ -100.280738107952558, 25.735451016940722 ], [ -100.280939225031929, 25.735185787952926 ] ] ] ] } },
{ "type": "Feature", "properties": { "CVEGEO": "1904600010413", "CVE_ENT": "19", "CVE_MUN": "046", "CVE_LOC": "0001", "CVE_ASEN": "0413", "CP": "66460", "FECHA_ACT": "11\/2022", "INSTITUCIO": "SECRETARÍA OBRAS PÚBLICAS Y DESARROLLO URBANO DEL MUNICIPIO DE SAN NICOLÁS DE LOS GARZA", "NOM_ASEN": "RESIDENCIAL LAS PUENTES SEGUNDO SECTOR SECCIÓN A", "TIPO": "COLONIA", "Shape_Leng": 1828.81396898, "Shape_Area": 142053.54222900001 }, "geometry": { "type": "MultiPolygon", "coordinates": [ [ [ [ -100.273892967821169, 25.737839312489804 ], [ -100.272915395932159, 25.737783824994569 ], [ -100.272605054708549, 25.737789585931967 ], [ -100.272927131889219, 25.737435166017757 ], [ -100.273297444843593, 25.73718362694224 ], [ -100.273842364616925, 25.736722488640993 ], [ -100.273995668927711, 25.736635228827577 ], [ -100.274357035481103, 25.736296282157745 ], [ -100.274354375042165, 25.736217564048218 ], [ -100.275484504241547, 25.735672365362667 ], [ -100.27620205015279, 25.735287090349747 ], [ -100.276315500508247, 25.735491639076489 ], [ -100.276573542788938, 25.735927851765901 ], [ -100.276835167534273, 25.736335704501265 ], [ -100.277089408835366, 25.736754478287956 ], [ -100.277394494320689, 25.736603851622593 ], [ -100.277453028216684, 25.736572035755444 ], [ -100.277810419582153, 25.736392630220198 ], [ -100.27784763022035, 25.736374940177651 ], [ -100.278733029903492, 25.7359180201857 ], [ -100.279363400252819, 25.736515579792986 ], [ -100.279329490018085, 25.736604739979949 ], [ -100.279190750277792, 25.736940816859196 ], [ -100.279002665944958, 25.737387395467618 ], [ -100.278822632968698, 25.737826324476373 ], [ -100.278655610255186, 25.738241603854682 ], [ -100.278551642147193, 25.7384985253107 ], [ -100.278480108633204, 25.738676962511899 ], [ -100.27840640143414, 25.738850895425234 ], [ -100.278280647648543, 25.739162480645032 ], [ -100.27824040313233, 25.7391486520482 ], [ -100.277653944332329, 25.738947163057784 ], [ -100.277586253075526, 25.738934668348659 ], [ -100.277270587463534, 25.738829312477126 ], [ -100.27716250491514, 25.738793240464215 ], [ -100.277123071334756, 25.738761175109691 ], [ -100.275896434103075, 25.738348974086602 ], [ -100.275384644543095, 25.738176305053603 ], [ -100.275057101076044, 25.738063749729282 ], [ -100.274934621405592, 25.738031137361357 ], [ -100.274577469999002, 25.737929936140546 ], [ -100.274427968265911, 25.737909227224193 ], [ -100.273892967821169, 25.737839312489804 ] ] ] ] } },
{ "type": "Feature", "properties": { "CVEGEO": "1904600010414", "CVE_ENT": "19", "CVE_MUN": "046", "CVE_LOC": "0001", "CVE_ASEN": "0414", "CP": "66460", "FECHA_ACT": "11\/2022", "INSTITUCIO": "SECRETARÍA OBRAS PÚBLICAS Y DESARROLLO URBANO DEL MUNICIPIO DE SAN NICOLÁS DE LOS GARZA", "NOM_ASEN": "RESIDENCIAL LAS PUENTES SEGUNDO SECTOR SECCIÓN B", "TIPO": "COLONIA", "Shape_Leng": 1507.60527708, "Shape_Area": 83366.610705600004 }, "geometry": { "type": "MultiPolygon", "coordinates": [ [ [ [ -100.279190750277792, 25.736940816859196 ], [ -100.279329490018085, 25.736604739979949 ], [ -100.279363400252819, 25.736515579792986 ], [ -100.278733029903492, 25.7359180201857 ], [ -100.27784763022035, 25.736374940177651 ], [ -100.277810419582153, 25.736392630220198 ], [ -100.277453028216684, 25.736572035755444 ], [ -100.277394494320689, 25.736603851622593 ], [ -100.277089408835366, 25.736754478287956 ], [ -100.276835167534273, 25.736335704501265 ], [ -100.276573542788938, 25.735927851765901 ], [ -100.276315500508247, 25.735491639076489 ], [ -100.27620205015279, 25.735287090349747 ], [ -100.277051750943869, 25.734886604719911 ], [ -100.278390711450726, 25.734215191460155 ], [ -100.278480833112482, 25.734238524525413 ], [ -100.278523202751089, 25.734192232595042 ], [ -100.278606006159293, 25.734114843602519 ], [ -100.278647609540897, 25.734076494129866 ], [ -100.279129852783811, 25.734808453609133 ], [ -100.280147356757951, 25.735762866149162 ], [ -100.280793524884757, 25.736215395515654 ], [ -100.280695133341126, 25.736407189182817 ], [ -100.280779496747286, 25.736446642048509 ], [ -100.281183421068306, 25.736592311464424 ], [ -100.28135443737601, 25.736653984782219 ], [ -100.281163889462192, 25.737109491373278 ], [ -100.281133237890828, 25.73718276207634 ], [ -100.280986678978635, 25.737536254285626 ], [ -100.279190750277792, 25.736940816859196 ] ] ] ] } },
{ "type": "Feature", "properties": { "CVEGEO": "1904600010415", "CVE_ENT": "19", "CVE_MUN": "046", "CVE_LOC": "0001", "CVE_ASEN": "0415", "CP": "66460", "FECHA_ACT": "11\/2022", "INSTITUCIO": "SECRETARÍA OBRAS PÚBLICAS Y DESARROLLO URBANO DEL MUNICIPIO DE SAN NICOLÁS DE LOS GARZA", "NOM_ASEN": "RESIDENCIAL LAS PUENTES TERCER SECTOR SECCIÓN B", "TIPO": "COLONIA", "Shape_Leng": 1372.4547486700001, "Shape_Area": 82586.357346200006 }, "geometry": { "type": "MultiPolygon", "coordinates": [ [ [ [ -100.282705106614515, 25.733747359629596 ], [ -100.2828400215176, 25.733409540450225 ], [ -100.28294424990419, 25.733163792416153 ], [ -100.281159495739573, 25.73255719633552 ], [ -100.281215029883981, 25.732474739918171 ], [ -100.281151133057875, 25.732478730976599 ], [ -100.281006572062282, 25.732415599307419 ], [ -100.280770183619396, 25.732310936242598 ], [ -100.280686518037612, 25.732273890732941 ], [ -100.280550660052, 25.73221374105081 ], [ -100.280598430477326, 25.732196139598113 ], [ -100.280749994054901, 25.732115263960353 ], [ -100.28098848068673, 25.731807402460706 ], [ -100.281010512872484, 25.731776231948892 ], [ -100.281267404110821, 25.731434266694517 ], [ -100.281289427178336, 25.731409073226086 ], [ -100.281503646284804, 25.731120266671315 ], [ -100.281506406815382, 25.731081228120143 ], [ -100.281624642604427, 25.731034291134328 ], [ -100.282011997539428, 25.731009590036042 ], [ -100.282411383647855, 25.730977475817362 ], [ -100.282587739865846, 25.730957393856475 ], [ -100.282665079926275, 25.730796942909009 ], [ -100.282990599495875, 25.73115989380581 ], [ -100.28316125945237, 25.731350182765908 ], [ -100.284747629498327, 25.73311887410437 ], [ -100.285077649233997, 25.733486802775019 ], [ -100.284842121918601, 25.733452740379498 ], [ -100.284785569516643, 25.733522740093878 ], [ -100.284529151701904, 25.734173119638758 ], [ -100.284518107484075, 25.734196841559729 ], [ -100.28450269341576, 25.734226308279045 ], [ -100.284347558258716, 25.734530430099515 ], [ -100.282629019458966, 25.733934859888713 ], [ -100.282695907220614, 25.733776492693867 ], [ -100.282705106614515, 25.733747359629596 ] ] ] ] } },
{ "type": "Feature", "properties": { "CVEGEO": "1904600010416", "CVE_ENT": "19", "CVE_MUN": "046", "CVE_LOC": "0001", "CVE_ASEN": "0416", "CP": "66460", "FECHA_ACT": "11\/2022", "INSTITUCIO": "SECRETARÍA OBRAS PÚBLICAS Y DESARROLLO URBANO DEL MUNICIPIO DE SAN NICOLÁS DE LOS GARZA", "NOM_ASEN": "RESIDENCIAL LAS PUENTES CUARTO SECTOR SECCIÓN B", "TIPO": "COLONIA", "Shape_Leng": 790.06995769599996, "Shape_Area": 27298.480609400001 }, "geometry": { "type": "MultiPolygon", "coordinates": [ [ [ [ -100.280390237475714, 25.732961376248294 ], [ -100.280770183619396, 25.732310936242598 ], [ -100.281006572062282, 25.732415599307419 ], [ -100.281151133057875, 25.732478730976599 ], [ -100.281215029883981, 25.732474739918171 ], [ -100.281159495739573, 25.73255719633552 ], [ -100.28294424990419, 25.733163792416153 ], [ -100.2828400215176, 25.733409540450225 ], [ -100.282705106614515, 25.733747359629596 ], [ -100.282695907220614, 25.733776492693867 ], [ -100.282629019458966, 25.733934859888713 ], [ -100.282562139616118, 25.734093221680691 ], [ -100.282537590653561, 25.734127668370316 ], [ -100.282457810838864, 25.734318580508578 ], [ -100.281261095201344, 25.733921023783758 ], [ -100.281460472396361, 25.733570418310762 ], [ -100.280831369907105, 25.733358405699668 ], [ -100.280954883391558, 25.733171629718605 ], [ -100.280784535986754, 25.733113647272841 ], [ -100.280622228352769, 25.733051541614035 ], [ -100.280390237475714, 25.732961376248294 ] ] ] ] } },
{ "type": "Feature", "properties": { "CVEGEO": "1904600010417", "CVE_ENT": "19", "CVE_MUN": "046", "CVE_LOC": "0001", "CVE_ASEN": "0417", "CP": "66464", "FECHA_ACT": "11\/2022", "INSTITUCIO": "SECRETARÍA OBRAS PÚBLICAS Y DESARROLLO URBANO DEL MUNICIPIO DE SAN NICOLÁS DE LOS GARZA", "NOM_ASEN": "RESIDENCIAL NOVA SEGUNDO SECTOR", "TIPO": "COLONIA", "Shape_Leng": 1470.5573325400001, "Shape_Area": 38776.223418200003 }, "geometry": { "type": "MultiPolygon", "coordinates": [ [ [ [ -100.294182907541213, 25.740215835340713 ], [ -100.293641669779291, 25.739392854932021 ], [ -100.292793711403931, 25.739902666943063 ], [ -100.292397478136678, 25.739296529572513 ], [ -100.292051323810981, 25.739486111059858 ], [ -100.291091234445958, 25.737974355996254 ], [ -100.291074558361956, 25.737948050691472 ], [ -100.291272755025673, 25.737829353185727 ], [ -100.291535186629446, 25.737673027613866 ], [ -100.292286017568102, 25.738836250007168 ], [ -100.293244711244682, 25.738268158154931 ], [ -100.293347909493662, 25.738430539241673 ], [ -100.293394495083717, 25.738442331717067 ], [ -100.293567792857388, 25.738706297825765 ], [ -100.293543189776187, 25.738803867430818 ], [ -100.293721131318335, 25.739093420891731 ], [ -100.293770913622666, 25.739095921895615 ], [ -100.293869573316883, 25.739253223379887 ], [ -100.293972670743216, 25.739418824498788 ], [ -100.294017694468536, 25.739428332443847 ], [ -100.294205475183361, 25.73972237201879 ], [ -100.29418993802129, 25.739768650393941 ], [ -100.294394325664456, 25.740090434149888 ], [ -100.29441302756004, 25.740118877811806 ], [ -100.294875572093858, 25.740829381211988 ], [ -100.294914179156834, 25.740881454278266 ], [ -100.294352779405401, 25.741316310273042 ], [ -100.294220762834158, 25.741444553005646 ], [ -100.293561517148859, 25.741055653389129 ], [ -100.293966571952097, 25.740798701928441 ], [ -100.294182907541213, 25.740215835340713 ] ] ] ] } },
{ "type": "Feature", "properties": { "CVEGEO": "1904600010418", "CVE_ENT": "19", "CVE_MUN": "046", "CVE_LOC": "0001", "CVE_ASEN": "0418", "CP": "66464", "FECHA_ACT": "11\/2022", "INSTITUCIO": "SECRETARÍA OBRAS PÚBLICAS Y DESARROLLO URBANO DEL MUNICIPIO DE SAN NICOLÁS DE LOS GARZA", "NOM_ASEN": "RESIDENCIAL NOVA TERCER SECTOR", "TIPO": "COLONIA", "Shape_Leng": 525.60421661700002, "Shape_Area": 17022.907986499999 }, "geometry": { "type": "MultiPolygon", "coordinates": [ [ [ [ -100.291535186629446, 25.737673027613866 ], [ -100.292463683463041, 25.737119937118152 ], [ -100.292482343310965, 25.737149534341047 ], [ -100.292665778924643, 25.737422258448245 ], [ -100.292714449796989, 25.737441917390569 ], [ -100.292934902226762, 25.737769852266556 ], [ -100.29297092760099, 25.737779279844354 ], [ -100.293145592144811, 25.738058292167104 ], [ -100.293141515208603, 25.738105780628761 ], [ -100.293244711244682, 25.738268158154931 ], [ -100.292286017568102, 25.738836250007168 ], [ -100.291535186629446, 25.737673027613866 ] ] ] ] } },
{ "type": "Feature", "properties": { "CVEGEO": "1904600010419", "CVE_ENT": "19", "CVE_MUN": "046", "CVE_LOC": "0001", "CVE_ASEN": "0419", "CP": "66420", "FECHA_ACT": "11\/2022", "INSTITUCIO": "SECRETARÍA OBRAS PÚBLICAS Y DESARROLLO URBANO DEL MUNICIPIO DE SAN NICOLÁS DE LOS GARZA", "NOM_ASEN": "RESIDENCIAL PERIFÉRICO SEGUNDO SECTOR", "TIPO": "COLONIA", "Shape_Leng": 1553.5201110200001, "Shape_Area": 77380.537894199995 }, "geometry": { "type": "MultiPolygon", "coordinates": [ [ [ [ -100.302043496251159, 25.750602997043423 ], [ -100.30883969094026, 25.749233379720945 ], [ -100.308909014342902, 25.749597579620879 ], [ -100.308908803651192, 25.749597685303151 ], [ -100.308680594828843, 25.749860761384916 ], [ -100.308514002622744, 25.750029529433714 ], [ -100.307523385735323, 25.750231176161854 ], [ -100.306811014494144, 25.751042684484041 ], [ -100.306739202282003, 25.751111292514963 ], [ -100.306401287676891, 25.751493087325969 ], [ -100.306147952275325, 25.751822344224845 ], [ -100.305184479433933, 25.751537090183451 ], [ -100.304795280153172, 25.75142179966943 ], [ -100.304406771801624, 25.751307030750493 ], [ -100.303697849019571, 25.751096937934047 ], [ -100.302043496251159, 25.750602997043423 ] ] ] ] } },
{ "type": "Feature", "properties": { "CVEGEO": "1904600010420", "CVE_ENT": "19", "CVE_MUN": "046", "CVE_LOC": "0001", "CVE_ASEN": "0420", "CP": "66420", "FECHA_ACT": "11\/2022", "INSTITUCIO": "SECRETARÍA OBRAS PÚBLICAS Y DESARROLLO URBANO DEL MUNICIPIO DE SAN NICOLÁS DE LOS GARZA", "NOM_ASEN": "RESIDENCIAL PERIFÉRICO TERCER SECTOR", "TIPO": "COLONIA", "Shape_Leng": 1067.92487484, "Shape_Area": 45069.208171500002 }, "geometry": { "type": "MultiPolygon", "coordinates": [ [ [ [ -100.306147952275325, 25.751822344224845 ], [ -100.306401287676891, 25.751493087325969 ], [ -100.306739202282003, 25.751111292514963 ], [ -100.306811014494144, 25.751042684484041 ], [ -100.307523385735323, 25.750231176161854 ], [ -100.308514002622744, 25.750029529433714 ], [ -100.308680594828843, 25.749860761384916 ], [ -100.308908803651192, 25.749597685303151 ], [ -100.308909014342902, 25.749597579620879 ], [ -100.309236709662216, 25.749432006946805 ], [ -100.3093138283065, 25.74939304231582 ], [ -100.309576630238112, 25.749280077383197 ], [ -100.30984028629905, 25.749177170616498 ], [ -100.309815165349775, 25.749261298266919 ], [ -100.309148024536299, 25.751198860173556 ], [ -100.309071777636731, 25.751419710426891 ], [ -100.307155762405529, 25.75155871387048 ], [ -100.307039241094557, 25.751684321980388 ], [ -100.306753994991922, 25.75200176700508 ], [ -100.306147952275325, 25.751822344224845 ] ] ] ] } },
{ "type": "Feature", "properties": { "CVEGEO": "1904600010421", "CVE_ENT": "19", "CVE_MUN": "046", "CVE_LOC": "0001", "CVE_ASEN": "0421", "CP": "00000", "FECHA_ACT": "11\/2022", "INSTITUCIO": "SECRETARÍA OBRAS PÚBLICAS Y DESARROLLO URBANO DEL MUNICIPIO DE SAN NICOLÁS DE LOS GARZA", "NOM_ASEN": "RESIDENCIAL RIVIERA SEGUNDO SECTOR", "TIPO": "COLONIA", "Shape_Leng": 364.91780245799998, "Shape_Area": 7474.8425983699999 }, "geometry": { "type": "MultiPolygon", "coordinates": [ [ [ [ -100.244223824250057, 25.707669026466426 ], [ -100.244265815642976, 25.707639955709535 ], [ -100.244758286565727, 25.707299017125077 ], [ -100.244775818415476, 25.70728693578377 ], [ -100.244918290274597, 25.707188762169448 ], [ -100.245007589318959, 25.707128204822656 ], [ -100.245126213362738, 25.707047760272058 ], [ -100.245296345522235, 25.707037207222005 ], [ -100.245410675971925, 25.707804457889488 ], [ -100.24428420405377, 25.707982505035861 ], [ -100.244223824250057, 25.707669026466426 ] ] ] ] } },
{ "type": "Feature", "properties": { "CVEGEO": "1904600010422", "CVE_ENT": "19", "CVE_MUN": "046", "CVE_LOC": "0001", "CVE_ASEN": "0422", "CP": "66414", "FECHA_ACT": "11\/2022", "INSTITUCIO": "SECRETARÍA OBRAS PÚBLICAS Y DESARROLLO URBANO DEL MUNICIPIO DE SAN NICOLÁS DE LOS GARZA", "NOM_ASEN": "RESIDENCIAL ROBLE SEXTO SECTOR", "TIPO": "COLONIA", "Shape_Leng": 838.34088509699995, "Shape_Area": 39310.517100700003 }, "geometry": { "type": "MultiPolygon", "coordinates": [ [ [ [ -100.272821759538459, 25.759112495283759 ], [ -100.272911481363963, 25.758752065695166 ], [ -100.273365210036062, 25.75885247015739 ], [ -100.273471285655219, 25.75855278907467 ], [ -100.273704530987445, 25.758623701502291 ], [ -100.274229123911809, 25.758783190817017 ], [ -100.275111798534766, 25.759053250716732 ], [ -100.275017555785368, 25.75921639289718 ], [ -100.274957652303556, 25.759327880531533 ], [ -100.275305163302249, 25.759502850470181 ], [ -100.275118247740394, 25.759856445066937 ], [ -100.274915582834353, 25.760216316488329 ], [ -100.274708948522161, 25.760576334782446 ], [ -100.274304005536692, 25.760498474960887 ], [ -100.274344663954594, 25.760428858595251 ], [ -100.272577961372107, 25.760046806617702 ], [ -100.272624779368741, 25.759864314170859 ], [ -100.272677418182624, 25.759662415748174 ], [ -100.272722993758805, 25.759487617259971 ], [ -100.272821759538459, 25.759112495283759 ] ] ] ] } },
{ "type": "Feature", "properties": { "CVEGEO": "1904600010423", "CVE_ENT": "19", "CVE_MUN": "046", "CVE_LOC": "0001", "CVE_ASEN": "0423", "CP": "00000", "FECHA_ACT": "11\/2022", "INSTITUCIO": "SECRETARÍA OBRAS PÚBLICAS Y DESARROLLO URBANO DEL MUNICIPIO DE SAN NICOLÁS DE LOS GARZA", "NOM_ASEN": "RESIDENCIAL SAN NICOLÁS SEGUNDO SECTOR", "TIPO": "COLONIA", "Shape_Leng": 1699.43465384, "Shape_Area": 97060.623023399996 }, "geometry": { "type": "MultiPolygon", "coordinates": [ [ [ [ -100.269153120930355, 25.758736943674911 ], [ -100.26845721934987, 25.758710576352904 ], [ -100.268436114473005, 25.759028593803801 ], [ -100.26842600841573, 25.759222854805795 ], [ -100.266641734874312, 25.759147724878009 ], [ -100.264696882447595, 25.758581642984328 ], [ -100.264864517989039, 25.758291187568997 ], [ -100.265131551930665, 25.757831549632719 ], [ -100.265975821888276, 25.757710601149896 ], [ -100.266190768574745, 25.757680262945016 ], [ -100.266648217162739, 25.757628578043736 ], [ -100.266933551103889, 25.757619791998014 ], [ -100.268615065998105, 25.757705599144934 ], [ -100.268665229104343, 25.757707990557385 ], [ -100.268716415616694, 25.757707993244622 ], [ -100.268943451091573, 25.757708127743101 ], [ -100.269239478865316, 25.757727070481742 ], [ -100.269289140129089, 25.757732247928779 ], [ -100.269337770719716, 25.757736302126467 ], [ -100.271384576317146, 25.757823548080371 ], [ -100.271441722359086, 25.757827605692725 ], [ -100.27182654585242, 25.757873091687564 ], [ -100.271720920874813, 25.758021407395166 ], [ -100.271663428326278, 25.75804744366495 ], [ -100.271393147151088, 25.75841639957768 ], [ -100.271152112904716, 25.758774505542277 ], [ -100.270973539644203, 25.759065254269302 ], [ -100.27094217002076, 25.759131450342569 ], [ -100.270873426352026, 25.759354624576883 ], [ -100.269110970950365, 25.759269996076448 ], [ -100.269121845867275, 25.759086055923916 ], [ -100.269138028492037, 25.758775162535589 ], [ -100.269153120930355, 25.758736943674911 ] ] ] ] } },
{ "type": "Feature", "properties": { "CVEGEO": "1904600010424", "CVE_ENT": "19", "CVE_MUN": "046", "CVE_LOC": "0001", "CVE_ASEN": "0424", "CP": "66448", "FECHA_ACT": "11\/2022", "INSTITUCIO": "SECRETARÍA OBRAS PÚBLICAS Y DESARROLLO URBANO DEL MUNICIPIO DE SAN NICOLÁS DE LOS GARZA", "NOM_ASEN": "RESIDENCIAL SANTO DOMINGO PRIMER SECTOR", "TIPO": "COLONIA", "Shape_Leng": 951.71511550399998, "Shape_Area": 37165.755149800003 }, "geometry": { "type": "MultiPolygon", "coordinates": [ [ [ [ -100.250598798870257, 25.751783924266459 ], [ -100.250597862305256, 25.751740957664108 ], [ -100.250729414525864, 25.751602125724368 ], [ -100.250890161191762, 25.751434428972448 ], [ -100.251049468949006, 25.7512698779381 ], [ -100.250683903200539, 25.750907462093242 ], [ -100.250572770438879, 25.750706599828071 ], [ -100.250270370382367, 25.750435779909044 ], [ -100.250518583760496, 25.750175012293354 ], [ -100.250929629570606, 25.750378545363979 ], [ -100.251518573791344, 25.750643104394243 ], [ -100.251842369464867, 25.75079241909571 ], [ -100.252018280212837, 25.750872114136325 ], [ -100.252395882614138, 25.751033663790423 ], [ -100.252722350851229, 25.751164029932909 ], [ -100.252686490437227, 25.751216120340786 ], [ -100.252582777505282, 25.7516367529023 ], [ -100.252312378266382, 25.752010819986417 ], [ -100.252901279929688, 25.752485081245254 ], [ -100.252789110191486, 25.752584659902567 ], [ -100.252366432880464, 25.752939183370234 ], [ -100.251907521732207, 25.752644237990111 ], [ -100.251515754433512, 25.752378172091962 ], [ -100.251122151100617, 25.752113951470982 ], [ -100.250598798870257, 25.751783924266459 ] ] ] ] } },
{ "type": "Feature", "properties": { "CVEGEO": "1904600010425", "CVE_ENT": "19", "CVE_MUN": "046", "CVE_LOC": "0001", "CVE_ASEN": "0425", "CP": "66465", "FECHA_ACT": "11\/2022", "INSTITUCIO": "SECRETARÍA OBRAS PÚBLICAS Y DESARROLLO URBANO DEL MUNICIPIO DE SAN NICOLÁS DE LOS GARZA", "NOM_ASEN": "RIVERAS DE LAS PUENTES SEGUNDO SECTOR", "TIPO": "COLONIA", "Shape_Leng": 740.79184555999996, "Shape_Area": 31382.881246500001 }, "geometry": { "type": "MultiPolygon", "coordinates": [ [ [ [ -100.285133529911434, 25.736914161562211 ], [ -100.285087973300904, 25.737065881677815 ], [ -100.28497326505601, 25.737424331842956 ], [ -100.284845923560113, 25.737827882717969 ], [ -100.284803112834126, 25.737817262356391 ], [ -100.284482096993386, 25.737727806162869 ], [ -100.284306287463124, 25.738291425488818 ], [ -100.28358506003859, 25.738040662673814 ], [ -100.283548296469135, 25.738027879923358 ], [ -100.282677656757002, 25.737653285225097 ], [ -100.282481608590615, 25.737570591444477 ], [ -100.28278377331975, 25.737140465685961 ], [ -100.283471934549837, 25.736436182487992 ], [ -100.283664244517851, 25.736533263245789 ], [ -100.284381911544017, 25.73670859908993 ], [ -100.285133529911434, 25.736914161562211 ] ] ] ] } },
{ "type": "Feature", "properties": { "CVEGEO": "1904600010426", "CVE_ENT": "19", "CVE_MUN": "046", "CVE_LOC": "0001", "CVE_ASEN": "0426", "CP": "66414", "FECHA_ACT": "11\/2022", "INSTITUCIO": "SECRETARÍA OBRAS PÚBLICAS Y DESARROLLO URBANO DEL MUNICIPIO DE SAN NICOLÁS DE LOS GARZA", "NOM_ASEN": "ROBLE SAN NICOLÁS SEGUNDO SECTOR", "TIPO": "COLONIA", "Shape_Leng": 1272.0454066499999, "Shape_Area": 80558.242068399995 }, "geometry": { "type": "MultiPolygon", "coordinates": [ [ [ [ -100.281086769774262, 25.763512760523767 ], [ -100.281223048865058, 25.763351816596938 ], [ -100.281439942458874, 25.76308546492438 ], [ -100.281467986648551, 25.76304997232258 ], [ -100.281687717738848, 25.762787561968921 ], [ -100.281721142457116, 25.762754946603906 ], [ -100.281947677400268, 25.762512681257132 ], [ -100.281982160364933, 25.76244776139632 ], [ -100.282178527044906, 25.7622167596918 ], [ -100.28230829522569, 25.762078815988573 ], [ -100.282344695406152, 25.76197963455013 ], [ -100.282381941617444, 25.761896149509823 ], [ -100.282417538272398, 25.761830753645334 ], [ -100.28245462335336, 25.761762625742161 ], [ -100.282505459736001, 25.761667589729004 ], [ -100.282683598028427, 25.761348809130904 ], [ -100.282751533391732, 25.761211964925888 ], [ -100.282847210428443, 25.760993502394413 ], [ -100.282894610672372, 25.760874230528451 ], [ -100.282996181377996, 25.760633438234361 ], [ -100.283049385597934, 25.760498333351855 ], [ -100.284522496599209, 25.76101703075522 ], [ -100.284918231777993, 25.761169402381658 ], [ -100.284794888017004, 25.761213428637411 ], [ -100.284703561709563, 25.76193521167481 ], [ -100.284592035501817, 25.762227843675916 ], [ -100.284791230318575, 25.762245080646263 ], [ -100.284609520284619, 25.7626313443043 ], [ -100.284359714410982, 25.762617974074296 ], [ -100.284122055589222, 25.762605252036376 ], [ -100.283905349441241, 25.762994484231005 ], [ -100.283857046567931, 25.763089299524204 ], [ -100.283708255750454, 25.763360065774233 ], [ -100.283668683313181, 25.763430735506674 ], [ -100.28350498521317, 25.763730022443152 ], [ -100.283485219364565, 25.763767293910004 ], [ -100.283290012215545, 25.764126522699634 ], [ -100.283217873770482, 25.764311652658872 ], [ -100.283164178588848, 25.764302866020621 ], [ -100.281146701465985, 25.763535555927039 ], [ -100.281086769774262, 25.763512760523767 ] ] ] ] } },
{ "type": "Feature", "properties": { "CVEGEO": "1904600010427", "CVE_ENT": "19", "CVE_MUN": "046", "CVE_LOC": "0001", "CVE_ASEN": "0427", "CP": "66414", "FECHA_ACT": "11\/2022", "INSTITUCIO": "SECRETARÍA OBRAS PÚBLICAS Y DESARROLLO URBANO DEL MUNICIPIO DE SAN NICOLÁS DE LOS GARZA", "NOM_ASEN": "ROBLE SAN NICOLÁS TERCER SECTOR", "TIPO": "COLONIA", "Shape_Leng": 1232.8840722299999, "Shape_Area": 78858.421345499999 }, "geometry": { "type": "MultiPolygon", "coordinates": [ [ [ [ -100.28230829522569, 25.762078815988573 ], [ -100.282178527044906, 25.7622167596918 ], [ -100.281982160364933, 25.76244776139632 ], [ -100.281947677400268, 25.762512681257132 ], [ -100.281721142457116, 25.762754946603906 ], [ -100.281687717738848, 25.762787561968921 ], [ -100.281467986648551, 25.76304997232258 ], [ -100.281439942458874, 25.76308546492438 ], [ -100.280454945566291, 25.762740465760288 ], [ -100.27974093893603, 25.762482332914598 ], [ -100.279401284196709, 25.762364558871521 ], [ -100.279216396280745, 25.762296869795129 ], [ -100.279106927770286, 25.762234926770688 ], [ -100.277787997501093, 25.761722095373294 ], [ -100.277766248522141, 25.761711227164625 ], [ -100.277934453369497, 25.761348129958005 ], [ -100.278097197766471, 25.761011682074454 ], [ -100.278253908591495, 25.760671690955835 ], [ -100.27843111393635, 25.760298100801396 ], [ -100.278561290462662, 25.760011030127266 ], [ -100.280293791335964, 25.760729471803387 ], [ -100.280211506534386, 25.760883876303705 ], [ -100.28127577450762, 25.761304332204084 ], [ -100.282172650323616, 25.761658650753358 ], [ -100.28245462335336, 25.761762625742161 ], [ -100.282417538272398, 25.761830753645334 ], [ -100.282381941617444, 25.761896149509823 ], [ -100.282344695406152, 25.76197963455013 ], [ -100.28230829522569, 25.762078815988573 ] ] ] ] } },
{ "type": "Feature", "properties": { "CVEGEO": "1904600010428", "CVE_ENT": "19", "CVE_MUN": "046", "CVE_LOC": "0001", "CVE_ASEN": "0428", "CP": "00000", "FECHA_ACT": "11\/2022", "INSTITUCIO": "SECRETARÍA OBRAS PÚBLICAS Y DESARROLLO URBANO DEL MUNICIPIO DE SAN NICOLÁS DE LOS GARZA", "NOM_ASEN": "ROYAL TRAILER PARK", "TIPO": "COLONIA", "Shape_Leng": 588.68335211299996, "Shape_Area": 18779.520547600001 }, "geometry": { "type": "MultiPolygon", "coordinates": [ [ [ [ -100.296114826165379, 25.74848925235511 ], [ -100.295920201044638, 25.747874410032644 ], [ -100.297362730174939, 25.747522640539867 ], [ -100.297904519778456, 25.749071088066085 ], [ -100.297239126841248, 25.748854264698451 ], [ -100.29644764405181, 25.748597942936087 ], [ -100.296114826165379, 25.74848925235511 ] ] ] ] } },
{ "type": "Feature", "properties": { "CVEGEO": "1904600010429", "CVE_ENT": "19", "CVE_MUN": "046", "CVE_LOC": "0001", "CVE_ASEN": "0429", "CP": "66469", "FECHA_ACT": "11\/2022", "INSTITUCIO": "SECRETARÍA OBRAS PÚBLICAS Y DESARROLLO URBANO DEL MUNICIPIO DE SAN NICOLÁS DE LOS GARZA", "NOM_ASEN": "SAN IGNACIO", "TIPO": "COLONIA", "Shape_Leng": 673.43097764499998, "Shape_Area": 14994.8508896 }, "geometry": { "type": "MultiPolygon", "coordinates": [ [ [ [ -100.276996852067839, 25.749801630783026 ], [ -100.278032207338725, 25.750275202671403 ], [ -100.278347195385933, 25.750367782414695 ], [ -100.278314834104293, 25.75045725032474 ], [ -100.278231270069867, 25.750665175611019 ], [ -100.278977944515432, 25.750924300246229 ], [ -100.279037220385845, 25.750945710081698 ], [ -100.279270617161828, 25.751013529101282 ], [ -100.279064740837669, 25.751262284556518 ], [ -100.279052996259693, 25.751229004458374 ], [ -100.278860816113223, 25.751133588827713 ], [ -100.277835480101515, 25.75090210351561 ], [ -100.277008945078506, 25.750757021769431 ], [ -100.276775335405958, 25.750728995108744 ], [ -100.27690197033823, 25.75026885032138 ], [ -100.276876926652918, 25.750225650629247 ], [ -100.276996852067839, 25.749801630783026 ] ] ] ] } },
{ "type": "Feature", "properties": { "CVEGEO": "1904600010430", "CVE_ENT": "19", "CVE_MUN": "046", "CVE_LOC": "0001", "CVE_ASEN": "0430", "CP": "66480", "FECHA_ACT": "11\/2022", "INSTITUCIO": "SECRETARÍA OBRAS PÚBLICAS Y DESARROLLO URBANO DEL MUNICIPIO DE SAN NICOLÁS DE LOS GARZA", "NOM_ASEN": "VALLE AZTECA (FOMERREY 12)", "TIPO": "COLONIA", "Shape_Leng": 574.84084019299996, "Shape_Area": 16858.322172 }, "geometry": { "type": "MultiPolygon", "coordinates": [ [ [ [ -100.265926886333816, 25.724543507518817 ], [ -100.265905224815015, 25.724476968363348 ], [ -100.265797468747465, 25.724001273928113 ], [ -100.265658984402336, 25.723488737042835 ], [ -100.265601589793576, 25.723268944209835 ], [ -100.266317405115487, 25.722908858599101 ], [ -100.266359991330006, 25.722891332446846 ], [ -100.26642457654772, 25.723114344791437 ], [ -100.266709822230524, 25.724109340412745 ], [ -100.266852083293784, 25.724566417164262 ], [ -100.266477155601592, 25.724741263780061 ], [ -100.26650254050557, 25.724826777543019 ], [ -100.266084217601971, 25.724993641609192 ], [ -100.266022025489278, 25.724979904010986 ], [ -100.266013277171567, 25.724920772416827 ], [ -100.265926886333816, 25.724543507518817 ] ] ] ] } },
{ "type": "Feature", "properties": { "CVEGEO": "1904600010432", "CVE_ENT": "19", "CVE_MUN": "046", "CVE_LOC": "0001", "CVE_ASEN": "0432", "CP": "00000", "FECHA_ACT": "11\/2022", "INSTITUCIO": "SECRETARÍA OBRAS PÚBLICAS Y DESARROLLO URBANO DEL MUNICIPIO DE SAN NICOLÁS DE LOS GARZA", "NOM_ASEN": "VALLE DE LAS ALAMEDAS", "TIPO": "COLONIA", "Shape_Leng": 1731.6620816, "Shape_Area": 119479.45898900001 }, "geometry": { "type": "MultiPolygon", "coordinates": [ [ [ [ -100.268941424364655, 25.767597840509598 ], [ -100.269014627835858, 25.76727000965526 ], [ -100.269020178789006, 25.767250336174996 ], [ -100.269106901857583, 25.766901331572601 ], [ -100.269109682035946, 25.766889487724331 ], [ -100.269189471898315, 25.766549602212468 ], [ -100.269380724584153, 25.765731357460819 ], [ -100.269441559376062, 25.765466386319495 ], [ -100.269473452317186, 25.765338693931749 ], [ -100.269544442893846, 25.765082622323117 ], [ -100.269575765135002, 25.76496692486954 ], [ -100.269631219045749, 25.76473979218397 ], [ -100.269706763030442, 25.76438684784047 ], [ -100.27051484366784, 25.764542408090573 ], [ -100.271570385656261, 25.764765635977078 ], [ -100.271851401493748, 25.76481828923724 ], [ -100.271549452693691, 25.765852824242508 ], [ -100.271493254255205, 25.765842025484147 ], [ -100.271390891192937, 25.765814605741781 ], [ -100.271289142761688, 25.766055533032535 ], [ -100.271246671334026, 25.766229631258142 ], [ -100.27138001329179, 25.766261278347713 ], [ -100.27170233842844, 25.766272055502196 ], [ -100.27236289086521, 25.766278404298916 ], [ -100.272382889487545, 25.766184604480369 ], [ -100.272779670924137, 25.766237219930009 ], [ -100.272775119586143, 25.766287139671075 ], [ -100.272692724608902, 25.767978532345463 ], [ -100.272490662299305, 25.767972392231847 ], [ -100.272275846687819, 25.767885338666435 ], [ -100.272242056167016, 25.768922732114486 ], [ -100.2706953374839, 25.768881945635183 ], [ -100.270710889776439, 25.768629780267634 ], [ -100.270729618499885, 25.768238970070222 ], [ -100.270751801510684, 25.767815010954401 ], [ -100.269279812295494, 25.767664599345146 ], [ -100.268941424364655, 25.767597840509598 ] ] ] ] } },
{ "type": "Feature", "properties": { "CVEGEO": "1904600010433", "CVE_ENT": "19", "CVE_MUN": "046", "CVE_LOC": "0001", "CVE_ASEN": "0433", "CP": "66450", "FECHA_ACT": "11\/2022", "INSTITUCIO": "SECRETARÍA OBRAS PÚBLICAS Y DESARROLLO URBANO DEL MUNICIPIO DE SAN NICOLÁS DE LOS GARZA", "NOM_ASEN": "VIEJO ANÁHUAC", "TIPO": "COLONIA", "Shape_Leng": 944.93614526, "Shape_Area": 51135.619541100001 }, "geometry": { "type": "MultiPolygon", "coordinates": [ [ [ [ -100.296589814103555, 25.729155682104949 ], [ -100.297205410681286, 25.729383750189925 ], [ -100.297579114598264, 25.729530595550237 ], [ -100.298067147910885, 25.729725012617088 ], [ -100.298476711229071, 25.730014446618402 ], [ -100.298884247324494, 25.730291055268552 ], [ -100.298988227033433, 25.730373775939647 ], [ -100.299446488131153, 25.730743422858882 ], [ -100.299563376366265, 25.730839056057405 ], [ -100.299492766013159, 25.730855808406847 ], [ -100.298150418317718, 25.731767480599302 ], [ -100.298075407266737, 25.731810751257761 ], [ -100.297841392206607, 25.731506603051969 ], [ -100.296820179676374, 25.730883681110239 ], [ -100.296027666627964, 25.730393686797402 ], [ -100.296275957507518, 25.729827725889265 ], [ -100.296507082222988, 25.72933283794881 ], [ -100.296589814103555, 25.729155682104949 ] ] ] ] } },
{ "type": "Feature", "properties": { "CVEGEO": "1904600010434", "CVE_ENT": "19", "CVE_MUN": "046", "CVE_LOC": "0001", "CVE_ASEN": "0434", "CP": "66418", "FECHA_ACT": "11\/2022", "INSTITUCIO": "SECRETARÍA OBRAS PÚBLICAS Y DESARROLLO URBANO DEL MUNICIPIO DE SAN NICOLÁS DE LOS GARZA", "NOM_ASEN": "VIEJO ROBLE SEGUNDO SECTOR", "TIPO": "COLONIA", "Shape_Leng": 674.19981346600002, "Shape_Area": 25614.873141700002 }, "geometry": { "type": "MultiPolygon", "coordinates": [ [ [ [ -100.281188861921393, 25.767685312150785 ], [ -100.283244750842982, 25.767443436883163 ], [ -100.283156728992878, 25.767631847955972 ], [ -100.283057274030909, 25.768018593554959 ], [ -100.282893861123839, 25.768667553235062 ], [ -100.282249624418583, 25.768743835610625 ], [ -100.281233048100958, 25.768864199636578 ], [ -100.280981322379731, 25.768894184360395 ], [ -100.281018357519699, 25.768678475301869 ], [ -100.281188861921393, 25.767685312150785 ] ] ] ] } },
{ "type": "Feature", "properties": { "CVEGEO": "1904600010435", "CVE_ENT": "19", "CVE_MUN": "046", "CVE_LOC": "0001", "CVE_ASEN": "0435", "CP": "66418", "FECHA_ACT": "11\/2022", "INSTITUCIO": "SECRETARÍA OBRAS PÚBLICAS Y DESARROLLO URBANO DEL MUNICIPIO DE SAN NICOLÁS DE LOS GARZA", "NOM_ASEN": "VIEJO ROBLE TERCER SECTOR", "TIPO": "COLONIA", "Shape_Leng": 855.29420345599999, "Shape_Area": 26862.9773599 }, "geometry": { "type": "MultiPolygon", "coordinates": [ [ [ [ -100.281285614215662, 25.767054235196291 ], [ -100.279474350276459, 25.766633240303339 ], [ -100.279418915877443, 25.76662049540499 ], [ -100.279479021290584, 25.766424026420513 ], [ -100.279493854491022, 25.766384949641591 ], [ -100.279548889320068, 25.766252445850363 ], [ -100.279733455885932, 25.765868928200682 ], [ -100.279908711650975, 25.76550435395739 ], [ -100.279987146653369, 25.765351825715289 ], [ -100.280457545107353, 25.765531477233008 ], [ -100.281622268358532, 25.765980230731277 ], [ -100.282123029994807, 25.766168741303822 ], [ -100.281816938857958, 25.766543618469257 ], [ -100.28122418869826, 25.766305973326944 ], [ -100.28100676658697, 25.766714567744099 ], [ -100.281583964738431, 25.766861526166284 ], [ -100.281565426672941, 25.766888897308245 ], [ -100.281558781207963, 25.766921032165673 ], [ -100.281538354132365, 25.767059812897227 ], [ -100.281529390403335, 25.767116656013794 ], [ -100.281285614215662, 25.767054235196291 ] ] ] ] } },
{ "type": "Feature", "properties": { "CVEGEO": "1904600010436", "CVE_ENT": "19", "CVE_MUN": "046", "CVE_LOC": "0001", "CVE_ASEN": "0436", "CP": "66420", "FECHA_ACT": "11\/2022", "INSTITUCIO": "SECRETARÍA OBRAS PÚBLICAS Y DESARROLLO URBANO DEL MUNICIPIO DE SAN NICOLÁS DE LOS GARZA", "NOM_ASEN": "VILLA AZUL SEGUNDO SECTOR", "TIPO": "COLONIA", "Shape_Leng": 917.06427368200002, "Shape_Area": 49884.574008900003 }, "geometry": { "type": "MultiPolygon", "coordinates": [ [ [ [ -100.303080277935535, 25.757080280308216 ], [ -100.303434149033123, 25.756050619556099 ], [ -100.303594680373152, 25.755592461154748 ], [ -100.303682448951349, 25.755392007887206 ], [ -100.304383332620617, 25.755420446198841 ], [ -100.304552037319425, 25.755417631314348 ], [ -100.305513373455128, 25.755509041516159 ], [ -100.305585239534253, 25.75544237578703 ], [ -100.305594702406907, 25.755435453306884 ], [ -100.305708680300071, 25.755458571106814 ], [ -100.30565780744169, 25.755422630657765 ], [ -100.305663809417922, 25.75539417549377 ], [ -100.306045538890004, 25.755508607989512 ], [ -100.305472257691051, 25.757458765246412 ], [ -100.303700289352321, 25.757197790997797 ], [ -100.303080277935535, 25.757080280308216 ] ] ] ] } },
{ "type": "Feature", "properties": { "CVEGEO": "1904600010437", "CVE_ENT": "19", "CVE_MUN": "046", "CVE_LOC": "0001", "CVE_ASEN": "0437", "CP": "00000", "FECHA_ACT": "11\/2022", "INSTITUCIO": "SECRETARÍA OBRAS PÚBLICAS Y DESARROLLO URBANO DEL MUNICIPIO DE SAN NICOLÁS DE LOS GARZA", "NOM_ASEN": "VILLARREAL SEGUNDO SECTOR", "TIPO": "FRACCIONAMIENTO", "Shape_Leng": 901.31016438100005, "Shape_Area": 44318.593144799997 }, "geometry": { "type": "MultiPolygon", "coordinates": [ [ [ [ -100.289171683806543, 25.765594459160241 ], [ -100.289116434165706, 25.765425029209247 ], [ -100.289056901072769, 25.765236335773974 ], [ -100.291080538391412, 25.765148090646459 ], [ -100.29106799274976, 25.765328267197756 ], [ -100.291040847913962, 25.765703849887064 ], [ -100.291018300771157, 25.766081081986908 ], [ -100.290989547646561, 25.766451896311818 ], [ -100.290970082718488, 25.766762195311205 ], [ -100.29096401150521, 25.7668289616905 ], [ -100.290941389213629, 25.767097253210011 ], [ -100.290901798935749, 25.767774079243182 ], [ -100.28991521518752, 25.7679283092281 ], [ -100.2896736217822, 25.767148301045442 ], [ -100.28959782245704, 25.766904846621408 ], [ -100.289475412889203, 25.766522085936767 ], [ -100.289357958521478, 25.766160587436996 ], [ -100.289234833492557, 25.765782821509934 ], [ -100.289171683806543, 25.765594459160241 ] ] ] ] } },
{ "type": "Feature", "properties": { "CVEGEO": "1904600010438", "CVE_ENT": "19", "CVE_MUN": "046", "CVE_LOC": "0001", "CVE_ASEN": "0438", "CP": "66437", "FECHA_ACT": "11\/2022", "INSTITUCIO": "SECRETARÍA OBRAS PÚBLICAS Y DESARROLLO URBANO DEL MUNICIPIO DE SAN NICOLÁS DE LOS GARZA", "NOM_ASEN": "VILLAS DE SANTO DOMINGO SEGUNDO SECTOR", "TIPO": "COLONIA", "Shape_Leng": 1672.6866981799999, "Shape_Area": 102692.158714 }, "geometry": { "type": "MultiPolygon", "coordinates": [ [ [ [ -100.259149220084524, 25.748392387223607 ], [ -100.259116667411163, 25.748586634880603 ], [ -100.259084240033033, 25.748793195468807 ], [ -100.26093942788215, 25.748888165967145 ], [ -100.260927870624727, 25.749061680117087 ], [ -100.260927984807708, 25.749500878546534 ], [ -100.260897968214749, 25.750161702566206 ], [ -100.260269047052219, 25.750069928569751 ], [ -100.260202157446173, 25.750459093466944 ], [ -100.259765936991442, 25.750388982079212 ], [ -100.25970044821382, 25.750778343475421 ], [ -100.259636015107034, 25.751163634845017 ], [ -100.259561121354665, 25.751607840208951 ], [ -100.259087025974978, 25.751525293094293 ], [ -100.257580585870784, 25.751280123921681 ], [ -100.257155964007538, 25.751212375119284 ], [ -100.257193904853281, 25.751137366863588 ], [ -100.257779550042883, 25.749979637203278 ], [ -100.257320555923116, 25.749877728545101 ], [ -100.257640382680279, 25.749144740451797 ], [ -100.256880924798963, 25.74887685139343 ], [ -100.257234602574755, 25.748553159086537 ], [ -100.257445608076495, 25.748355936072493 ], [ -100.257480626743288, 25.748346676395329 ], [ -100.257577177645786, 25.748257256635977 ], [ -100.257934952500449, 25.74792517354085 ], [ -100.258256310314138, 25.74761479983928 ], [ -100.258529065303037, 25.747371398869682 ], [ -100.258628127145812, 25.747281632344787 ], [ -100.258725089983955, 25.747286417281344 ], [ -100.258902946652455, 25.748116662293729 ], [ -100.258894718621917, 25.748379760976817 ], [ -100.259149220084524, 25.748392387223607 ] ] ] ] } },
{ "type": "Feature", "properties": { "CVEGEO": "1904600010439", "CVE_ENT": "19", "CVE_MUN": "046", "CVE_LOC": "0001", "CVE_ASEN": "0439", "CP": "66480", "FECHA_ACT": "11\/2022", "INSTITUCIO": "SECRETARÍA OBRAS PÚBLICAS Y DESARROLLO URBANO DEL MUNICIPIO DE SAN NICOLÁS DE LOS GARZA", "NOM_ASEN": "LIVING SAN NICOLÁS", "TIPO": "COLONIA", "Shape_Leng": 1378.0654054300001, "Shape_Area": 95149.031347700002 }, "geometry": { "type": "MultiPolygon", "coordinates": [ [ [ [ -100.264307560260832, 25.721848734691292 ], [ -100.264440532162652, 25.722231102415861 ], [ -100.264538603048166, 25.722573691064753 ], [ -100.264646462703027, 25.722950425359429 ], [ -100.264701110230973, 25.723191487059552 ], [ -100.264834677464293, 25.72378330591836 ], [ -100.264992138444342, 25.724490578063776 ], [ -100.265075302547601, 25.724898038060783 ], [ -100.26290339110443, 25.725858522011034 ], [ -100.262771699206496, 25.724425451938874 ], [ -100.262676519876976, 25.723361355924883 ], [ -100.262498980618005, 25.721587111095264 ], [ -100.26251754923905, 25.721570150477813 ], [ -100.262744405083922, 25.721408437110849 ], [ -100.263865465124965, 25.72060928200181 ], [ -100.263919561615268, 25.720740120299418 ], [ -100.264219400985809, 25.721666319349186 ], [ -100.264256721817205, 25.72168367341985 ], [ -100.264307560260832, 25.721848734691292 ] ] ] ] } },
{ "type": "Feature", "properties": { "CVEGEO": "1904600010440", "CVE_ENT": "19", "CVE_MUN": "046", "CVE_LOC": "0001", "CVE_ASEN": "0440", "CP": "00000", "FECHA_ACT": "11\/2022", "INSTITUCIO": "SECRETARÍA OBRAS PÚBLICAS Y DESARROLLO URBANO DEL MUNICIPIO DE SAN NICOLÁS DE LOS GARZA", "NOM_ASEN": "PRIVADAS SAN NICOLÁS", "TIPO": "COLONIA", "Shape_Leng": 1830.9741929700001, "Shape_Area": 158842.250803 }, "geometry": { "type": "MultiPolygon", "coordinates": [ [ [ [ -100.265550030441332, 25.726915702539046 ], [ -100.265511250486625, 25.726946832702247 ], [ -100.265639864001145, 25.727580320063158 ], [ -100.265841975712235, 25.728580229599622 ], [ -100.26599425065541, 25.728574499782674 ], [ -100.266051028291727, 25.728555445780398 ], [ -100.266355243225931, 25.728402808196513 ], [ -100.266360910372214, 25.728489281307922 ], [ -100.266656018269288, 25.729177453309873 ], [ -100.26682829161247, 25.72944493578591 ], [ -100.266527335598127, 25.729563028226988 ], [ -100.266230107988022, 25.729685480106227 ], [ -100.263442597608602, 25.730833884519981 ], [ -100.263115798647064, 25.730972138247921 ], [ -100.263073240365202, 25.730756535689661 ], [ -100.263067346768153, 25.73054336791629 ], [ -100.263020355233976, 25.728390849964072 ], [ -100.263007366092339, 25.728306200193337 ], [ -100.262917949590928, 25.727454184375592 ], [ -100.262860409807189, 25.726918911271667 ], [ -100.262798473901228, 25.726915247632604 ], [ -100.262792765291934, 25.726720040993612 ], [ -100.262806383109123, 25.726601537582901 ], [ -100.262912309358228, 25.726627009580127 ], [ -100.262866446295888, 25.725947756891482 ], [ -100.26290339110443, 25.725858522011034 ], [ -100.265075302547601, 25.724898038060783 ], [ -100.2651871971227, 25.725321327171798 ], [ -100.265266978933965, 25.725694589748976 ], [ -100.265458602047175, 25.726486982335096 ], [ -100.265550030441332, 25.726915702539046 ] ] ] ] } },
{ "type": "Feature", "properties": { "CVEGEO": "1904600010443", "CVE_ENT": "19", "CVE_MUN": "046", "CVE_LOC": "0001", "CVE_ASEN": "0443", "CP": "66478", "FECHA_ACT": "11\/2022", "INSTITUCIO": "SECRETARÍA OBRAS PÚBLICAS Y DESARROLLO URBANO DEL MUNICIPIO DE SAN NICOLÁS DE LOS GARZA", "NOM_ASEN": "PALMAS DIAMANTE", "TIPO": "FRACCIONAMIENTO", "Shape_Leng": 1725.2096840199999, "Shape_Area": 159148.14909 }, "geometry": { "type": "MultiPolygon", "coordinates": [ [ [ [ -100.22561451570472, 25.740639353638095 ], [ -100.22494063529399, 25.740522979074981 ], [ -100.224873093844224, 25.740511316066964 ], [ -100.224376667868896, 25.740425573423138 ], [ -100.224745854969896, 25.738898385325417 ], [ -100.224877715707251, 25.738232895234699 ], [ -100.225188329008901, 25.736614512810004 ], [ -100.225853321694728, 25.736714398575103 ], [ -100.225895386045735, 25.736724311854804 ], [ -100.225945904260769, 25.736350908796322 ], [ -100.226086260968188, 25.736375519353729 ], [ -100.226300304836997, 25.736417513604749 ], [ -100.227963013013081, 25.736692491088402 ], [ -100.227943977466467, 25.737085540857745 ], [ -100.22789004492391, 25.738378002981193 ], [ -100.228018460667073, 25.7387002379077 ], [ -100.228069802452538, 25.738824276156123 ], [ -100.228077482380783, 25.738853865242152 ], [ -100.228760880430499, 25.740510963295439 ], [ -100.228810349377156, 25.74060368299866 ], [ -100.22883194058025, 25.740649216773196 ], [ -100.228909574754823, 25.74084854896358 ], [ -100.228986372832296, 25.741156665273305 ], [ -100.226642289374794, 25.740792619746699 ], [ -100.226332709500284, 25.740745380234536 ], [ -100.22561451570472, 25.740639353638095 ] ] ] ] } },
{ "type": "Feature", "properties": { "CVEGEO": "1904600010444", "CVE_ENT": "19", "CVE_MUN": "046", "CVE_LOC": "0001", "CVE_ASEN": "0444", "CP": "66478", "FECHA_ACT": "11\/2022", "INSTITUCIO": "SECRETARÍA OBRAS PÚBLICAS Y DESARROLLO URBANO DEL MUNICIPIO DE SAN NICOLÁS DE LOS GARZA", "NOM_ASEN": "RINCON DE LOS ÁNGELES", "TIPO": "FRACCIONAMIENTO", "Shape_Leng": 1884.37265555, "Shape_Area": 80937.951496099995 }, "geometry": { "type": "MultiPolygon", "coordinates": [ [ [ [ -100.228118939230313, 25.735814380574347 ], [ -100.227704779624503, 25.735331089889026 ], [ -100.226678490439156, 25.734160769610732 ], [ -100.226607619635359, 25.734010540321282 ], [ -100.226572109951661, 25.73377979981111 ], [ -100.226192570212234, 25.732721909854583 ], [ -100.225778769586412, 25.731794509733874 ], [ -100.225550895991617, 25.731082902133551 ], [ -100.225722817136671, 25.731148504756401 ], [ -100.22587155920543, 25.731149396907028 ], [ -100.226167678886029, 25.73104768071185 ], [ -100.226673799501057, 25.731293110001335 ], [ -100.227218719575419, 25.731545569641007 ], [ -100.227269934472773, 25.731621483190647 ], [ -100.227344999775028, 25.731851090408885 ], [ -100.227462622781189, 25.733210839544142 ], [ -100.227477058858582, 25.733242539766916 ], [ -100.22752416195037, 25.733682886064084 ], [ -100.227686762432469, 25.734056894654799 ], [ -100.227687439353772, 25.734113849832891 ], [ -100.228341059656842, 25.73565920505747 ], [ -100.228696385795914, 25.735465482186445 ], [ -100.229125053204399, 25.735261525044375 ], [ -100.229472392986338, 25.735138248354335 ], [ -100.229856739902161, 25.735071414277598 ], [ -100.230299695897926, 25.735055936211928 ], [ -100.230289744161681, 25.735205274862842 ], [ -100.23028335438525, 25.735308970840112 ], [ -100.230224392106109, 25.736289404238072 ], [ -100.229191427176474, 25.736618346582226 ], [ -100.228678845938802, 25.736781371364103 ], [ -100.228272958845267, 25.73634734684639 ], [ -100.228180431748569, 25.736215522538412 ], [ -100.22816448406472, 25.736160988813488 ], [ -100.228220909647035, 25.736085081301372 ], [ -100.228118939230313, 25.735814380574347 ] ] ] ] } },
{ "type": "Feature", "properties": { "CVEGEO": "1904600010445", "CVE_ENT": "19", "CVE_MUN": "046", "CVE_LOC": "0001", "CVE_ASEN": "0445", "CP": "66478", "FECHA_ACT": "11\/2022", "INSTITUCIO": "SECRETARÍA OBRAS PÚBLICAS Y DESARROLLO URBANO DEL MUNICIPIO DE SAN NICOLÁS DE LOS GARZA", "NOM_ASEN": "CERRADAS DE CASA BLANCA NORTE PRIMERO Y SEGUNDO SECTOR", "TIPO": "FRACCIONAMIENTO", "Shape_Leng": 1507.7415668900001, "Shape_Area": 71622.911737100003 }, "geometry": { "type": "MultiPolygon", "coordinates": [ [ [ [ -100.219719149855223, 25.737301620970413 ], [ -100.219815683903562, 25.736422536820758 ], [ -100.219819570068864, 25.736391214290588 ], [ -100.21982597187268, 25.736356232139393 ], [ -100.219877302877805, 25.736007356339766 ], [ -100.219923106782232, 25.735650226171863 ], [ -100.219928615286733, 25.735602673670449 ], [ -100.219990796697417, 25.73496019679984 ], [ -100.220013162200701, 25.734579601466923 ], [ -100.220078359382853, 25.734010315703891 ], [ -100.22011146467031, 25.733884098023918 ], [ -100.220150118538427, 25.733877231090457 ], [ -100.220636419199963, 25.733860819714632 ], [ -100.221309593019114, 25.733942201410727 ], [ -100.22132806291701, 25.734071926535332 ], [ -100.221236831547458, 25.73464729473131 ], [ -100.221187675239307, 25.735093906213216 ], [ -100.221133765326499, 25.735517745316685 ], [ -100.221083528628427, 25.735935706379927 ], [ -100.22104841746436, 25.736332720220194 ], [ -100.221040435078152, 25.736470557728236 ], [ -100.222078883344366, 25.736581214264874 ], [ -100.22337239940353, 25.736688725344276 ], [ -100.22338739330506, 25.736756766918621 ], [ -100.223480282332815, 25.736765007157754 ], [ -100.223456722404393, 25.736980603809066 ], [ -100.22342625177437, 25.736980561244838 ], [ -100.223356867029239, 25.737010604724926 ], [ -100.223309363397917, 25.737422956801058 ], [ -100.223315771708812, 25.737470750079083 ], [ -100.223381611329827, 25.73748056073223 ], [ -100.223365417733973, 25.737645628806469 ], [ -100.219719149855223, 25.737301620970413 ] ] ] ] } },
{ "type": "Feature", "properties": { "CVEGEO": "1904600010446", "CVE_ENT": "19", "CVE_MUN": "046", "CVE_LOC": "0001", "CVE_ASEN": "0446", "CP": "66478", "FECHA_ACT": "11\/2022", "INSTITUCIO": "SECRETARÍA OBRAS PÚBLICAS Y DESARROLLO URBANO DEL MUNICIPIO DE SAN NICOLÁS DE LOS GARZA", "NOM_ASEN": "CERRADAS CASA BLANCA PRIMER SECTOR", "TIPO": "FRACCIONAMIENTO", "Shape_Leng": 1538.2073396200001, "Shape_Area": 53102.010546999998 }, "geometry": { "type": "MultiPolygon", "coordinates": [ [ [ [ -100.222330468149181, 25.732744140252823 ], [ -100.222203144871486, 25.732876342667844 ], [ -100.222072665911938, 25.732941897637794 ], [ -100.222104618576523, 25.733015913997132 ], [ -100.222093051401671, 25.733086817689731 ], [ -100.222113796924106, 25.733119688565573 ], [ -100.222176867302409, 25.733128556230621 ], [ -100.222239454630866, 25.733153256694624 ], [ -100.222291902453478, 25.733192843460046 ], [ -100.222331655160716, 25.733243516486223 ], [ -100.222325698200478, 25.73344647337926 ], [ -100.222265956784781, 25.733988758055048 ], [ -100.222294510192398, 25.734042058093898 ], [ -100.222351615661282, 25.734070612511967 ], [ -100.223058883812001, 25.734126617638989 ], [ -100.223540434411319, 25.734175218474505 ], [ -100.224332918955241, 25.734297787154166 ], [ -100.224595140912072, 25.734164844644486 ], [ -100.224846019383293, 25.734541473095053 ], [ -100.224884272496212, 25.734636764420955 ], [ -100.22475326335865, 25.73467997498161 ], [ -100.223534288703618, 25.734592080822029 ], [ -100.222711089529824, 25.734393950422451 ], [ -100.222197722694801, 25.734286173788281 ], [ -100.221854580159984, 25.734086830602056 ], [ -100.221309593019114, 25.733942201410727 ], [ -100.220636419199963, 25.733860819714632 ], [ -100.220150118538427, 25.733877231090457 ], [ -100.22011146467031, 25.733884098023918 ], [ -100.220128256768575, 25.733773986881932 ], [ -100.22015918992858, 25.733343376868898 ], [ -100.22017822579393, 25.733235110363736 ], [ -100.220262696526845, 25.732707465660859 ], [ -100.220363943200113, 25.731908982827154 ], [ -100.220369679554537, 25.73186758046797 ], [ -100.220418338915437, 25.731627667241611 ], [ -100.220793183427745, 25.731582904763499 ], [ -100.221171350909842, 25.731535607348778 ], [ -100.221467507556497, 25.731500720933457 ], [ -100.22147736987877, 25.731544694888044 ], [ -100.221373642238447, 25.732650239852568 ], [ -100.222330468149181, 25.732744140252823 ] ] ] ] } },
{ "type": "Feature", "properties": { "CVEGEO": "1904600010447", "CVE_ENT": "19", "CVE_MUN": "046", "CVE_LOC": "0001", "CVE_ASEN": "0447", "CP": "00000", "FECHA_ACT": "11\/2022", "INSTITUCIO": "SECRETARÍA OBRAS PÚBLICAS Y DESARROLLO URBANO DEL MUNICIPIO DE SAN NICOLÁS DE LOS GARZA", "NOM_ASEN": "NINGUNO", "TIPO": "NINGUNO", "Shape_Leng": 2820.4243244300001, "Shape_Area": 252520.489436 }, "geometry": { "type": "MultiPolygon", "coordinates": [ [ [ [ -100.222822659117085, 25.740157164487858 ], [ -100.219410780428575, 25.739567793835729 ], [ -100.219566167232898, 25.738320296009888 ], [ -100.219611025400511, 25.738286244275997 ], [ -100.219719149855223, 25.737301620970413 ], [ -100.223365417733973, 25.737645628806469 ], [ -100.223381611329827, 25.73748056073223 ], [ -100.223315771708812, 25.737470750079083 ], [ -100.223309363397917, 25.737422956801058 ], [ -100.223356867029239, 25.737010604724926 ], [ -100.22342625177437, 25.736980561244838 ], [ -100.223456722404393, 25.736980603809066 ], [ -100.223480282332815, 25.736765007157754 ], [ -100.22338739330506, 25.736756766918621 ], [ -100.22337239940353, 25.736688725344276 ], [ -100.222078883344366, 25.736581214264874 ], [ -100.221040435078152, 25.736470557728236 ], [ -100.22104841746436, 25.736332720220194 ], [ -100.221083528628427, 25.735935706379927 ], [ -100.221133765326499, 25.735517745316685 ], [ -100.221187675239307, 25.735093906213216 ], [ -100.221236831547458, 25.73464729473131 ], [ -100.22132806291701, 25.734071926535332 ], [ -100.221309593019114, 25.733942201410727 ], [ -100.221854580159984, 25.734086830602056 ], [ -100.222197722694801, 25.734286173788281 ], [ -100.222711089529824, 25.734393950422451 ], [ -100.223534288703618, 25.734592080822029 ], [ -100.22475326335865, 25.73467997498161 ], [ -100.224884272496212, 25.734636764420955 ], [ -100.224959708952184, 25.734740907779702 ], [ -100.225005955966054, 25.73479893071362 ], [ -100.225017030814939, 25.73483181065313 ], [ -100.224831364933351, 25.736344046322607 ], [ -100.224806806872792, 25.736548727962923 ], [ -100.225188329008901, 25.736614512810004 ], [ -100.224877715707251, 25.738232895234699 ], [ -100.224745854969896, 25.738898385325417 ], [ -100.224376667868896, 25.740425573423138 ], [ -100.222822659117085, 25.740157164487858 ] ] ] ] } },
{ "type": "Feature", "properties": { "CVEGEO": "1904600010448", "CVE_ENT": "19", "CVE_MUN": "046", "CVE_LOC": "0001", "CVE_ASEN": "0448", "CP": "66478", "FECHA_ACT": "11\/2022", "INSTITUCIO": "SECRETARÍA OBRAS PÚBLICAS Y DESARROLLO URBANO DEL MUNICIPIO DE SAN NICOLÁS DE LOS GARZA", "NOM_ASEN": "URBIQUINTA MONTECARLO", "TIPO": "RESIDENCIAL", "Shape_Leng": 2534.46526507, "Shape_Area": 196201.19423200001 }, "geometry": { "type": "MultiPolygon", "coordinates": [ [ [ [ -100.225550895991617, 25.731082902133551 ], [ -100.225778769586412, 25.731794509733874 ], [ -100.226192570212234, 25.732721909854583 ], [ -100.226572109951661, 25.73377979981111 ], [ -100.226607619635359, 25.734010540321282 ], [ -100.226678490439156, 25.734160769610732 ], [ -100.227704779624503, 25.735331089889026 ], [ -100.228118939230313, 25.735814380574347 ], [ -100.228220909647035, 25.736085081301372 ], [ -100.22816448406472, 25.736160988813488 ], [ -100.228180431748569, 25.736215522538412 ], [ -100.228272958845267, 25.73634734684639 ], [ -100.228678845938802, 25.736781371364103 ], [ -100.227943977466467, 25.737085540857745 ], [ -100.227963013013081, 25.736692491088402 ], [ -100.226300304836997, 25.736417513604749 ], [ -100.226086260968188, 25.736375519353729 ], [ -100.225945904260769, 25.736350908796322 ], [ -100.225895386045735, 25.736724311854804 ], [ -100.225853321694728, 25.736714398575103 ], [ -100.225188329008901, 25.736614512810004 ], [ -100.224806806872792, 25.736548727962923 ], [ -100.224831364933351, 25.736344046322607 ], [ -100.225017030814939, 25.73483181065313 ], [ -100.225005955966054, 25.73479893071362 ], [ -100.224959708952184, 25.734740907779702 ], [ -100.224884272496212, 25.734636764420955 ], [ -100.224846019383293, 25.734541473095053 ], [ -100.224595140912072, 25.734164844644486 ], [ -100.224425251123151, 25.733909798152879 ], [ -100.224146690324559, 25.733561460050627 ], [ -100.224051305964011, 25.733437063812005 ], [ -100.223846810112605, 25.73311508088883 ], [ -100.223897909017921, 25.733094137950854 ], [ -100.223765786707588, 25.732884614430773 ], [ -100.223679593576747, 25.732876531053446 ], [ -100.222330468149181, 25.732744140252823 ], [ -100.221373642238447, 25.732650239852568 ], [ -100.22147736987877, 25.731544694888044 ], [ -100.221467507556497, 25.731500720933457 ], [ -100.221504648576584, 25.731496193092326 ], [ -100.221731648829532, 25.731466211798477 ], [ -100.223273421522052, 25.73132553668124 ], [ -100.223377391437253, 25.731316971090429 ], [ -100.223494603355604, 25.731310322684994 ], [ -100.224231088584347, 25.730562508672424 ], [ -100.224679876300712, 25.73015531621845 ], [ -100.22528115093526, 25.730876270609102 ], [ -100.225455857040515, 25.730852478650814 ], [ -100.225550895991617, 25.731082902133551 ] ] ] ] } },
{ "type": "Feature", "properties": { "CVEGEO": "1904600010449", "CVE_ENT": "19", "CVE_MUN": "046", "CVE_LOC": "0001", "CVE_ASEN": "0449", "CP": "00000", "FECHA_ACT": "11\/2022", "INSTITUCIO": "SECRETARÍA OBRAS PÚBLICAS Y DESARROLLO URBANO DEL MUNICIPIO DE SAN NICOLÁS DE LOS GARZA", "NOM_ASEN": "PARAÍSO DE ANÁHUAC", "TIPO": "FRACCIONAMIENTO", "Shape_Leng": 1570.1734428899999, "Shape_Area": 85192.044872900005 }, "geometry": { "type": "MultiPolygon", "coordinates": [ [ [ [ -100.322830630875586, 25.763979970162055 ], [ -100.322604390073366, 25.76338178212993 ], [ -100.322522014493671, 25.763181860561154 ], [ -100.324614188854, 25.762786177778807 ], [ -100.325731446464246, 25.762548286872793 ], [ -100.326643251915016, 25.76239383209818 ], [ -100.32830750789104, 25.762052078152685 ], [ -100.328969130791137, 25.761898971558384 ], [ -100.329279184337722, 25.763371418174007 ], [ -100.328806782752622, 25.763416171158561 ], [ -100.327067747274441, 25.763581633837227 ], [ -100.326831460745225, 25.76360411423677 ], [ -100.326821987625635, 25.763608609835241 ], [ -100.326779910890565, 25.76362857421497 ], [ -100.326722460346247, 25.763642939707879 ], [ -100.326341797329192, 25.763680201485052 ], [ -100.32591381982931, 25.763729649091648 ], [ -100.325884496961692, 25.76373295164732 ], [ -100.325827781123536, 25.763739340420791 ], [ -100.325028846662647, 25.76382934046871 ], [ -100.324686316197798, 25.763868310326306 ], [ -100.324465572695843, 25.763892119806876 ], [ -100.324321350158982, 25.763907675143848 ], [ -100.324237821022919, 25.76391668653045 ], [ -100.324120277632659, 25.763929364951967 ], [ -100.322918059898015, 25.764059032475235 ], [ -100.322830630875586, 25.763979970162055 ] ] ] ] } },
{ "type": "Feature", "properties": { "CVEGEO": "1904600010450", "CVE_ENT": "19", "CVE_MUN": "046", "CVE_LOC": "0001", "CVE_ASEN": "0450", "CP": "66450", "FECHA_ACT": "11\/2022", "INSTITUCIO": "SECRETARÍA OBRAS PÚBLICAS Y DESARROLLO URBANO DEL MUNICIPIO DE SAN NICOLÁS DE LOS GARZA", "NOM_ASEN": "OLINTO", "TIPO": "FRACCIONAMIENTO", "Shape_Leng": 541.93454746299994, "Shape_Area": 10508.3392245 }, "geometry": { "type": "MultiPolygon", "coordinates": [ [ [ [ -100.304616617719049, 25.734543645445282 ], [ -100.304737863084682, 25.734598773455314 ], [ -100.304943495119147, 25.734677768326282 ], [ -100.30550516678646, 25.735587040514599 ], [ -100.305632768684589, 25.735608674840183 ], [ -100.305767501536465, 25.735638913922664 ], [ -100.305886291437915, 25.735672583117658 ], [ -100.305996806818627, 25.735731360266428 ], [ -100.306102943356592, 25.735790352613911 ], [ -100.306203435298926, 25.735906617123529 ], [ -100.306316677755788, 25.736073613330269 ], [ -100.306076063608387, 25.736150117432611 ], [ -100.305957505170099, 25.736187963576654 ], [ -100.305441023994717, 25.735988190372488 ], [ -100.305215552799467, 25.735906583070065 ], [ -100.305136733845856, 25.73585534446114 ], [ -100.304972512158287, 25.735648404099923 ], [ -100.304534083831456, 25.734783775560174 ], [ -100.30458295650422, 25.734662284057332 ], [ -100.304616617719049, 25.734543645445282 ] ] ] ] } },
{ "type": "Feature", "properties": { "CVEGEO": "1904600010451", "CVE_ENT": "19", "CVE_MUN": "046", "CVE_LOC": "0001", "CVE_ASEN": "0451", "CP": "66496", "FECHA_ACT": "11\/2022", "INSTITUCIO": "SECRETARÍA OBRAS PÚBLICAS Y DESARROLLO URBANO DEL MUNICIPIO DE SAN NICOLÁS DE LOS GARZA", "NOM_ASEN": "ALEJANDRÍA", "TIPO": "PRIVADA", "Shape_Leng": 409.59966467300001, "Shape_Area": 10614.9410871 }, "geometry": { "type": "MultiPolygon", "coordinates": [ [ [ [ -100.242566886086692, 25.71613705766049 ], [ -100.243604263420281, 25.715969744314084 ], [ -100.243622680353496, 25.716090179987063 ], [ -100.243687819950807, 25.716465029634136 ], [ -100.243748599549221, 25.716881050404602 ], [ -100.243686262637738, 25.716908324171047 ], [ -100.242720581870458, 25.71702090867068 ], [ -100.242668432434201, 25.716738193196818 ], [ -100.242602477643686, 25.716380660989913 ], [ -100.242597086542773, 25.716331240958535 ], [ -100.242591491623244, 25.716279938403897 ], [ -100.242566886086692, 25.71613705766049 ] ] ] ] } },
{ "type": "Feature", "properties": { "CVEGEO": "1904600010452", "CVE_ENT": "19", "CVE_MUN": "046", "CVE_LOC": "0001", "CVE_ASEN": "0452", "CP": "00000", "FECHA_ACT": "11\/2022", "INSTITUCIO": "SECRETARÍA OBRAS PÚBLICAS Y DESARROLLO URBANO DEL MUNICIPIO DE SAN NICOLÁS DE LOS GARZA", "NOM_ASEN": "VIVENZA PRIMER SECTOR", "TIPO": "FRACCIONAMIENTO", "Shape_Leng": 2732.5833632600002, "Shape_Area": 231347.478118 }, "geometry": { "type": "MultiPolygon", "coordinates": [ [ [ [ -100.227329037823168, 25.723018137576442 ], [ -100.227618326267574, 25.722881824210152 ], [ -100.227910262564123, 25.722744262861379 ], [ -100.22826833555898, 25.722569928589426 ], [ -100.229092513172674, 25.722168253444124 ], [ -100.229263761142633, 25.722088571555808 ], [ -100.229198481733818, 25.721930810894396 ], [ -100.229438122545815, 25.721809236616295 ], [ -100.229203567415993, 25.721038668283274 ], [ -100.229322030948154, 25.720608024658905 ], [ -100.229837576717088, 25.720685783709168 ], [ -100.230032483978064, 25.719504670321033 ], [ -100.230106610979306, 25.71905988833004 ], [ -100.23011179259673, 25.719028800939622 ], [ -100.230332548500428, 25.719064712431027 ], [ -100.230772598305364, 25.719136276877222 ], [ -100.231921462503166, 25.719320692876011 ], [ -100.232024058552909, 25.719342429839845 ], [ -100.231408478798883, 25.71962858567322 ], [ -100.231386151352368, 25.719749849895656 ], [ -100.231388323602303, 25.719844766726919 ], [ -100.231418301990686, 25.719933037327127 ], [ -100.231474237207252, 25.72003209210876 ], [ -100.230874493413239, 25.720256482196184 ], [ -100.230833597454421, 25.720698606001672 ], [ -100.230744801417785, 25.721390976380896 ], [ -100.23047141305139, 25.721526646061974 ], [ -100.230256345032942, 25.721627246934343 ], [ -100.230308609345741, 25.72174533740375 ], [ -100.230637100978825, 25.722847245377412 ], [ -100.230876619665793, 25.723651759268762 ], [ -100.230883928283546, 25.723741535085406 ], [ -100.231012195593593, 25.724178570180229 ], [ -100.231158442039529, 25.72462498126983 ], [ -100.231435515044808, 25.725539676240288 ], [ -100.231571282561049, 25.725847504188867 ], [ -100.231605487022307, 25.725835889123722 ], [ -100.23177149627989, 25.726291308735647 ], [ -100.231907842775954, 25.726590408998614 ], [ -100.232003008256527, 25.726719147860127 ], [ -100.230294238964873, 25.727355600313892 ], [ -100.230274543871133, 25.726976600318164 ], [ -100.228386024231753, 25.727127386552716 ], [ -100.227985335371741, 25.727158007650534 ], [ -100.227853090547569, 25.727164784062076 ], [ -100.227831230294427, 25.726982965612073 ], [ -100.227700157599628, 25.725628096029432 ], [ -100.227661963918408, 25.725235065977721 ], [ -100.227590926681103, 25.72440611895658 ], [ -100.227588527325409, 25.724345512348712 ], [ -100.22755900580367, 25.724015594961731 ], [ -100.227407762445949, 25.724032619842159 ], [ -100.227344461097346, 25.723235264711725 ], [ -100.227329037823168, 25.723018137576442 ] ] ] ] } },
{ "type": "Feature", "properties": { "CVEGEO": "1904600010453", "CVE_ENT": "19", "CVE_MUN": "046", "CVE_LOC": "0001", "CVE_ASEN": "0453", "CP": "66478", "FECHA_ACT": "11\/2022", "INSTITUCIO": "SECRETARÍA OBRAS PÚBLICAS Y DESARROLLO URBANO DEL MUNICIPIO DE SAN NICOLÁS DE LOS GARZA", "NOM_ASEN": "CERRADAS CASA BLANCA SEGUNDO SECTOR", "TIPO": "FRACCIONAMIENTO", "Shape_Leng": 721.37310062500001, "Shape_Area": 27940.782540799999 }, "geometry": { "type": "MultiPolygon", "coordinates": [ [ [ [ -100.222330468149181, 25.732744140252823 ], [ -100.223679593576747, 25.732876531053446 ], [ -100.223765786707588, 25.732884614430773 ], [ -100.223897909017921, 25.733094137950854 ], [ -100.223846810112605, 25.73311508088883 ], [ -100.224051305964011, 25.733437063812005 ], [ -100.224146690324559, 25.733561460050627 ], [ -100.224425251123151, 25.733909798152879 ], [ -100.224595140912072, 25.734164844644486 ], [ -100.224332918955241, 25.734297787154166 ], [ -100.223540434411319, 25.734175218474505 ], [ -100.223058883812001, 25.734126617638989 ], [ -100.222351615661282, 25.734070612511967 ], [ -100.222294510192398, 25.734042058093898 ], [ -100.222265956784781, 25.733988758055048 ], [ -100.222325698200478, 25.73344647337926 ], [ -100.222331655160716, 25.733243516486223 ], [ -100.222291902453478, 25.733192843460046 ], [ -100.222239454630866, 25.733153256694624 ], [ -100.222176867302409, 25.733128556230621 ], [ -100.222113796924106, 25.733119688565573 ], [ -100.222093051401671, 25.733086817689731 ], [ -100.222104618576523, 25.733015913997132 ], [ -100.222072665911938, 25.732941897637794 ], [ -100.222203144871486, 25.732876342667844 ], [ -100.222330468149181, 25.732744140252823 ] ] ] ] } },
{ "type": "Feature", "properties": { "CVEGEO": "1904600010454", "CVE_ENT": "19", "CVE_MUN": "046", "CVE_LOC": "0001", "CVE_ASEN": "0454", "CP": "00000", "FECHA_ACT": "11\/2022", "INSTITUCIO": "SECRETARÍA OBRAS PÚBLICAS Y DESARROLLO URBANO DEL MUNICIPIO DE SAN NICOLÁS DE LOS GARZA", "NOM_ASEN": "ALBATERRA", "TIPO": "RESIDENCIAL", "Shape_Leng": 1066.3992408900001, "Shape_Area": 54515.841894700003 }, "geometry": { "type": "MultiPolygon", "coordinates": [ [ [ [ -100.24009700947164, 25.749686287491507 ], [ -100.240025878252951, 25.749557799693225 ], [ -100.239731103105044, 25.749025315657288 ], [ -100.239682688569616, 25.748937860646098 ], [ -100.239601447096746, 25.748791109309863 ], [ -100.23969222240143, 25.748735877185261 ], [ -100.239966803875021, 25.74868535186895 ], [ -100.240207977116867, 25.748647738732725 ], [ -100.243539259383979, 25.748022005677473 ], [ -100.243566980770666, 25.748022837404051 ], [ -100.243051445704296, 25.748485930129409 ], [ -100.242750868752935, 25.748774512683184 ], [ -100.242730737455716, 25.749045944588143 ], [ -100.242764827915863, 25.749473867623635 ], [ -100.242758164666668, 25.749506227956026 ], [ -100.242722009815409, 25.749931414031941 ], [ -100.242700807219919, 25.749923157254099 ], [ -100.241655934108636, 25.750111726102954 ], [ -100.241094157612736, 25.750209489226769 ], [ -100.240501135526657, 25.750311263136961 ], [ -100.240255500623306, 25.749931385650758 ], [ -100.24009700947164, 25.749686287491507 ] ] ] ] } },
{ "type": "Feature", "properties": { "CVEGEO": "1904600010455", "CVE_ENT": "19", "CVE_MUN": "046", "CVE_LOC": "0001", "CVE_ASEN": "0455", "CP": "66059", "FECHA_ACT": "11\/2022", "INSTITUCIO": "SECRETARÍA OBRAS PÚBLICAS Y DESARROLLO URBANO DEL MUNICIPIO DE SAN NICOLÁS DE LOS GARZA", "NOM_ASEN": "NINGUNO", "TIPO": "NINGUNO", "Shape_Leng": 2090.0119752599999, "Shape_Area": 177810.099625 }, "geometry": { "type": "MultiPolygon", "coordinates": [ [ [ [ -100.289751265708063, 25.731887359981467 ], [ -100.289765950063114, 25.731768999856865 ], [ -100.289792880043208, 25.73162364972417 ], [ -100.289867049600105, 25.73136543013883 ], [ -100.290009140165807, 25.731041150105128 ], [ -100.290035290328831, 25.730938119708892 ], [ -100.290004740134606, 25.730826029972054 ], [ -100.289961460298741, 25.73073823029614 ], [ -100.289773886166358, 25.730560800598358 ], [ -100.289658200336987, 25.730451370196668 ], [ -100.288844320844973, 25.72974324947759 ], [ -100.290873691595607, 25.725081970960431 ], [ -100.292792264347398, 25.725620003197662 ], [ -100.292689438709019, 25.72602832695755 ], [ -100.292563215390587, 25.726531413116547 ], [ -100.292426327538251, 25.727073144185358 ], [ -100.292294359131418, 25.727600403100194 ], [ -100.292159926549672, 25.728115916536701 ], [ -100.292029556024744, 25.728630085750606 ], [ -100.291890829954625, 25.729189124989762 ], [ -100.291738224078316, 25.729794291549744 ], [ -100.291606205193389, 25.730308518161539 ], [ -100.291472748460833, 25.730819915405498 ], [ -100.291338050666269, 25.731352956487903 ], [ -100.291208218168137, 25.731869119537979 ], [ -100.291074108252658, 25.732387755778387 ], [ -100.29088085527863, 25.73316746293078 ], [ -100.290795903623376, 25.733154689520106 ], [ -100.290572830279714, 25.733047612713587 ], [ -100.290378326868833, 25.732946919199502 ], [ -100.290272523668989, 25.732873504608879 ], [ -100.29010598025458, 25.732740790542504 ], [ -100.289972346680486, 25.732575738632079 ], [ -100.289898461354895, 25.732466394524455 ], [ -100.289821608231122, 25.73229398400543 ], [ -100.289775434180314, 25.732132930388609 ], [ -100.289751265708063, 25.731887359981467 ] ] ] ] } }
]
}
